remision_ref,orden,fecha,medio,institucion_contactada,contactado_por,respuesta
1,1,2026-04-20T12:32:00-05:00,telefono,Clínica Farallones,Enf. Luz Mery Rivas,Rechazan por no tener autorización de la EPS
1,2,2026-04-20T17:19:00-05:00,telefono,Clínica Nuestra Señora de los Remedios,Enf. Luz Mery Rivas,No hay especialista disponible
1,3,2026-04-20T20:18:00-05:00,telefono,Clínica Colombia Cali,Dra. Paola Muñoz,No hay especialista disponible
1,4,2026-04-20T23:35:00-05:00,telefono,Hospital San Juan de Dios Cali,Dr. Julián Mosquera,"Cama no disponible, llamar mañana"
1,5,2026-04-21T03:59:00-05:00,plataforma,Hospital Universitario del Valle,Enf. Jhon Fredy Balanta,"Cama no disponible, llamar mañana"
2,1,2026-05-30T13:56:00-05:00,telefono,Clínica Colombia Cali,Dr. Andrés Caicedo,Sin respuesta en la línea de referencia
2,2,2026-05-30T20:21:00-05:00,plataforma,Fundación Valle del Lili,Enf. Luz Mery Rivas,Servicio de hemodinamia sin disponibilidad
2,3,2026-05-31T00:08:00-05:00,telefono,Hospital Universitario del Valle,Dr. Julián Mosquera,Rechazan por no tener autorización de la EPS
2,4,2026-05-31T05:31:00-05:00,plataforma,Hospital Universitario del Valle,Dra. Paola Muñoz,"Cama no disponible, llamar mañana"
3,1,2026-04-13T17:53:00-05:00,telefono,Hospital Universitario del Valle,Enf. Luz Mery Rivas,"Acepta paciente, enviar en ambulancia medicalizada"
4,1,2026-05-04T18:08:00-05:00,correo,Fundación Valle del Lili,Dra. Carolina Ararat,"Acepta paciente, enviar en ambulancia medicalizada"
5,1,2026-09-11T20:50:00-05:00,telefono,Clínica Versalles,Enf. Luz Mery Rivas,No hay especialista disponible
5,2,2026-09-12T00:56:00-05:00,plataforma,Clínica Colombia Cali,Dra. Carolina Ararat,"Cama no disponible, llamar mañana"
5,3,2026-09-12T03:32:00-05:00,telefono,Clínica de Occidente,Dr. Andrés Caicedo,"Cama no disponible, llamar mañana"
5,4,2026-09-12T05:45:00-05:00,plataforma,Clínica Sebastián de Belalcázar,Enf. Jhon Fredy Balanta,Pendiente valoración del especialista de turno
6,1,2026-04-02T02:26:00-05:00,plataforma,Clínica Sebastián de Belalcázar,Dra. Paola Muñoz,Sin respuesta en la línea de referencia
6,2,2026-04-02T07:24:00-05:00,correo,Clínica Colombia Cali,Dr. Andrés Caicedo,No hay especialista disponible
6,3,2026-04-02T14:29:00-05:00,telefono,Fundación Valle del Lili,Dra. Paola Muñoz,No hay convenio con la EPS del paciente
6,4,2026-04-02T18:29:00-05:00,plataforma,Hospital San Juan de Dios Cali,Enf. Luz Mery Rivas,Rechazan por no tener autorización de la EPS
6,5,2026-04-02T22:17:00-05:00,telefono,Clínica Farallones,Dra. Paola Muñoz,No hay especialista disponible
7,1,2026-07-16T15:31:00-05:00,plataforma,Clínica Nuestra Señora de los Remedios,Enf. Luz Mery Rivas,Sin cupo en UCI
7,2,2026-07-16T17:51:00-05:00,telefono,Clínica Imbanaco,Dr. Julián Mosquera,No hay especialista disponible
7,3,2026-07-16T20:27:00-05:00,telefono,Clínica Sebastián de Belalcázar,Dr. Andrés Caicedo,Sin cupo en UCI
7,4,2026-07-16T23:44:00-05:00,plataforma,Clínica Versalles,Dr. Julián Mosquera,Llamar en 2 horas para confirmar cupo
8,1,2026-06-25T18:37:00-05:00,telefono,Clínica Imbanaco,Dra. Paola Muñoz,Rechazan por no tener autorización de la EPS
8,2,2026-06-25T20:18:00-05:00,telefono,Fundación Valle del Lili,Dr. Julián Mosquera,Sin cupo en UCI
8,3,2026-06-26T02:06:00-05:00,telefono,Clínica de Occidente,Enf. Jhon Fredy Balanta,"En estudio, solicitan enviar historia clínica"
9,1,2026-04-13T01:12:00-05:00,plataforma,Clínica Nuestra Señora de los Remedios,Dr. Julián Mosquera,Sin respuesta en la línea de referencia
9,2,2026-04-13T08:05:00-05:00,telefono,Clínica Farallones,Enf. Luz Mery Rivas,No hay convenio con la EPS del paciente
9,3,2026-04-13T12:39:00-05:00,telefono,Fundación Valle del Lili,Dr. Andrés Caicedo,No hay convenio con la EPS del paciente
9,4,2026-04-13T17:23:00-05:00,telefono,Clínica de Occidente,Dr. Julián Mosquera,Rechazan por no tener autorización de la EPS
9,5,2026-04-13T23:25:00-05:00,telefono,Clínica Versalles,Dr. Julián Mosquera,No hay convenio con la EPS del paciente
9,6,2026-04-14T02:16:00-05:00,telefono,Fundación Valle del Lili,Dr. Julián Mosquera,Servicio de hemodinamia sin disponibilidad
10,1,2026-07-12T07:38:00-05:00,telefono,Hospital Universitario del Valle,Dra. Paola Muñoz,"Acepta paciente, cama asignada"
11,1,2026-08-09T18:16:00-05:00,correo,Hospital Universitario San José (Popayán),Dra. Paola Muñoz,Servicio de hemodinamia sin disponibilidad
11,2,2026-08-09T21:45:00-05:00,plataforma,Fundación Valle del Lili,Enf. Luz Mery Rivas,No hay especialista disponible
11,3,2026-08-10T00:29:00-05:00,plataforma,Hospital Universitario del Valle,Dra. Paola Muñoz,Sin respuesta en la línea de referencia
11,4,2026-08-10T05:30:00-05:00,telefono,Hospital Universitario del Valle,Enf. Jhon Fredy Balanta,Llamar en 2 horas para confirmar cupo
12,1,2026-07-16T14:17:00-05:00,telefono,Fundación Valle del Lili,Enf. Jhon Fredy Balanta,Acepta paciente para valoración por especialista
13,1,2026-06-30T06:26:00-05:00,plataforma,Clínica Imbanaco,Dra. Paola Muñoz,Servicio de hemodinamia sin disponibilidad
13,2,2026-06-30T08:04:00-05:00,telefono,Hospital Universitario del Valle,Dr. Julián Mosquera,"Acepta paciente, enviar en ambulancia medicalizada"
14,1,2026-05-27T15:48:00-05:00,telefono,Clínica Imbanaco,Dra. Carolina Ararat,Sin cupo en UCI
14,2,2026-05-27T21:18:00-05:00,telefono,Hospital San Juan de Dios Cali,Enf. Luz Mery Rivas,No hay especialista disponible
14,3,2026-05-27T22:28:00-05:00,telefono,Hospital Universitario San José (Popayán),Dr. Andrés Caicedo,"Cama no disponible, llamar mañana"
14,4,2026-05-28T02:43:00-05:00,telefono,Clínica Versalles,Dra. Carolina Ararat,Servicio de hemodinamia sin disponibilidad
14,5,2026-05-28T04:45:00-05:00,plataforma,Clínica Sebastián de Belalcázar,Dr. Julián Mosquera,No hay especialista disponible
15,1,2026-06-14T04:30:00-05:00,telefono,Clínica Imbanaco,Dr. Julián Mosquera,Rechazan por no tener autorización de la EPS
15,2,2026-06-14T06:35:00-05:00,plataforma,Hospital Universitario San José (Popayán),Dr. Julián Mosquera,Sin respuesta en la línea de referencia
15,3,2026-06-14T09:21:00-05:00,correo,Hospital Universitario del Valle,Dra. Carolina Ararat,Llamar en 2 horas para confirmar cupo
16,1,2026-04-13T13:28:00-05:00,telefono,Hospital Universitario San José (Popayán),Enf. Jhon Fredy Balanta,Acepta paciente para valoración por especialista
17,1,2026-06-08T08:05:00-05:00,telefono,Clínica Colombia Cali,Dra. Paola Muñoz,"Cama no disponible, llamar mañana"
17,2,2026-06-08T13:44:00-05:00,telefono,Clínica Imbanaco,Dr. Julián Mosquera,Sin cupo en UCI
17,3,2026-06-08T15:47:00-05:00,telefono,Hospital Universitario San José (Popayán),Dra. Carolina Ararat,"Cama no disponible, llamar mañana"
17,4,2026-06-08T22:07:00-05:00,telefono,Fundación Valle del Lili,Enf. Luz Mery Rivas,No hay convenio con la EPS del paciente
17,5,2026-06-08T23:08:00-05:00,plataforma,Clínica de Occidente,Enf. Jhon Fredy Balanta,Sin cupo en UCI
17,6,2026-06-09T01:25:00-05:00,telefono,Fundación Valle del Lili,Enf. Jhon Fredy Balanta,Servicio de hemodinamia sin disponibilidad
18,1,2026-06-28T18:08:00-05:00,telefono,Clínica Versalles,Dr. Julián Mosquera,No hay convenio con la EPS del paciente
18,2,2026-06-28T22:07:00-05:00,telefono,Clínica Imbanaco,Dr. Julián Mosquera,Sin cupo en UCI
18,3,2026-06-29T04:34:00-05:00,plataforma,Clínica de Occidente,Dra. Carolina Ararat,Sin respuesta en la línea de referencia
18,4,2026-06-29T07:41:00-05:00,telefono,Hospital San Juan de Dios Cali,Dr. Andrés Caicedo,Sin cupo en UCI
19,1,2026-09-09T19:52:00-05:00,telefono,Clínica Nuestra Señora de los Remedios,Enf. Luz Mery Rivas,Sin cupo en UCI
19,2,2026-09-10T01:21:00-05:00,telefono,Clínica Versalles,Enf. Luz Mery Rivas,Sin respuesta en la línea de referencia
19,3,2026-09-10T04:07:00-05:00,telefono,Clínica Sebastián de Belalcázar,Dra. Carolina Ararat,No hay especialista disponible
19,4,2026-09-10T07:45:00-05:00,telefono,Hospital Universitario del Valle,Dra. Carolina Ararat,Sin respuesta en la línea de referencia
20,1,2026-08-13T03:34:00-05:00,telefono,Hospital Universitario del Valle,Enf. Luz Mery Rivas,"Acepta paciente, enviar en ambulancia medicalizada"
21,1,2026-03-30T09:28:00-05:00,telefono,Clínica Farallones,Dra. Paola Muñoz,"Acepta paciente, cama asignada"
22,1,2026-03-10T09:55:00-05:00,correo,Clínica Farallones,Dra. Carolina Ararat,Servicio de hemodinamia sin disponibilidad
22,2,2026-03-10T12:19:00-05:00,telefono,Clínica Versalles,Dr. Julián Mosquera,Servicio de hemodinamia sin disponibilidad
22,3,2026-03-10T18:12:00-05:00,plataforma,Hospital Universitario San José (Popayán),Dr. Julián Mosquera,Solicitan autorización de la EPS antes de aceptar
23,1,2026-07-13T10:21:00-05:00,plataforma,Hospital San Juan de Dios Cali,Enf. Luz Mery Rivas,"Cama no disponible, llamar mañana"
23,2,2026-07-13T16:03:00-05:00,telefono,Clínica Nuestra Señora de los Remedios,Dra. Paola Muñoz,No hay especialista disponible
23,3,2026-07-13T19:38:00-05:00,telefono,Clínica Imbanaco,Enf. Jhon Fredy Balanta,Rechazan por no tener autorización de la EPS
23,4,2026-07-13T22:33:00-05:00,telefono,Clínica Colombia Cali,Dr. Andrés Caicedo,"Cama no disponible, llamar mañana"
23,5,2026-07-14T01:00:00-05:00,telefono,Clínica Farallones,Enf. Jhon Fredy Balanta,No hay especialista disponible
24,1,2026-03-17T17:52:00-05:00,telefono,Clínica de Occidente,Enf. Jhon Fredy Balanta,Sin respuesta en la línea de referencia
24,2,2026-03-17T19:44:00-05:00,telefono,Clínica Farallones,Enf. Jhon Fredy Balanta,Sin respuesta en la línea de referencia
24,3,2026-03-18T00:16:00-05:00,telefono,Clínica Imbanaco,Enf. Luz Mery Rivas,No hay convenio con la EPS del paciente
24,4,2026-03-18T02:23:00-05:00,correo,Clínica de Occidente,Enf. Luz Mery Rivas,"En estudio, solicitan enviar historia clínica"
25,1,2026-05-21T18:05:00-05:00,plataforma,Hospital San Juan de Dios Cali,Enf. Luz Mery Rivas,Sin cupo en UCI
25,2,2026-05-21T22:10:00-05:00,correo,Clínica de Occidente,Dra. Carolina Ararat,"Cama no disponible, llamar mañana"
25,3,2026-05-22T04:34:00-05:00,plataforma,Hospital Universitario San José (Popayán),Dra. Carolina Ararat,Sin respuesta en la línea de referencia
25,4,2026-05-22T12:04:00-05:00,plataforma,Fundación Valle del Lili,Dra. Paola Muñoz,Servicio de hemodinamia sin disponibilidad
25,5,2026-05-22T16:45:00-05:00,telefono,Clínica Farallones,Dra. Carolina Ararat,Servicio de hemodinamia sin disponibilidad
25,6,2026-05-22T18:05:00-05:00,plataforma,Clínica Colombia Cali,Dr. Julián Mosquera,No hay especialista disponible
25,7,2026-05-22T22:31:00-05:00,correo,Hospital Universitario del Valle,Enf. Luz Mery Rivas,Servicio de hemodinamia sin disponibilidad
26,1,2026-04-01T06:30:00-05:00,telefono,Clínica Nuestra Señora de los Remedios,Dr. Julián Mosquera,"Acepta paciente, enviar en ambulancia medicalizada"
27,1,2026-05-07T11:37:00-05:00,telefono,Clínica Colombia Cali,Enf. Luz Mery Rivas,Rechazan por no tener autorización de la EPS
27,2,2026-05-07T15:05:00-05:00,telefono,Fundación Valle del Lili,Dr. Julián Mosquera,Servicio de hemodinamia sin disponibilidad
27,3,2026-05-07T18:57:00-05:00,plataforma,Hospital Universitario del Valle,Dra. Carolina Ararat,"En estudio, solicitan enviar historia clínica"
28,1,2026-05-03T08:27:00-05:00,correo,Hospital San Juan de Dios Cali,Enf. Jhon Fredy Balanta,No hay convenio con la EPS del paciente
28,2,2026-05-03T10:16:00-05:00,plataforma,Fundación Valle del Lili,Dr. Andrés Caicedo,"Acepta paciente, cama asignada"
29,1,2026-09-06T03:06:00-05:00,telefono,Clínica de Occidente,Dr. Andrés Caicedo,No hay convenio con la EPS del paciente
29,2,2026-09-06T04:25:00-05:00,telefono,Clínica Colombia Cali,Dra. Paola Muñoz,No hay convenio con la EPS del paciente
29,3,2026-09-06T08:04:00-05:00,telefono,Clínica Colombia Cali,Dra. Carolina Ararat,Solicitan autorización de la EPS antes de aceptar
30,1,2026-03-08T09:21:00-05:00,telefono,Clínica Imbanaco,Enf. Luz Mery Rivas,Acepta paciente para valoración por especialista
31,1,2026-03-24T14:48:00-05:00,telefono,Clínica Nuestra Señora de los Remedios,Dr. Andrés Caicedo,No hay especialista disponible
31,2,2026-03-24T16:05:00-05:00,telefono,Clínica Versalles,Dra. Paola Muñoz,"Acepta paciente, cama asignada"
32,1,2026-06-29T11:19:00-05:00,correo,Hospital Universitario del Valle,Enf. Luz Mery Rivas,Acepta paciente en UCI
33,1,2026-06-05T13:52:00-05:00,plataforma,Clínica Farallones,Dra. Paola Muñoz,No hay especialista disponible
33,2,2026-06-05T15:42:00-05:00,telefono,Clínica Versalles,Dr. Andrés Caicedo,"Acepta paciente, enviar en ambulancia medicalizada"
34,1,2026-08-13T01:49:00-05:00,plataforma,Clínica de Occidente,Dr. Julián Mosquera,Sin respuesta en la línea de referencia
34,2,2026-08-13T07:51:00-05:00,telefono,Clínica Colombia Cali,Dr. Andrés Caicedo,Servicio de hemodinamia sin disponibilidad
34,3,2026-08-13T14:21:00-05:00,correo,Hospital Universitario San José (Popayán),Dr. Andrés Caicedo,"Cama no disponible, llamar mañana"
34,4,2026-08-13T19:20:00-05:00,telefono,Clínica Farallones,Dra. Carolina Ararat,Servicio de hemodinamia sin disponibilidad
34,5,2026-08-13T21:28:00-05:00,plataforma,Fundación Valle del Lili,Dr. Julián Mosquera,Servicio de hemodinamia sin disponibilidad
34,6,2026-08-14T03:49:00-05:00,telefono,Clínica Imbanaco,Dra. Carolina Ararat,No hay especialista disponible
34,7,2026-08-14T07:45:00-05:00,telefono,Hospital San Juan de Dios Cali,Dra. Paola Muñoz,Sin cupo en UCI
35,1,2026-04-02T11:14:00-05:00,plataforma,Clínica Imbanaco,Dr. Julián Mosquera,Servicio de hemodinamia sin disponibilidad
35,2,2026-04-02T11:38:00-05:00,telefono,Hospital San Juan de Dios Cali,Enf. Luz Mery Rivas,"Acepta paciente, cama asignada"
36,1,2026-09-14T02:32:00-05:00,telefono,Clínica Sebastián de Belalcázar,Enf. Jhon Fredy Balanta,"Acepta paciente, cama asignada"
37,1,2026-03-30T07:09:00-05:00,telefono,Hospital Universitario del Valle,Dra. Carolina Ararat,Acepta paciente para valoración por especialista
38,1,2026-07-12T05:46:00-05:00,telefono,Clínica Versalles,Enf. Jhon Fredy Balanta,Sin respuesta en la línea de referencia
38,2,2026-07-12T10:33:00-05:00,telefono,Clínica Colombia Cali,Enf. Jhon Fredy Balanta,No hay convenio con la EPS del paciente
38,3,2026-07-12T15:32:00-05:00,plataforma,Clínica Imbanaco,Dr. Julián Mosquera,No hay especialista disponible
38,4,2026-07-12T22:42:00-05:00,telefono,Fundación Valle del Lili,Dra. Paola Muñoz,Servicio de hemodinamia sin disponibilidad
38,5,2026-07-13T02:07:00-05:00,telefono,Clínica Sebastián de Belalcázar,Dr. Julián Mosquera,No hay convenio con la EPS del paciente
38,6,2026-07-13T03:12:00-05:00,telefono,Clínica de Occidente,Dr. Julián Mosquera,No hay convenio con la EPS del paciente
39,1,2026-07-02T20:28:00-05:00,plataforma,Clínica Sebastián de Belalcázar,Dr. Andrés Caicedo,No hay especialista disponible
39,2,2026-07-02T22:28:00-05:00,telefono,Hospital Universitario del Valle,Enf. Jhon Fredy Balanta,Acepta paciente para valoración por especialista
40,1,2026-03-15T02:48:00-05:00,telefono,Clínica Colombia Cali,Enf. Jhon Fredy Balanta,"Cama no disponible, llamar mañana"
40,2,2026-03-15T09:55:00-05:00,telefono,Clínica Sebastián de Belalcázar,Dra. Paola Muñoz,Sin cupo en UCI
40,3,2026-03-15T17:33:00-05:00,plataforma,Hospital Universitario San José (Popayán),Dra. Paola Muñoz,No hay convenio con la EPS del paciente
40,4,2026-03-15T20:03:00-05:00,plataforma,Clínica Versalles,Dr. Andrés Caicedo,"Cama no disponible, llamar mañana"
40,5,2026-03-15T21:09:00-05:00,correo,Clínica Colombia Cali,Enf. Jhon Fredy Balanta,Sin cupo en UCI
41,1,2026-08-27T09:30:00-05:00,plataforma,Clínica Imbanaco,Dr. Julián Mosquera,No hay convenio con la EPS del paciente
41,2,2026-08-27T14:19:00-05:00,telefono,Clínica Nuestra Señora de los Remedios,Enf. Jhon Fredy Balanta,Sin cupo en UCI
41,3,2026-08-27T18:29:00-05:00,plataforma,Clínica Versalles,Enf. Luz Mery Rivas,Pendiente valoración del especialista de turno
42,1,2026-07-26T06:41:00-05:00,telefono,Clínica Versalles,Dra. Carolina Ararat,Rechazan por no tener autorización de la EPS
42,2,2026-07-26T09:17:00-05:00,plataforma,Clínica Imbanaco,Enf. Luz Mery Rivas,No hay especialista disponible
42,3,2026-07-26T16:37:00-05:00,telefono,Hospital Universitario San José (Popayán),Dra. Paola Muñoz,Sin cupo en UCI
42,4,2026-07-26T23:20:00-05:00,plataforma,Clínica de Occidente,Dra. Carolina Ararat,Servicio de hemodinamia sin disponibilidad
42,5,2026-07-27T03:31:00-05:00,telefono,Clínica de Occidente,Dr. Julián Mosquera,"Cama no disponible, llamar mañana"
43,1,2026-04-25T14:41:00-05:00,plataforma,Clínica Colombia Cali,Dra. Carolina Ararat,Sin cupo en UCI
43,2,2026-04-25T19:21:00-05:00,plataforma,Hospital San Juan de Dios Cali,Enf. Luz Mery Rivas,Rechazan por no tener autorización de la EPS
43,3,2026-04-25T23:09:00-05:00,telefono,Fundación Valle del Lili,Enf. Luz Mery Rivas,Sin cupo en UCI
43,4,2026-04-26T06:13:00-05:00,telefono,Clínica Versalles,Enf. Luz Mery Rivas,Sin respuesta en la línea de referencia
43,5,2026-04-26T11:51:00-05:00,telefono,Clínica Imbanaco,Dr. Andrés Caicedo,Sin cupo en UCI
44,1,2026-08-03T03:44:00-05:00,telefono,Clínica Nuestra Señora de los Remedios,Enf. Luz Mery Rivas,Sin respuesta en la línea de referencia
44,2,2026-08-03T05:36:00-05:00,telefono,Hospital San Juan de Dios Cali,Enf. Jhon Fredy Balanta,No hay convenio con la EPS del paciente
44,3,2026-08-03T08:42:00-05:00,telefono,Clínica Imbanaco,Enf. Jhon Fredy Balanta,Rechazan por no tener autorización de la EPS
44,4,2026-08-03T11:09:00-05:00,telefono,Clínica Versalles,Enf. Jhon Fredy Balanta,Sin respuesta en la línea de referencia
44,5,2026-08-03T12:28:00-05:00,plataforma,Hospital Universitario San José (Popayán),Dr. Andrés Caicedo,Servicio de hemodinamia sin disponibilidad
44,6,2026-08-03T19:01:00-05:00,plataforma,Hospital Universitario del Valle,Dra. Carolina Ararat,"Cama no disponible, llamar mañana"
44,7,2026-08-04T02:18:00-05:00,telefono,Hospital Universitario del Valle,Enf. Luz Mery Rivas,Sin respuesta en la línea de referencia
45,1,2026-07-23T17:47:00-05:00,plataforma,Clínica Sebastián de Belalcázar,Enf. Luz Mery Rivas,Sin cupo en UCI
45,2,2026-07-23T21:54:00-05:00,telefono,Hospital Universitario San José (Popayán),Dr. Julián Mosquera,Rechazan por no tener autorización de la EPS
45,3,2026-07-24T00:04:00-05:00,telefono,Hospital San Juan de Dios Cali,Enf. Luz Mery Rivas,No hay especialista disponible
45,4,2026-07-24T04:46:00-05:00,correo,Clínica Colombia Cali,Dr. Julián Mosquera,"En estudio, solicitan enviar historia clínica"
46,1,2026-08-27T20:59:00-05:00,plataforma,Clínica Farallones,Dr. Julián Mosquera,No hay especialista disponible
46,2,2026-08-28T00:19:00-05:00,telefono,Clínica Sebastián de Belalcázar,Dr. Andrés Caicedo,No hay convenio con la EPS del paciente
46,3,2026-08-28T06:03:00-05:00,telefono,Clínica Versalles,Dra. Carolina Ararat,Servicio de hemodinamia sin disponibilidad
46,4,2026-08-28T07:08:00-05:00,plataforma,Hospital San Juan de Dios Cali,Enf. Jhon Fredy Balanta,Llamar en 2 horas para confirmar cupo
47,1,2026-06-18T13:38:00-05:00,plataforma,Clínica Sebastián de Belalcázar,Enf. Luz Mery Rivas,Sin cupo en UCI
47,2,2026-06-18T17:53:00-05:00,telefono,Clínica Versalles,Dr. Julián Mosquera,"Cama no disponible, llamar mañana"
47,3,2026-06-18T20:07:00-05:00,telefono,Clínica Farallones,Enf. Luz Mery Rivas,Servicio de hemodinamia sin disponibilidad
47,4,2026-06-18T21:46:00-05:00,telefono,Clínica Imbanaco,Dra. Paola Muñoz,Rechazan por no tener autorización de la EPS
47,5,2026-06-19T00:20:00-05:00,telefono,Clínica Colombia Cali,Enf. Luz Mery Rivas,Rechazan por no tener autorización de la EPS
47,6,2026-06-19T02:25:00-05:00,telefono,Clínica Farallones,Dr. Andrés Caicedo,Rechazan por no tener autorización de la EPS
48,1,2026-07-05T03:42:00-05:00,correo,Hospital San Juan de Dios Cali,Enf. Luz Mery Rivas,Sin respuesta en la línea de referencia
48,2,2026-07-05T09:12:00-05:00,plataforma,Clínica Nuestra Señora de los Remedios,Enf. Jhon Fredy Balanta,Rechazan por no tener autorización de la EPS
48,3,2026-07-05T13:42:00-05:00,telefono,Hospital Universitario San José (Popayán),Enf. Jhon Fredy Balanta,Sin cupo en UCI
48,4,2026-07-05T18:54:00-05:00,telefono,Clínica Versalles,Dr. Julián Mosquera,Llamar en 2 horas para confirmar cupo
49,1,2026-03-11T00:19:00-05:00,telefono,Clínica Versalles,Dra. Carolina Ararat,Rechazan por no tener autorización de la EPS
49,2,2026-03-11T08:07:00-05:00,telefono,Hospital San Juan de Dios Cali,Dr. Julián Mosquera,Servicio de hemodinamia sin disponibilidad
49,3,2026-03-11T14:07:00-05:00,telefono,Clínica Imbanaco,Dr. Julián Mosquera,Sin cupo en UCI
49,4,2026-03-11T20:05:00-05:00,correo,Clínica Colombia Cali,Dr. Andrés Caicedo,No hay especialista disponible
49,5,2026-03-12T03:23:00-05:00,telefono,Clínica Nuestra Señora de los Remedios,Dr. Julián Mosquera,"Cama no disponible, llamar mañana"
50,1,2026-05-23T20:51:00-05:00,telefono,Clínica Farallones,Dr. Andrés Caicedo,No hay convenio con la EPS del paciente
50,2,2026-05-23T22:37:00-05:00,telefono,Clínica de Occidente,Dr. Andrés Caicedo,Rechazan por no tener autorización de la EPS
50,3,2026-05-24T06:09:00-05:00,telefono,Hospital Universitario San José (Popayán),Dr. Andrés Caicedo,No hay convenio con la EPS del paciente
50,4,2026-05-24T13:21:00-05:00,telefono,Hospital San Juan de Dios Cali,Dra. Paola Muñoz,Sin respuesta en la línea de referencia
50,5,2026-05-24T16:52:00-05:00,telefono,Clínica Imbanaco,Dr. Julián Mosquera,Rechazan por no tener autorización de la EPS
50,6,2026-05-24T20:14:00-05:00,telefono,Clínica Nuestra Señora de los Remedios,Dr. Andrés Caicedo,"Cama no disponible, llamar mañana"
50,7,2026-05-24T22:16:00-05:00,telefono,Hospital San Juan de Dios Cali,Enf. Luz Mery Rivas,Rechazan por no tener autorización de la EPS
51,1,2026-05-12T03:19:00-05:00,plataforma,Fundación Valle del Lili,Enf. Luz Mery Rivas,Rechazan por no tener autorización de la EPS
51,2,2026-05-12T09:44:00-05:00,telefono,Clínica Nuestra Señora de los Remedios,Dra. Paola Muñoz,No hay convenio con la EPS del paciente
51,3,2026-05-12T11:24:00-05:00,telefono,Clínica Sebastián de Belalcázar,Dra. Carolina Ararat,No hay especialista disponible
51,4,2026-05-12T15:17:00-05:00,telefono,Clínica Colombia Cali,Enf. Jhon Fredy Balanta,No hay especialista disponible
51,5,2026-05-12T21:30:00-05:00,telefono,Clínica Imbanaco,Dra. Paola Muñoz,No hay especialista disponible
51,6,2026-05-12T22:54:00-05:00,telefono,Hospital Universitario San José (Popayán),Dr. Julián Mosquera,No hay especialista disponible
52,1,2026-08-08T10:36:00-05:00,telefono,Clínica Versalles,Dr. Andrés Caicedo,"Cama no disponible, llamar mañana"
52,2,2026-08-08T12:00:00-05:00,telefono,Clínica Imbanaco,Enf. Luz Mery Rivas,No hay especialista disponible
52,3,2026-08-08T15:11:00-05:00,telefono,Hospital Universitario del Valle,Dr. Andrés Caicedo,"Cama no disponible, llamar mañana"
52,4,2026-08-08T18:03:00-05:00,plataforma,Hospital Universitario del Valle,Dr. Andrés Caicedo,"Cama no disponible, llamar mañana"
53,1,2026-06-21T18:49:00-05:00,plataforma,Hospital Universitario San José (Popayán),Dr. Andrés Caicedo,Acepta paciente en UCI
54,1,2026-04-24T15:14:00-05:00,plataforma,Clínica Imbanaco,Dra. Carolina Ararat,Servicio de hemodinamia sin disponibilidad
54,2,2026-04-24T18:05:00-05:00,telefono,Clínica Sebastián de Belalcázar,Enf. Luz Mery Rivas,No hay convenio con la EPS del paciente
54,3,2026-04-24T21:07:00-05:00,telefono,Clínica Nuestra Señora de los Remedios,Enf. Luz Mery Rivas,Rechazan por no tener autorización de la EPS
54,4,2026-04-25T04:00:00-05:00,telefono,Clínica de Occidente,Enf. Jhon Fredy Balanta,No hay convenio con la EPS del paciente
54,5,2026-04-25T09:01:00-05:00,telefono,Clínica Nuestra Señora de los Remedios,Dra. Carolina Ararat,Sin cupo en UCI
55,1,2026-05-15T21:02:00-05:00,correo,Clínica de Occidente,Dra. Paola Muñoz,Sin respuesta en la línea de referencia
55,2,2026-05-16T00:46:00-05:00,telefono,Clínica Nuestra Señora de los Remedios,Enf. Jhon Fredy Balanta,Sin cupo en UCI
55,3,2026-05-16T04:39:00-05:00,telefono,Hospital Universitario San José (Popayán),Enf. Luz Mery Rivas,No hay convenio con la EPS del paciente
55,4,2026-05-16T11:17:00-05:00,correo,Clínica Sebastián de Belalcázar,Dra. Paola Muñoz,No hay especialista disponible
55,5,2026-05-16T15:23:00-05:00,correo,Clínica Colombia Cali,Dra. Paola Muñoz,Servicio de hemodinamia sin disponibilidad
55,6,2026-05-16T20:51:00-05:00,telefono,Clínica Versalles,Dra. Carolina Ararat,Servicio de hemodinamia sin disponibilidad
55,7,2026-05-17T04:25:00-05:00,telefono,Clínica Farallones,Dr. Andrés Caicedo,"Cama no disponible, llamar mañana"
56,1,2026-06-08T16:38:00-05:00,telefono,Hospital Universitario del Valle,Dr. Julián Mosquera,"Acepta paciente, cama asignada"
57,1,2026-03-12T15:07:00-05:00,telefono,Hospital Universitario San José (Popayán),Enf. Jhon Fredy Balanta,Acepta paciente en UCI
58,1,2026-04-30T01:43:00-05:00,plataforma,Clínica Imbanaco,Dr. Julián Mosquera,Acepta paciente para valoración por especialista
59,1,2026-06-25T11:56:00-05:00,telefono,Fundación Valle del Lili,Dr. Julián Mosquera,No hay convenio con la EPS del paciente
59,2,2026-06-25T14:01:00-05:00,telefono,Clínica Colombia Cali,Dra. Paola Muñoz,Rechazan por no tener autorización de la EPS
59,3,2026-06-25T16:12:00-05:00,plataforma,Hospital Universitario del Valle,Dr. Julián Mosquera,Servicio de hemodinamia sin disponibilidad
59,4,2026-06-25T20:31:00-05:00,telefono,Clínica Nuestra Señora de los Remedios,Dr. Andrés Caicedo,No hay convenio con la EPS del paciente
59,5,2026-06-26T01:05:00-05:00,telefono,Hospital San Juan de Dios Cali,Dr. Julián Mosquera,Servicio de hemodinamia sin disponibilidad
59,6,2026-06-26T07:17:00-05:00,correo,Clínica Versalles,Dra. Carolina Ararat,Sin cupo en UCI
59,7,2026-06-26T13:53:00-05:00,telefono,Hospital Universitario del Valle,Dr. Julián Mosquera,Rechazan por no tener autorización de la EPS
60,1,2026-09-15T10:46:00-05:00,telefono,Clínica Imbanaco,Enf. Jhon Fredy Balanta,Rechazan por no tener autorización de la EPS
60,2,2026-09-15T18:05:00-05:00,telefono,Hospital Universitario San José (Popayán),Dra. Carolina Ararat,Sin cupo en UCI
60,3,2026-09-15T20:27:00-05:00,correo,Clínica Versalles,Enf. Luz Mery Rivas,Rechazan por no tener autorización de la EPS
60,4,2026-09-16T00:30:00-05:00,telefono,Fundación Valle del Lili,Dr. Julián Mosquera,Sin respuesta en la línea de referencia
60,5,2026-09-16T03:39:00-05:00,correo,Clínica Farallones,Enf. Luz Mery Rivas,Sin cupo en UCI
60,6,2026-09-16T06:04:00-05:00,telefono,Clínica de Occidente,Dr. Julián Mosquera,"Cama no disponible, llamar mañana"
60,7,2026-09-16T10:47:00-05:00,correo,Hospital Universitario San José (Popayán),Enf. Luz Mery Rivas,"Cama no disponible, llamar mañana"
61,1,2026-09-02T21:04:00-05:00,plataforma,Clínica de Occidente,Enf. Jhon Fredy Balanta,Sin cupo en UCI
61,2,2026-09-02T22:17:00-05:00,plataforma,Clínica Sebastián de Belalcázar,Enf. Jhon Fredy Balanta,"Cama no disponible, llamar mañana"
61,3,2026-09-03T03:30:00-05:00,plataforma,Hospital San Juan de Dios Cali,Dra. Carolina Ararat,Sin respuesta en la línea de referencia
61,4,2026-09-03T05:37:00-05:00,plataforma,Clínica Versalles,Dr. Andrés Caicedo,Llamar en 2 horas para confirmar cupo
62,1,2026-06-17T17:58:00-05:00,telefono,Hospital Universitario del Valle,Dra. Paola Muñoz,Acepta paciente para valoración por especialista
63,1,2026-07-01T12:16:00-05:00,telefono,Hospital San Juan de Dios Cali,Dra. Paola Muñoz,Acepta paciente para valoración por especialista
64,1,2026-03-16T17:13:00-05:00,plataforma,Clínica Sebastián de Belalcázar,Dr. Andrés Caicedo,Rechazan por no tener autorización de la EPS
64,2,2026-03-16T17:32:00-05:00,telefono,Fundación Valle del Lili,Dr. Andrés Caicedo,"Acepta paciente, enviar en ambulancia medicalizada"
65,1,2026-06-22T03:48:00-05:00,correo,Hospital Universitario del Valle,Enf. Jhon Fredy Balanta,"Acepta paciente, enviar en ambulancia medicalizada"
66,1,2026-06-02T05:22:00-05:00,correo,Clínica Farallones,Dr. Julián Mosquera,Servicio de hemodinamia sin disponibilidad
66,2,2026-06-02T11:59:00-05:00,telefono,Clínica de Occidente,Enf. Luz Mery Rivas,Sin cupo en UCI
66,3,2026-06-02T19:32:00-05:00,telefono,Hospital San Juan de Dios Cali,Dra. Paola Muñoz,Servicio de hemodinamia sin disponibilidad
66,4,2026-06-02T23:44:00-05:00,plataforma,Fundación Valle del Lili,Dr. Andrés Caicedo,Servicio de hemodinamia sin disponibilidad
67,1,2026-05-12T07:59:00-05:00,plataforma,Clínica Sebastián de Belalcázar,Dra. Carolina Ararat,Servicio de hemodinamia sin disponibilidad
67,2,2026-05-12T09:29:00-05:00,telefono,Clínica Farallones,Dra. Carolina Ararat,Acepta paciente para valoración por especialista
68,1,2026-06-14T08:26:00-05:00,telefono,Fundación Valle del Lili,Dra. Paola Muñoz,Rechazan por no tener autorización de la EPS
68,2,2026-06-14T10:25:00-05:00,telefono,Clínica Colombia Cali,Enf. Luz Mery Rivas,"Cama no disponible, llamar mañana"
68,3,2026-06-14T14:23:00-05:00,correo,Hospital Universitario San José (Popayán),Enf. Luz Mery Rivas,Servicio de hemodinamia sin disponibilidad
68,4,2026-06-14T15:57:00-05:00,telefono,Hospital Universitario del Valle,Dra. Carolina Ararat,Llamar en 2 horas para confirmar cupo
69,1,2026-05-18T21:12:00-05:00,telefono,Clínica Farallones,Enf. Luz Mery Rivas,Rechazan por no tener autorización de la EPS
69,2,2026-05-19T04:21:00-05:00,telefono,Clínica Imbanaco,Enf. Jhon Fredy Balanta,"Cama no disponible, llamar mañana"
69,3,2026-05-19T07:20:00-05:00,telefono,Clínica Versalles,Dra. Carolina Ararat,Servicio de hemodinamia sin disponibilidad
69,4,2026-05-19T09:13:00-05:00,plataforma,Clínica Farallones,Enf. Luz Mery Rivas,"Cama no disponible, llamar mañana"
70,1,2026-03-09T04:36:00-05:00,telefono,Fundación Valle del Lili,Dra. Paola Muñoz,"Acepta paciente, cama asignada"
71,1,2026-05-28T04:23:00-05:00,plataforma,Clínica Farallones,Dra. Paola Muñoz,"Cama no disponible, llamar mañana"
71,2,2026-05-28T05:13:00-05:00,telefono,Hospital Universitario del Valle,Enf. Jhon Fredy Balanta,"Acepta paciente, enviar en ambulancia medicalizada"
72,1,2026-05-08T16:52:00-05:00,plataforma,Clínica Nuestra Señora de los Remedios,Dra. Carolina Ararat,No hay especialista disponible
72,2,2026-05-09T00:02:00-05:00,telefono,Clínica Versalles,Enf. Jhon Fredy Balanta,Servicio de hemodinamia sin disponibilidad
72,3,2026-05-09T08:00:00-05:00,plataforma,Clínica Sebastián de Belalcázar,Dr. Julián Mosquera,Servicio de hemodinamia sin disponibilidad
72,4,2026-05-09T13:53:00-05:00,plataforma,Clínica de Occidente,Dr. Julián Mosquera,Sin respuesta en la línea de referencia
73,1,2026-08-27T12:35:00-05:00,plataforma,Clínica Versalles,Dr. Julián Mosquera,Acepta paciente en UCI
74,1,2026-09-05T09:15:00-05:00,plataforma,Fundación Valle del Lili,Dra. Carolina Ararat,Acepta paciente en UCI
75,1,2026-04-30T09:43:00-05:00,telefono,Hospital San Juan de Dios Cali,Enf. Jhon Fredy Balanta,Sin cupo en UCI
75,2,2026-04-30T17:11:00-05:00,telefono,Clínica Imbanaco,Enf. Luz Mery Rivas,No hay convenio con la EPS del paciente
75,3,2026-04-30T18:14:00-05:00,telefono,Clínica Versalles,Enf. Luz Mery Rivas,Servicio de hemodinamia sin disponibilidad
75,4,2026-04-30T19:59:00-05:00,telefono,Clínica Sebastián de Belalcázar,Dr. Andrés Caicedo,No hay convenio con la EPS del paciente
75,5,2026-05-01T02:31:00-05:00,telefono,Hospital Universitario San José (Popayán),Dra. Carolina Ararat,No hay convenio con la EPS del paciente
75,6,2026-05-01T09:05:00-05:00,telefono,Fundación Valle del Lili,Dr. Julián Mosquera,Sin respuesta en la línea de referencia
76,1,2026-07-06T08:01:00-05:00,plataforma,Clínica Nuestra Señora de los Remedios,Enf. Jhon Fredy Balanta,Acepta paciente en UCI
77,1,2026-04-13T16:07:00-05:00,telefono,Hospital Universitario San José (Popayán),Dra. Carolina Ararat,Sin respuesta en la línea de referencia
77,2,2026-04-13T18:47:00-05:00,plataforma,Clínica de Occidente,Dra. Carolina Ararat,No hay especialista disponible
77,3,2026-04-13T21:36:00-05:00,plataforma,Clínica Imbanaco,Dra. Paola Muñoz,Sin cupo en UCI
77,4,2026-04-13T23:11:00-05:00,telefono,Clínica Imbanaco,Dra. Paola Muñoz,Solicitan autorización de la EPS antes de aceptar
78,1,2026-09-02T20:49:00-05:00,telefono,Clínica de Occidente,Enf. Luz Mery Rivas,Sin cupo en UCI
78,2,2026-09-03T02:30:00-05:00,plataforma,Clínica Colombia Cali,Dr. Julián Mosquera,Rechazan por no tener autorización de la EPS
78,3,2026-09-03T05:46:00-05:00,telefono,Clínica de Occidente,Enf. Jhon Fredy Balanta,Pendiente valoración del especialista de turno
79,1,2026-09-13T07:42:00-05:00,telefono,Fundación Valle del Lili,Dra. Paola Muñoz,Sin cupo en UCI
79,2,2026-09-13T12:39:00-05:00,correo,Clínica Farallones,Dra. Carolina Ararat,Servicio de hemodinamia sin disponibilidad
79,3,2026-09-13T17:19:00-05:00,telefono,Clínica Colombia Cali,Dr. Andrés Caicedo,Llamar en 2 horas para confirmar cupo
80,1,2026-03-23T11:13:00-05:00,telefono,Clínica Sebastián de Belalcázar,Dra. Carolina Ararat,No hay especialista disponible
80,2,2026-03-23T13:44:00-05:00,telefono,Clínica Nuestra Señora de los Remedios,Dra. Paola Muñoz,Sin cupo en UCI
80,3,2026-03-23T17:22:00-05:00,telefono,Hospital Universitario del Valle,Enf. Luz Mery Rivas,"En estudio, solicitan enviar historia clínica"
81,1,2026-06-25T04:21:00-05:00,plataforma,Clínica Farallones,Dra. Paola Muñoz,Sin cupo en UCI
81,2,2026-06-25T06:10:00-05:00,plataforma,Clínica Sebastián de Belalcázar,Dra. Paola Muñoz,Servicio de hemodinamia sin disponibilidad
81,3,2026-06-25T10:19:00-05:00,telefono,Hospital Universitario San José (Popayán),Dra. Carolina Ararat,Llamar en 2 horas para confirmar cupo
82,1,2026-03-20T11:28:00-05:00,telefono,Clínica Versalles,Dr. Julián Mosquera,"Acepta paciente, enviar en ambulancia medicalizada"
83,1,2026-06-04T07:47:00-05:00,plataforma,Clínica Colombia Cali,Dra. Carolina Ararat,Sin respuesta en la línea de referencia
83,2,2026-06-04T15:40:00-05:00,correo,Clínica Versalles,Enf. Luz Mery Rivas,Sin respuesta en la línea de referencia
83,3,2026-06-04T22:24:00-05:00,telefono,Clínica Sebastián de Belalcázar,Dr. Julián Mosquera,Sin cupo en UCI
83,4,2026-06-05T01:05:00-05:00,telefono,Clínica Imbanaco,Dr. Andrés Caicedo,Sin respuesta en la línea de referencia
84,1,2026-06-25T01:32:00-05:00,telefono,Clínica Colombia Cali,Enf. Jhon Fredy Balanta,Servicio de hemodinamia sin disponibilidad
84,2,2026-06-25T04:04:00-05:00,plataforma,Clínica Farallones,Dra. Paola Muñoz,Rechazan por no tener autorización de la EPS
84,3,2026-06-25T08:10:00-05:00,telefono,Hospital Universitario San José (Popayán),Dra. Carolina Ararat,Sin respuesta en la línea de referencia
84,4,2026-06-25T15:12:00-05:00,telefono,Clínica Versalles,Dr. Andrés Caicedo,"Cama no disponible, llamar mañana"
84,5,2026-06-25T20:25:00-05:00,plataforma,Fundación Valle del Lili,Dr. Andrés Caicedo,No hay convenio con la EPS del paciente
84,6,2026-06-25T23:41:00-05:00,telefono,Clínica Imbanaco,Enf. Jhon Fredy Balanta,"Cama no disponible, llamar mañana"
84,7,2026-06-26T02:09:00-05:00,telefono,Clínica Colombia Cali,Dr. Julián Mosquera,Sin cupo en UCI
85,1,2026-08-11T16:20:00-05:00,plataforma,Fundación Valle del Lili,Enf. Luz Mery Rivas,"Cama no disponible, llamar mañana"
85,2,2026-08-11T17:21:00-05:00,plataforma,Clínica Versalles,Dr. Andrés Caicedo,No hay especialista disponible
85,3,2026-08-11T23:12:00-05:00,telefono,Clínica de Occidente,Dra. Paola Muñoz,No hay especialista disponible
85,4,2026-08-12T01:56:00-05:00,plataforma,Clínica Imbanaco,Dra. Carolina Ararat,No hay convenio con la EPS del paciente
85,5,2026-08-12T03:20:00-05:00,telefono,Hospital Universitario San José (Popayán),Enf. Luz Mery Rivas,Servicio de hemodinamia sin disponibilidad
85,6,2026-08-12T09:49:00-05:00,telefono,Hospital San Juan de Dios Cali,Dr. Julián Mosquera,Rechazan por no tener autorización de la EPS
85,7,2026-08-12T16:28:00-05:00,telefono,Hospital Universitario del Valle,Enf. Luz Mery Rivas,"Cama no disponible, llamar mañana"
86,1,2026-05-22T12:46:00-05:00,telefono,Clínica Versalles,Dr. Andrés Caicedo,"Cama no disponible, llamar mañana"
86,2,2026-05-22T17:53:00-05:00,telefono,Fundación Valle del Lili,Dr. Julián Mosquera,Sin cupo en UCI
86,3,2026-05-22T21:14:00-05:00,telefono,Clínica Nuestra Señora de los Remedios,Enf. Luz Mery Rivas,Llamar en 2 horas para confirmar cupo
87,1,2026-06-08T04:10:00-05:00,telefono,Clínica de Occidente,Enf. Jhon Fredy Balanta,Servicio de hemodinamia sin disponibilidad
87,2,2026-06-08T10:40:00-05:00,telefono,Clínica Nuestra Señora de los Remedios,Enf. Jhon Fredy Balanta,No hay especialista disponible
87,3,2026-06-08T13:58:00-05:00,telefono,Clínica Versalles,Dra. Paola Muñoz,No hay convenio con la EPS del paciente
87,4,2026-06-08T17:39:00-05:00,plataforma,Clínica Farallones,Enf. Luz Mery Rivas,No hay especialista disponible
87,5,2026-06-08T19:55:00-05:00,telefono,Hospital San Juan de Dios Cali,Dr. Andrés Caicedo,No hay especialista disponible
87,6,2026-06-08T20:58:00-05:00,telefono,Clínica Sebastián de Belalcázar,Dra. Paola Muñoz,Servicio de hemodinamia sin disponibilidad
88,1,2026-08-15T07:54:00-05:00,plataforma,Hospital San Juan de Dios Cali,Dr. Andrés Caicedo,Sin cupo en UCI
88,2,2026-08-15T10:25:00-05:00,telefono,Hospital Universitario San José (Popayán),Dra. Carolina Ararat,No hay especialista disponible
88,3,2026-08-15T13:51:00-05:00,plataforma,Fundación Valle del Lili,Dr. Andrés Caicedo,No hay convenio con la EPS del paciente
88,4,2026-08-15T15:00:00-05:00,plataforma,Clínica Nuestra Señora de los Remedios,Enf. Luz Mery Rivas,No hay convenio con la EPS del paciente
88,5,2026-08-15T17:22:00-05:00,telefono,Clínica Colombia Cali,Dr. Andrés Caicedo,"Cama no disponible, llamar mañana"
89,1,2026-05-02T00:43:00-05:00,telefono,Clínica Versalles,Dr. Andrés Caicedo,No hay convenio con la EPS del paciente
89,2,2026-05-02T01:47:00-05:00,telefono,Clínica Sebastián de Belalcázar,Enf. Luz Mery Rivas,"Acepta paciente, enviar en ambulancia medicalizada"
90,1,2026-06-06T11:39:00-05:00,telefono,Clínica Colombia Cali,Dra. Paola Muñoz,Sin respuesta en la línea de referencia
90,2,2026-06-06T19:05:00-05:00,plataforma,Clínica Farallones,Dr. Julián Mosquera,Sin cupo en UCI
90,3,2026-06-06T20:20:00-05:00,plataforma,Clínica Imbanaco,Dr. Andrés Caicedo,Sin cupo en UCI
90,4,2026-06-06T22:11:00-05:00,correo,Fundación Valle del Lili,Enf. Luz Mery Rivas,Sin cupo en UCI
90,5,2026-06-07T01:23:00-05:00,telefono,Clínica Versalles,Enf. Luz Mery Rivas,Rechazan por no tener autorización de la EPS
90,6,2026-06-07T08:34:00-05:00,plataforma,Clínica Sebastián de Belalcázar,Dr. Julián Mosquera,Rechazan por no tener autorización de la EPS
90,7,2026-06-07T10:24:00-05:00,telefono,Hospital Universitario del Valle,Dr. Julián Mosquera,Sin cupo en UCI
91,1,2026-05-06T15:23:00-05:00,telefono,Hospital San Juan de Dios Cali,Dr. Andrés Caicedo,Sin cupo en UCI
91,2,2026-05-06T15:57:00-05:00,plataforma,Clínica de Occidente,Dra. Paola Muñoz,"Acepta paciente, enviar en ambulancia medicalizada"
92,1,2026-07-21T10:35:00-05:00,telefono,Clínica Farallones,Dr. Julián Mosquera,No hay especialista disponible
92,2,2026-07-21T17:11:00-05:00,plataforma,Hospital San Juan de Dios Cali,Enf. Luz Mery Rivas,Sin cupo en UCI
92,3,2026-07-21T20:55:00-05:00,telefono,Hospital Universitario San José (Popayán),Enf. Luz Mery Rivas,No hay especialista disponible
92,4,2026-07-22T01:59:00-05:00,telefono,Clínica Nuestra Señora de los Remedios,Dr. Julián Mosquera,Servicio de hemodinamia sin disponibilidad
92,5,2026-07-22T06:43:00-05:00,telefono,Clínica Colombia Cali,Enf. Luz Mery Rivas,Rechazan por no tener autorización de la EPS
92,6,2026-07-22T12:02:00-05:00,telefono,Clínica Sebastián de Belalcázar,Enf. Jhon Fredy Balanta,Sin cupo en UCI
92,7,2026-07-22T14:46:00-05:00,plataforma,Clínica Nuestra Señora de los Remedios,Enf. Jhon Fredy Balanta,Sin respuesta en la línea de referencia
93,1,2026-07-27T01:27:00-05:00,correo,Clínica de Occidente,Dra. Paola Muñoz,Sin cupo en UCI
93,2,2026-07-27T02:41:00-05:00,correo,Clínica Imbanaco,Dr. Julián Mosquera,Servicio de hemodinamia sin disponibilidad
93,3,2026-07-27T05:08:00-05:00,plataforma,Hospital Universitario San José (Popayán),Dra. Paola Muñoz,Sin cupo en UCI
93,4,2026-07-27T12:06:00-05:00,plataforma,Clínica Farallones,Dra. Paola Muñoz,No hay convenio con la EPS del paciente
93,5,2026-07-27T19:28:00-05:00,telefono,Clínica Nuestra Señora de los Remedios,Dra. Carolina Ararat,"Cama no disponible, llamar mañana"
94,1,2026-06-20T06:21:00-05:00,plataforma,Clínica Versalles,Dr. Julián Mosquera,Servicio de hemodinamia sin disponibilidad
94,2,2026-06-20T08:17:00-05:00,telefono,Hospital Universitario del Valle,Dra. Paola Muñoz,Acepta paciente en UCI
95,1,2026-03-23T05:49:00-05:00,telefono,Hospital Universitario del Valle,Enf. Luz Mery Rivas,"Acepta paciente, enviar en ambulancia medicalizada"
96,1,2026-08-26T13:57:00-05:00,telefono,Fundación Valle del Lili,Dra. Carolina Ararat,Servicio de hemodinamia sin disponibilidad
96,2,2026-08-26T14:59:00-05:00,plataforma,Clínica Colombia Cali,Enf. Jhon Fredy Balanta,No hay especialista disponible
96,3,2026-08-26T20:11:00-05:00,telefono,Clínica Imbanaco,Dra. Carolina Ararat,Sin cupo en UCI
96,4,2026-08-27T03:13:00-05:00,telefono,Hospital San Juan de Dios Cali,Enf. Luz Mery Rivas,No hay especialista disponible
96,5,2026-08-27T09:17:00-05:00,telefono,Clínica de Occidente,Enf. Luz Mery Rivas,No hay especialista disponible
96,6,2026-08-27T13:14:00-05:00,plataforma,Clínica Farallones,Dr. Andrés Caicedo,Servicio de hemodinamia sin disponibilidad
96,7,2026-08-27T14:16:00-05:00,plataforma,Hospital Universitario del Valle,Dr. Andrés Caicedo,No hay especialista disponible
97,1,2026-05-26T11:33:00-05:00,telefono,Hospital Universitario San José (Popayán),Dra. Carolina Ararat,"Acepta paciente, enviar en ambulancia medicalizada"
98,1,2026-08-04T05:25:00-05:00,telefono,Fundación Valle del Lili,Dra. Paola Muñoz,Acepta paciente en UCI
99,1,2026-03-17T02:16:00-05:00,plataforma,Hospital San Juan de Dios Cali,Dra. Paola Muñoz,Servicio de hemodinamia sin disponibilidad
99,2,2026-03-17T03:10:00-05:00,plataforma,Hospital Universitario San José (Popayán),Dra. Paola Muñoz,"Acepta paciente, cama asignada"
100,1,2026-04-29T07:16:00-05:00,telefono,Hospital Universitario del Valle,Dr. Andrés Caicedo,"Acepta paciente, cama asignada"
101,1,2026-06-21T07:25:00-05:00,telefono,Clínica Farallones,Dr. Andrés Caicedo,Servicio de hemodinamia sin disponibilidad
101,2,2026-06-21T09:17:00-05:00,telefono,Clínica Sebastián de Belalcázar,Enf. Luz Mery Rivas,"Acepta paciente, enviar en ambulancia medicalizada"
102,1,2026-06-22T11:34:00-05:00,telefono,Fundación Valle del Lili,Dra. Carolina Ararat,No hay especialista disponible
102,2,2026-06-22T19:09:00-05:00,telefono,Hospital San Juan de Dios Cali,Dra. Paola Muñoz,Servicio de hemodinamia sin disponibilidad
102,3,2026-06-23T02:09:00-05:00,telefono,Hospital Universitario San José (Popayán),Dr. Andrés Caicedo,Sin respuesta en la línea de referencia
102,4,2026-06-23T08:05:00-05:00,telefono,Clínica Farallones,Dra. Paola Muñoz,Sin respuesta en la línea de referencia
102,5,2026-06-23T14:32:00-05:00,telefono,Clínica Farallones,Enf. Jhon Fredy Balanta,Sin cupo en UCI
103,1,2026-03-24T10:39:00-05:00,telefono,Clínica Versalles,Dr. Julián Mosquera,No hay especialista disponible
103,2,2026-03-24T14:12:00-05:00,plataforma,Clínica Sebastián de Belalcázar,Dra. Carolina Ararat,Servicio de hemodinamia sin disponibilidad
103,3,2026-03-24T16:25:00-05:00,plataforma,Hospital Universitario del Valle,Enf. Jhon Fredy Balanta,Llamar en 2 horas para confirmar cupo
104,1,2026-04-10T10:36:00-05:00,plataforma,Clínica Nuestra Señora de los Remedios,Enf. Luz Mery Rivas,Servicio de hemodinamia sin disponibilidad
104,2,2026-04-10T13:07:00-05:00,plataforma,Clínica Versalles,Enf. Jhon Fredy Balanta,No hay convenio con la EPS del paciente
104,3,2026-04-10T17:04:00-05:00,telefono,Fundación Valle del Lili,Enf. Jhon Fredy Balanta,Sin respuesta en la línea de referencia
104,4,2026-04-10T23:53:00-05:00,telefono,Hospital Universitario San José (Popayán),Dr. Andrés Caicedo,Servicio de hemodinamia sin disponibilidad
104,5,2026-04-11T04:54:00-05:00,telefono,Clínica Farallones,Dra. Carolina Ararat,"Cama no disponible, llamar mañana"
104,6,2026-04-11T07:48:00-05:00,plataforma,Clínica Imbanaco,Dr. Julián Mosquera,No hay especialista disponible
104,7,2026-04-11T13:54:00-05:00,plataforma,Hospital Universitario del Valle,Dra. Carolina Ararat,Sin cupo en UCI
105,1,2026-08-17T12:22:00-05:00,correo,Clínica Imbanaco,Dr. Julián Mosquera,"Cama no disponible, llamar mañana"
105,2,2026-08-17T17:09:00-05:00,telefono,Hospital Universitario San José (Popayán),Dr. Julián Mosquera,No hay convenio con la EPS del paciente
105,3,2026-08-17T21:18:00-05:00,telefono,Hospital San Juan de Dios Cali,Dr. Andrés Caicedo,Sin respuesta en la línea de referencia
105,4,2026-08-17T23:41:00-05:00,telefono,Hospital Universitario del Valle,Dr. Julián Mosquera,Llamar en 2 horas para confirmar cupo
106,1,2026-09-18T19:55:00-05:00,telefono,Clínica Colombia Cali,Dr. Julián Mosquera,Sin respuesta en la línea de referencia
106,2,2026-09-18T23:43:00-05:00,telefono,Hospital Universitario del Valle,Enf. Luz Mery Rivas,Sin cupo en UCI
106,3,2026-09-19T02:22:00-05:00,plataforma,Clínica Sebastián de Belalcázar,Dra. Carolina Ararat,No hay convenio con la EPS del paciente
106,4,2026-09-19T08:07:00-05:00,plataforma,Clínica Imbanaco,Dra. Carolina Ararat,Servicio de hemodinamia sin disponibilidad
106,5,2026-09-19T09:50:00-05:00,plataforma,Hospital Universitario del Valle,Dr. Julián Mosquera,Sin cupo en UCI
107,1,2026-03-28T04:10:00-05:00,telefono,Clínica de Occidente,Dr. Andrés Caicedo,Sin cupo en UCI
107,2,2026-03-28T07:17:00-05:00,plataforma,Clínica Nuestra Señora de los Remedios,Dra. Paola Muñoz,Sin respuesta en la línea de referencia
107,3,2026-03-28T12:42:00-05:00,telefono,Hospital Universitario San José (Popayán),Dr. Julián Mosquera,Rechazan por no tener autorización de la EPS
107,4,2026-03-28T15:50:00-05:00,telefono,Fundación Valle del Lili,Enf. Jhon Fredy Balanta,"En estudio, solicitan enviar historia clínica"
108,1,2026-04-23T03:39:00-05:00,telefono,Clínica Farallones,Enf. Luz Mery Rivas,No hay convenio con la EPS del paciente
108,2,2026-04-23T06:56:00-05:00,plataforma,Clínica Versalles,Dr. Julián Mosquera,Sin cupo en UCI
108,3,2026-04-23T11:40:00-05:00,telefono,Hospital Universitario San José (Popayán),Dr. Julián Mosquera,Sin cupo en UCI
108,4,2026-04-23T18:54:00-05:00,telefono,Clínica Nuestra Señora de los Remedios,Dra. Paola Muñoz,Sin cupo en UCI
108,5,2026-04-23T21:35:00-05:00,plataforma,Hospital Universitario del Valle,Dr. Julián Mosquera,"Cama no disponible, llamar mañana"
109,1,2026-03-07T05:21:00-05:00,telefono,Hospital Universitario San José (Popayán),Dr. Andrés Caicedo,"Cama no disponible, llamar mañana"
109,2,2026-03-07T11:04:00-05:00,telefono,Clínica Imbanaco,Dr. Andrés Caicedo,Sin cupo en UCI
109,3,2026-03-07T16:28:00-05:00,telefono,Fundación Valle del Lili,Enf. Jhon Fredy Balanta,No hay convenio con la EPS del paciente
109,4,2026-03-07T17:34:00-05:00,telefono,Hospital Universitario del Valle,Dra. Carolina Ararat,Pendiente valoración del especialista de turno
110,1,2026-07-12T01:20:00-05:00,plataforma,Clínica Farallones,Dr. Andrés Caicedo,Sin cupo en UCI
110,2,2026-07-12T05:08:00-05:00,plataforma,Clínica Imbanaco,Enf. Luz Mery Rivas,No hay convenio con la EPS del paciente
110,3,2026-07-12T07:51:00-05:00,telefono,Clínica Versalles,Dra. Carolina Ararat,Llamar en 2 horas para confirmar cupo
111,1,2026-03-02T08:44:00-05:00,plataforma,Clínica Nuestra Señora de los Remedios,Enf. Luz Mery Rivas,Rechazan por no tener autorización de la EPS
111,2,2026-03-02T11:11:00-05:00,plataforma,Clínica Farallones,Dra. Paola Muñoz,Sin cupo en UCI
111,3,2026-03-02T15:35:00-05:00,telefono,Clínica Colombia Cali,Dr. Julián Mosquera,Sin cupo en UCI
111,4,2026-03-02T18:55:00-05:00,telefono,Clínica Imbanaco,Dr. Julián Mosquera,Sin cupo en UCI
111,5,2026-03-02T23:30:00-05:00,plataforma,Clínica Versalles,Dr. Andrés Caicedo,No hay convenio con la EPS del paciente
111,6,2026-03-03T07:16:00-05:00,telefono,Clínica de Occidente,Dra. Paola Muñoz,"Cama no disponible, llamar mañana"
112,1,2026-03-29T13:36:00-05:00,telefono,Clínica Colombia Cali,Dra. Carolina Ararat,"Acepta paciente, enviar en ambulancia medicalizada"
113,1,2026-06-10T12:00:00-05:00,plataforma,Clínica Nuestra Señora de los Remedios,Enf. Luz Mery Rivas,Rechazan por no tener autorización de la EPS
113,2,2026-06-10T14:35:00-05:00,telefono,Clínica Imbanaco,Dra. Paola Muñoz,No hay especialista disponible
113,3,2026-06-10T20:17:00-05:00,plataforma,Hospital San Juan de Dios Cali,Dr. Andrés Caicedo,No hay especialista disponible
113,4,2026-06-10T23:16:00-05:00,plataforma,Clínica Sebastián de Belalcázar,Dr. Julián Mosquera,"En estudio, solicitan enviar historia clínica"
114,1,2026-07-29T20:21:00-05:00,correo,Clínica Sebastián de Belalcázar,Dra. Carolina Ararat,Servicio de hemodinamia sin disponibilidad
114,2,2026-07-29T21:41:00-05:00,correo,Hospital Universitario del Valle,Dr. Julián Mosquera,Acepta paciente para valoración por especialista
115,1,2026-08-17T19:49:00-05:00,plataforma,Fundación Valle del Lili,Enf. Luz Mery Rivas,Servicio de hemodinamia sin disponibilidad
115,2,2026-08-17T22:36:00-05:00,telefono,Clínica Versalles,Dra. Carolina Ararat,Sin respuesta en la línea de referencia
115,3,2026-08-18T01:40:00-05:00,correo,Clínica Sebastián de Belalcázar,Dra. Paola Muñoz,Sin cupo en UCI
115,4,2026-08-18T04:12:00-05:00,plataforma,Hospital Universitario del Valle,Dr. Andrés Caicedo,Pendiente valoración del especialista de turno
116,1,2026-04-14T08:08:00-05:00,telefono,Hospital Universitario San José (Popayán),Enf. Jhon Fredy Balanta,No hay especialista disponible
116,2,2026-04-14T15:39:00-05:00,telefono,Clínica Sebastián de Belalcázar,Enf. Luz Mery Rivas,No hay especialista disponible
116,3,2026-04-14T23:03:00-05:00,plataforma,Clínica Imbanaco,Dr. Julián Mosquera,Rechazan por no tener autorización de la EPS
116,4,2026-04-15T06:16:00-05:00,telefono,Clínica Farallones,Enf. Jhon Fredy Balanta,"Cama no disponible, llamar mañana"
117,1,2026-09-19T13:09:00-05:00,telefono,Clínica Farallones,Dra. Carolina Ararat,Servicio de hemodinamia sin disponibilidad
117,2,2026-09-19T15:08:00-05:00,telefono,Fundación Valle del Lili,Enf. Jhon Fredy Balanta,Sin respuesta en la línea de referencia
117,3,2026-09-19T19:37:00-05:00,telefono,Hospital Universitario del Valle,Dr. Andrés Caicedo,"En estudio, solicitan enviar historia clínica"
118,1,2026-08-17T09:31:00-05:00,correo,Clínica Nuestra Señora de los Remedios,Dra. Paola Muñoz,"Cama no disponible, llamar mañana"
118,2,2026-08-17T12:37:00-05:00,plataforma,Clínica de Occidente,Enf. Jhon Fredy Balanta,Sin cupo en UCI
118,3,2026-08-17T15:16:00-05:00,correo,Clínica Imbanaco,Dr. Andrés Caicedo,"Cama no disponible, llamar mañana"
118,4,2026-08-17T19:59:00-05:00,plataforma,Clínica Sebastián de Belalcázar,Enf. Luz Mery Rivas,Servicio de hemodinamia sin disponibilidad
118,5,2026-08-18T00:57:00-05:00,plataforma,Clínica Colombia Cali,Dr. Julián Mosquera,No hay convenio con la EPS del paciente
118,6,2026-08-18T07:04:00-05:00,telefono,Hospital Universitario del Valle,Dr. Andrés Caicedo,Sin cupo en UCI
119,1,2026-08-10T04:26:00-05:00,telefono,Hospital Universitario del Valle,Enf. Jhon Fredy Balanta,Acepta paciente para valoración por especialista
120,1,2026-04-17T04:11:00-05:00,correo,Clínica Imbanaco,Dr. Julián Mosquera,Servicio de hemodinamia sin disponibilidad
120,2,2026-04-17T07:47:00-05:00,plataforma,Hospital San Juan de Dios Cali,Dr. Julián Mosquera,Rechazan por no tener autorización de la EPS
120,3,2026-04-17T09:28:00-05:00,telefono,Fundación Valle del Lili,Dr. Andrés Caicedo,Llamar en 2 horas para confirmar cupo
121,1,2026-06-11T06:09:00-05:00,telefono,Clínica Imbanaco,Enf. Luz Mery Rivas,No hay convenio con la EPS del paciente
121,2,2026-06-11T12:06:00-05:00,plataforma,Clínica Versalles,Enf. Luz Mery Rivas,Rechazan por no tener autorización de la EPS
121,3,2026-06-11T13:33:00-05:00,plataforma,Hospital Universitario San José (Popayán),Dr. Andrés Caicedo,Servicio de hemodinamia sin disponibilidad
121,4,2026-06-11T15:24:00-05:00,plataforma,Clínica Colombia Cali,Enf. Jhon Fredy Balanta,"En estudio, solicitan enviar historia clínica"
122,1,2026-05-26T19:02:00-05:00,telefono,Hospital San Juan de Dios Cali,Enf. Jhon Fredy Balanta,Servicio de hemodinamia sin disponibilidad
122,2,2026-05-26T20:17:00-05:00,telefono,Clínica de Occidente,Dra. Carolina Ararat,Rechazan por no tener autorización de la EPS
122,3,2026-05-27T01:31:00-05:00,plataforma,Clínica Colombia Cali,Enf. Jhon Fredy Balanta,"Cama no disponible, llamar mañana"
122,4,2026-05-27T04:29:00-05:00,telefono,Fundación Valle del Lili,Dr. Julián Mosquera,Llamar en 2 horas para confirmar cupo
123,1,2026-07-09T04:32:00-05:00,plataforma,Clínica Versalles,Dra. Carolina Ararat,"Cama no disponible, llamar mañana"
123,2,2026-07-09T10:28:00-05:00,telefono,Clínica Sebastián de Belalcázar,Dra. Paola Muñoz,No hay convenio con la EPS del paciente
123,3,2026-07-09T12:08:00-05:00,plataforma,Clínica de Occidente,Dr. Julián Mosquera,Servicio de hemodinamia sin disponibilidad
123,4,2026-07-09T14:10:00-05:00,telefono,Hospital Universitario del Valle,Enf. Jhon Fredy Balanta,Llamar en 2 horas para confirmar cupo
124,1,2026-03-10T01:15:00-05:00,plataforma,Hospital San Juan de Dios Cali,Enf. Jhon Fredy Balanta,Sin cupo en UCI
124,2,2026-03-10T02:17:00-05:00,telefono,Clínica Imbanaco,Dra. Carolina Ararat,"Acepta paciente, cama asignada"
125,1,2026-05-06T07:05:00-05:00,telefono,Clínica Colombia Cali,Enf. Jhon Fredy Balanta,No hay convenio con la EPS del paciente
125,2,2026-05-06T07:48:00-05:00,telefono,Fundación Valle del Lili,Dr. Julián Mosquera,Acepta paciente en UCI
126,1,2026-08-16T16:43:00-05:00,telefono,Clínica de Occidente,Enf. Jhon Fredy Balanta,Acepta paciente para valoración por especialista
127,1,2026-04-05T07:12:00-05:00,plataforma,Clínica Sebastián de Belalcázar,Dra. Carolina Ararat,Acepta paciente en UCI
128,1,2026-03-18T02:45:00-05:00,telefono,Hospital Universitario San José (Popayán),Enf. Luz Mery Rivas,Servicio de hemodinamia sin disponibilidad
128,2,2026-03-18T07:35:00-05:00,correo,Clínica Nuestra Señora de los Remedios,Enf. Luz Mery Rivas,No hay convenio con la EPS del paciente
128,3,2026-03-18T12:26:00-05:00,correo,Clínica Sebastián de Belalcázar,Dr. Andrés Caicedo,"En estudio, solicitan enviar historia clínica"
129,1,2026-08-20T14:25:00-05:00,correo,Hospital San Juan de Dios Cali,Dr. Julián Mosquera,Sin respuesta en la línea de referencia
129,2,2026-08-20T16:28:00-05:00,telefono,Clínica Sebastián de Belalcázar,Enf. Jhon Fredy Balanta,Sin cupo en UCI
129,3,2026-08-20T18:17:00-05:00,telefono,Fundación Valle del Lili,Enf. Jhon Fredy Balanta,Solicitan autorización de la EPS antes de aceptar
130,1,2026-03-12T17:59:00-05:00,correo,Clínica Nuestra Señora de los Remedios,Enf. Jhon Fredy Balanta,Servicio de hemodinamia sin disponibilidad
130,2,2026-03-12T20:48:00-05:00,telefono,Clínica Versalles,Dra. Carolina Ararat,Sin respuesta en la línea de referencia
130,3,2026-03-13T00:21:00-05:00,telefono,Hospital San Juan de Dios Cali,Dra. Carolina Ararat,Pendiente valoración del especialista de turno
131,1,2026-04-20T01:27:00-05:00,plataforma,Hospital San Juan de Dios Cali,Dr. Julián Mosquera,Servicio de hemodinamia sin disponibilidad
131,2,2026-04-20T01:48:00-05:00,telefono,Hospital Universitario del Valle,Enf. Luz Mery Rivas,Acepta paciente para valoración por especialista
132,1,2026-04-02T13:12:00-05:00,plataforma,Fundación Valle del Lili,Enf. Jhon Fredy Balanta,"Cama no disponible, llamar mañana"
132,2,2026-04-02T13:48:00-05:00,plataforma,Clínica Sebastián de Belalcázar,Dra. Paola Muñoz,"Acepta paciente, enviar en ambulancia medicalizada"
133,1,2026-09-20T20:02:00-05:00,plataforma,Hospital San Juan de Dios Cali,Dr. Julián Mosquera,"Acepta paciente, cama asignada"
134,1,2026-08-22T13:22:00-05:00,telefono,Fundación Valle del Lili,Enf. Jhon Fredy Balanta,No hay convenio con la EPS del paciente
134,2,2026-08-22T15:34:00-05:00,plataforma,Clínica Imbanaco,Dr. Andrés Caicedo,"Cama no disponible, llamar mañana"
134,3,2026-08-22T18:08:00-05:00,telefono,Clínica de Occidente,Enf. Jhon Fredy Balanta,No hay especialista disponible
134,4,2026-08-22T22:40:00-05:00,telefono,Hospital Universitario del Valle,Dra. Carolina Ararat,Llamar en 2 horas para confirmar cupo
135,1,2026-03-05T08:34:00-05:00,telefono,Clínica de Occidente,Dr. Andrés Caicedo,No hay especialista disponible
135,2,2026-03-05T16:08:00-05:00,correo,Hospital San Juan de Dios Cali,Dra. Carolina Ararat,No hay especialista disponible
135,3,2026-03-05T19:00:00-05:00,telefono,Fundación Valle del Lili,Dr. Andrés Caicedo,Servicio de hemodinamia sin disponibilidad
135,4,2026-03-05T22:52:00-05:00,telefono,Clínica Colombia Cali,Enf. Jhon Fredy Balanta,Sin respuesta en la línea de referencia
135,5,2026-03-06T05:30:00-05:00,plataforma,Hospital Universitario San José (Popayán),Enf. Luz Mery Rivas,Servicio de hemodinamia sin disponibilidad
135,6,2026-03-06T12:45:00-05:00,correo,Clínica Sebastián de Belalcázar,Dr. Julián Mosquera,"Cama no disponible, llamar mañana"
136,1,2026-07-31T03:42:00-05:00,plataforma,Hospital Universitario del Valle,Dr. Andrés Caicedo,Sin cupo en UCI
136,2,2026-07-31T05:51:00-05:00,telefono,Hospital San Juan de Dios Cali,Enf. Jhon Fredy Balanta,Rechazan por no tener autorización de la EPS
136,3,2026-07-31T10:00:00-05:00,telefono,Hospital Universitario del Valle,Dr. Andrés Caicedo,Solicitan autorización de la EPS antes de aceptar
137,1,2026-05-05T13:14:00-05:00,correo,Hospital San Juan de Dios Cali,Enf. Luz Mery Rivas,"Acepta paciente, cama asignada"
138,1,2026-09-11T12:53:00-05:00,telefono,Clínica de Occidente,Dr. Andrés Caicedo,"Acepta paciente, cama asignada"
139,1,2026-08-26T14:29:00-05:00,plataforma,Clínica Imbanaco,Dra. Paola Muñoz,Sin respuesta en la línea de referencia
139,2,2026-08-26T17:29:00-05:00,telefono,Clínica de Occidente,Dr. Andrés Caicedo,Sin cupo en UCI
139,3,2026-08-26T20:55:00-05:00,telefono,Clínica Nuestra Señora de los Remedios,Enf. Luz Mery Rivas,Llamar en 2 horas para confirmar cupo
140,1,2026-03-15T08:34:00-05:00,correo,Clínica Farallones,Enf. Jhon Fredy Balanta,Rechazan por no tener autorización de la EPS
140,2,2026-03-15T08:56:00-05:00,plataforma,Clínica Versalles,Dra. Carolina Ararat,Acepta paciente en UCI
141,1,2026-09-08T06:33:00-05:00,plataforma,Hospital Universitario del Valle,Dr. Andrés Caicedo,Acepta paciente para valoración por especialista
142,1,2026-06-14T00:59:00-05:00,telefono,Clínica Versalles,Dra. Carolina Ararat,Sin respuesta en la línea de referencia
142,2,2026-06-14T01:18:00-05:00,plataforma,Hospital Universitario del Valle,Dra. Paola Muñoz,Acepta paciente para valoración por especialista
143,1,2026-05-11T16:24:00-05:00,telefono,Clínica Imbanaco,Dr. Julián Mosquera,"Acepta paciente, enviar en ambulancia medicalizada"
144,1,2026-04-10T11:39:00-05:00,plataforma,Hospital San Juan de Dios Cali,Dr. Julián Mosquera,Sin respuesta en la línea de referencia
144,2,2026-04-10T13:40:00-05:00,telefono,Clínica de Occidente,Dr. Julián Mosquera,No hay especialista disponible
144,3,2026-04-10T17:07:00-05:00,correo,Fundación Valle del Lili,Enf. Jhon Fredy Balanta,No hay convenio con la EPS del paciente
144,4,2026-04-10T22:37:00-05:00,correo,Clínica Farallones,Enf. Luz Mery Rivas,Rechazan por no tener autorización de la EPS
144,5,2026-04-11T01:51:00-05:00,correo,Hospital Universitario del Valle,Enf. Jhon Fredy Balanta,No hay convenio con la EPS del paciente
145,1,2026-09-11T02:25:00-05:00,plataforma,Clínica Colombia Cali,Enf. Jhon Fredy Balanta,No hay especialista disponible
145,2,2026-09-11T05:42:00-05:00,correo,Clínica Versalles,Enf. Jhon Fredy Balanta,Rechazan por no tener autorización de la EPS
145,3,2026-09-11T13:32:00-05:00,telefono,Fundación Valle del Lili,Dra. Carolina Ararat,No hay convenio con la EPS del paciente
145,4,2026-09-11T18:33:00-05:00,plataforma,Clínica Nuestra Señora de los Remedios,Dra. Carolina Ararat,Rechazan por no tener autorización de la EPS
145,5,2026-09-11T21:27:00-05:00,telefono,Hospital Universitario San José (Popayán),Enf. Jhon Fredy Balanta,Sin cupo en UCI
146,1,2026-05-17T10:26:00-05:00,plataforma,Clínica Farallones,Dra. Paola Muñoz,Rechazan por no tener autorización de la EPS
146,2,2026-05-17T13:08:00-05:00,telefono,Clínica Sebastián de Belalcázar,Enf. Luz Mery Rivas,Sin respuesta en la línea de referencia
146,3,2026-05-17T18:36:00-05:00,telefono,Clínica Nuestra Señora de los Remedios,Enf. Luz Mery Rivas,Rechazan por no tener autorización de la EPS
146,4,2026-05-17T21:03:00-05:00,plataforma,Hospital Universitario del Valle,Dr. Andrés Caicedo,Sin cupo en UCI
147,1,2026-06-04T01:20:00-05:00,telefono,Clínica de Occidente,Dra. Paola Muñoz,No hay convenio con la EPS del paciente
147,2,2026-06-04T06:10:00-05:00,telefono,Clínica Farallones,Dr. Julián Mosquera,Rechazan por no tener autorización de la EPS
147,3,2026-06-04T08:11:00-05:00,telefono,Clínica Imbanaco,Dr. Julián Mosquera,Llamar en 2 horas para confirmar cupo
148,1,2026-07-07T16:23:00-05:00,telefono,Clínica Sebastián de Belalcázar,Dra. Carolina Ararat,No hay convenio con la EPS del paciente
148,2,2026-07-07T19:32:00-05:00,plataforma,Fundación Valle del Lili,Dr. Julián Mosquera,No hay convenio con la EPS del paciente
148,3,2026-07-07T21:50:00-05:00,telefono,Hospital San Juan de Dios Cali,Enf. Jhon Fredy Balanta,Sin cupo en UCI
148,4,2026-07-08T01:46:00-05:00,correo,Clínica Imbanaco,Dra. Paola Muñoz,Servicio de hemodinamia sin disponibilidad
148,5,2026-07-08T04:37:00-05:00,telefono,Clínica Nuestra Señora de los Remedios,Dra. Carolina Ararat,Rechazan por no tener autorización de la EPS
148,6,2026-07-08T10:07:00-05:00,plataforma,Hospital Universitario del Valle,Enf. Jhon Fredy Balanta,No hay convenio con la EPS del paciente
149,1,2026-07-16T07:25:00-05:00,telefono,Clínica Imbanaco,Enf. Luz Mery Rivas,Sin respuesta en la línea de referencia
149,2,2026-07-16T11:26:00-05:00,telefono,Clínica Nuestra Señora de los Remedios,Dra. Carolina Ararat,Sin respuesta en la línea de referencia
149,3,2026-07-16T17:37:00-05:00,telefono,Clínica Versalles,Enf. Luz Mery Rivas,"Cama no disponible, llamar mañana"
149,4,2026-07-16T23:13:00-05:00,plataforma,Hospital San Juan de Dios Cali,Dr. Andrés Caicedo,Sin respuesta en la línea de referencia
149,5,2026-07-17T06:45:00-05:00,correo,Hospital Universitario San José (Popayán),Dra. Paola Muñoz,Sin cupo en UCI
149,6,2026-07-17T12:47:00-05:00,plataforma,Clínica Colombia Cali,Dr. Andrés Caicedo,Rechazan por no tener autorización de la EPS
150,1,2026-03-10T02:11:00-05:00,plataforma,Clínica Versalles,Dr. Andrés Caicedo,Acepta paciente para valoración por especialista
151,1,2026-03-26T08:57:00-05:00,correo,Clínica Colombia Cali,Dra. Paola Muñoz,No hay especialista disponible
151,2,2026-03-26T12:44:00-05:00,telefono,Hospital San Juan de Dios Cali,Dr. Julián Mosquera,Sin cupo en UCI
151,3,2026-03-26T16:22:00-05:00,plataforma,Hospital Universitario San José (Popayán),Dr. Andrés Caicedo,No hay convenio con la EPS del paciente
151,4,2026-03-26T22:12:00-05:00,correo,Clínica Nuestra Señora de los Remedios,Enf. Luz Mery Rivas,Solicitan autorización de la EPS antes de aceptar
152,1,2026-03-17T03:26:00-05:00,telefono,Clínica Farallones,Dra. Carolina Ararat,"Cama no disponible, llamar mañana"
152,2,2026-03-17T10:35:00-05:00,plataforma,Clínica Imbanaco,Dra. Paola Muñoz,No hay convenio con la EPS del paciente
152,3,2026-03-17T12:30:00-05:00,correo,Hospital Universitario San José (Popayán),Enf. Luz Mery Rivas,Sin cupo en UCI
152,4,2026-03-17T20:14:00-05:00,telefono,Clínica Sebastián de Belalcázar,Dra. Carolina Ararat,"Cama no disponible, llamar mañana"
152,5,2026-03-18T00:48:00-05:00,telefono,Hospital San Juan de Dios Cali,Dra. Paola Muñoz,No hay especialista disponible
152,6,2026-03-18T03:31:00-05:00,correo,Hospital San Juan de Dios Cali,Enf. Luz Mery Rivas,Sin respuesta en la línea de referencia
153,1,2026-03-21T18:33:00-05:00,plataforma,Clínica Versalles,Dra. Carolina Ararat,No hay especialista disponible
153,2,2026-03-22T01:07:00-05:00,telefono,Clínica de Occidente,Dra. Carolina Ararat,No hay especialista disponible
153,3,2026-03-22T06:06:00-05:00,telefono,Hospital Universitario San José (Popayán),Enf. Luz Mery Rivas,No hay especialista disponible
153,4,2026-03-22T07:51:00-05:00,telefono,Hospital San Juan de Dios Cali,Dr. Andrés Caicedo,Rechazan por no tener autorización de la EPS
153,5,2026-03-22T10:07:00-05:00,telefono,Clínica de Occidente,Dr. Andrés Caicedo,Rechazan por no tener autorización de la EPS
154,1,2026-07-27T15:53:00-05:00,telefono,Hospital Universitario San José (Popayán),Enf. Luz Mery Rivas,No hay convenio con la EPS del paciente
154,2,2026-07-27T16:33:00-05:00,correo,Hospital Universitario del Valle,Dr. Andrés Caicedo,"Acepta paciente, cama asignada"
155,1,2026-03-12T09:59:00-05:00,plataforma,Clínica Versalles,Dra. Carolina Ararat,"Cama no disponible, llamar mañana"
155,2,2026-03-12T13:53:00-05:00,plataforma,Hospital San Juan de Dios Cali,Dr. Julián Mosquera,Servicio de hemodinamia sin disponibilidad
155,3,2026-03-12T15:55:00-05:00,telefono,Fundación Valle del Lili,Enf. Luz Mery Rivas,Sin respuesta en la línea de referencia
155,4,2026-03-12T23:24:00-05:00,plataforma,Clínica Imbanaco,Dr. Andrés Caicedo,Sin respuesta en la línea de referencia
155,5,2026-03-13T01:52:00-05:00,telefono,Clínica Colombia Cali,Dra. Carolina Ararat,Servicio de hemodinamia sin disponibilidad
155,6,2026-03-13T07:55:00-05:00,plataforma,Clínica Farallones,Dra. Carolina Ararat,Sin respuesta en la línea de referencia
155,7,2026-03-13T14:23:00-05:00,plataforma,Clínica Imbanaco,Enf. Luz Mery Rivas,Sin respuesta en la línea de referencia
156,1,2026-05-17T20:44:00-05:00,telefono,Clínica de Occidente,Enf. Luz Mery Rivas,Rechazan por no tener autorización de la EPS
156,2,2026-05-17T21:52:00-05:00,telefono,Hospital Universitario del Valle,Enf. Jhon Fredy Balanta,Acepta paciente en UCI
157,1,2026-06-28T12:27:00-05:00,telefono,Hospital San Juan de Dios Cali,Dr. Julián Mosquera,No hay convenio con la EPS del paciente
157,2,2026-06-28T18:02:00-05:00,telefono,Clínica Farallones,Dra. Carolina Ararat,Rechazan por no tener autorización de la EPS
157,3,2026-06-28T23:36:00-05:00,telefono,Hospital Universitario del Valle,Dra. Paola Muñoz,Sin respuesta en la línea de referencia
157,4,2026-06-29T01:39:00-05:00,telefono,Hospital Universitario del Valle,Dr. Julián Mosquera,Pendiente valoración del especialista de turno
158,1,2026-03-17T06:20:00-05:00,correo,Clínica Versalles,Dra. Carolina Ararat,"Cama no disponible, llamar mañana"
158,2,2026-03-17T06:42:00-05:00,telefono,Clínica Imbanaco,Dr. Julián Mosquera,Acepta paciente en UCI
159,1,2026-06-29T04:12:00-05:00,telefono,Clínica de Occidente,Dra. Carolina Ararat,Sin respuesta en la línea de referencia
159,2,2026-06-29T08:06:00-05:00,plataforma,Clínica Farallones,Dra. Paola Muñoz,No hay convenio con la EPS del paciente
159,3,2026-06-29T15:59:00-05:00,telefono,Hospital Universitario San José (Popayán),Dr. Julián Mosquera,Servicio de hemodinamia sin disponibilidad
159,4,2026-06-29T20:02:00-05:00,telefono,Clínica Sebastián de Belalcázar,Enf. Luz Mery Rivas,Rechazan por no tener autorización de la EPS
159,5,2026-06-30T03:42:00-05:00,telefono,Hospital Universitario San José (Popayán),Enf. Jhon Fredy Balanta,Sin cupo en UCI
160,1,2026-04-12T17:58:00-05:00,telefono,Hospital San Juan de Dios Cali,Dra. Carolina Ararat,No hay especialista disponible
160,2,2026-04-13T00:55:00-05:00,plataforma,Clínica Colombia Cali,Dra. Paola Muñoz,"Cama no disponible, llamar mañana"
160,3,2026-04-13T04:47:00-05:00,plataforma,Clínica Farallones,Dra. Paola Muñoz,Sin cupo en UCI
160,4,2026-04-13T12:01:00-05:00,plataforma,Clínica Imbanaco,Dr. Andrés Caicedo,No hay convenio con la EPS del paciente
160,5,2026-04-13T16:41:00-05:00,telefono,Hospital Universitario del Valle,Dr. Julián Mosquera,Servicio de hemodinamia sin disponibilidad
161,1,2026-09-11T08:22:00-05:00,telefono,Fundación Valle del Lili,Enf. Luz Mery Rivas,No hay especialista disponible
161,2,2026-09-11T11:38:00-05:00,telefono,Clínica Versalles,Dra. Paola Muñoz,Sin respuesta en la línea de referencia
161,3,2026-09-11T14:59:00-05:00,telefono,Hospital San Juan de Dios Cali,Dra. Paola Muñoz,Llamar en 2 horas para confirmar cupo
162,1,2026-03-30T21:05:00-05:00,telefono,Clínica Sebastián de Belalcázar,Dr. Julián Mosquera,"Cama no disponible, llamar mañana"
162,2,2026-03-31T01:04:00-05:00,telefono,Clínica Versalles,Dr. Julián Mosquera,No hay convenio con la EPS del paciente
162,3,2026-03-31T02:26:00-05:00,telefono,Clínica Farallones,Enf. Jhon Fredy Balanta,Sin cupo en UCI
162,4,2026-03-31T05:01:00-05:00,telefono,Hospital Universitario del Valle,Dra. Paola Muñoz,"Cama no disponible, llamar mañana"
163,1,2026-04-10T20:46:00-05:00,telefono,Hospital San Juan de Dios Cali,Enf. Luz Mery Rivas,Acepta paciente para valoración por especialista
164,1,2026-05-02T13:02:00-05:00,correo,Hospital Universitario del Valle,Dra. Paola Muñoz,No hay convenio con la EPS del paciente
164,2,2026-05-02T15:58:00-05:00,plataforma,Clínica Nuestra Señora de los Remedios,Dra. Carolina Ararat,No hay especialista disponible
164,3,2026-05-02T23:13:00-05:00,plataforma,Hospital Universitario San José (Popayán),Dra. Paola Muñoz,No hay convenio con la EPS del paciente
164,4,2026-05-03T03:04:00-05:00,telefono,Fundación Valle del Lili,Dra. Carolina Ararat,Sin cupo en UCI
164,5,2026-05-03T05:27:00-05:00,telefono,Clínica Imbanaco,Dra. Paola Muñoz,Sin respuesta en la línea de referencia
164,6,2026-05-03T10:32:00-05:00,plataforma,Hospital Universitario del Valle,Dr. Julián Mosquera,Rechazan por no tener autorización de la EPS
165,1,2026-07-15T07:45:00-05:00,telefono,Clínica Nuestra Señora de los Remedios,Dra. Carolina Ararat,No hay especialista disponible
165,2,2026-07-15T11:17:00-05:00,telefono,Hospital San Juan de Dios Cali,Dra. Carolina Ararat,Rechazan por no tener autorización de la EPS
165,3,2026-07-15T16:03:00-05:00,plataforma,Clínica Versalles,Enf. Luz Mery Rivas,Sin cupo en UCI
165,4,2026-07-15T19:11:00-05:00,telefono,Hospital Universitario del Valle,Dra. Paola Muñoz,Solicitan autorización de la EPS antes de aceptar
166,1,2026-05-15T08:07:00-05:00,plataforma,Hospital San Juan de Dios Cali,Dra. Carolina Ararat,Acepta paciente en UCI
167,1,2026-03-20T14:00:00-05:00,plataforma,Hospital Universitario del Valle,Dr. Julián Mosquera,Servicio de hemodinamia sin disponibilidad
167,2,2026-03-20T17:24:00-05:00,telefono,Hospital San Juan de Dios Cali,Dra. Carolina Ararat,No hay especialista disponible
167,3,2026-03-20T21:37:00-05:00,telefono,Clínica de Occidente,Enf. Luz Mery Rivas,No hay convenio con la EPS del paciente
167,4,2026-03-20T23:47:00-05:00,telefono,Hospital Universitario del Valle,Dra. Carolina Ararat,Llamar en 2 horas para confirmar cupo
168,1,2026-05-19T06:13:00-05:00,telefono,Clínica Nuestra Señora de los Remedios,Enf. Luz Mery Rivas,Sin cupo en UCI
168,2,2026-05-19T07:00:00-05:00,telefono,Clínica de Occidente,Enf. Luz Mery Rivas,"Acepta paciente, enviar en ambulancia medicalizada"
169,1,2026-04-11T05:32:00-05:00,telefono,Clínica Versalles,Enf. Jhon Fredy Balanta,No hay especialista disponible
169,2,2026-04-11T07:43:00-05:00,telefono,Fundación Valle del Lili,Dr. Andrés Caicedo,No hay convenio con la EPS del paciente
169,3,2026-04-11T13:24:00-05:00,correo,Clínica Sebastián de Belalcázar,Enf. Jhon Fredy Balanta,"Cama no disponible, llamar mañana"
169,4,2026-04-11T18:32:00-05:00,correo,Clínica Colombia Cali,Enf. Jhon Fredy Balanta,Solicitan autorización de la EPS antes de aceptar
170,1,2026-06-01T02:50:00-05:00,telefono,Clínica Versalles,Dra. Carolina Ararat,Rechazan por no tener autorización de la EPS
170,2,2026-06-01T03:09:00-05:00,telefono,Hospital Universitario del Valle,Enf. Jhon Fredy Balanta,"Acepta paciente, cama asignada"
171,1,2026-08-29T16:44:00-05:00,telefono,Hospital Universitario San José (Popayán),Enf. Luz Mery Rivas,Sin respuesta en la línea de referencia
171,2,2026-08-29T17:50:00-05:00,telefono,Clínica Versalles,Dra. Carolina Ararat,Rechazan por no tener autorización de la EPS
171,3,2026-08-29T21:25:00-05:00,telefono,Clínica de Occidente,Dra. Carolina Ararat,No hay especialista disponible
171,4,2026-08-29T23:50:00-05:00,telefono,Clínica de Occidente,Dr. Andrés Caicedo,"En estudio, solicitan enviar historia clínica"
172,1,2026-03-18T02:17:00-05:00,telefono,Hospital Universitario del Valle,Dra. Carolina Ararat,Acepta paciente para valoración por especialista
173,1,2026-06-14T19:40:00-05:00,telefono,Clínica Sebastián de Belalcázar,Dra. Paola Muñoz,"Cama no disponible, llamar mañana"
173,2,2026-06-15T01:10:00-05:00,telefono,Clínica Versalles,Enf. Luz Mery Rivas,"Cama no disponible, llamar mañana"
173,3,2026-06-15T06:17:00-05:00,plataforma,Clínica de Occidente,Dr. Andrés Caicedo,Servicio de hemodinamia sin disponibilidad
173,4,2026-06-15T08:25:00-05:00,telefono,Hospital Universitario San José (Popayán),Dr. Julián Mosquera,Solicitan autorización de la EPS antes de aceptar
174,1,2026-09-08T02:15:00-05:00,plataforma,Clínica Versalles,Dra. Carolina Ararat,Sin respuesta en la línea de referencia
174,2,2026-09-08T06:13:00-05:00,plataforma,Clínica Nuestra Señora de los Remedios,Dr. Julián Mosquera,Sin respuesta en la línea de referencia
174,3,2026-09-08T10:59:00-05:00,plataforma,Hospital Universitario del Valle,Dr. Andrés Caicedo,Pendiente valoración del especialista de turno
175,1,2026-07-17T10:45:00-05:00,plataforma,Hospital Universitario San José (Popayán),Dr. Andrés Caicedo,Rechazan por no tener autorización de la EPS
175,2,2026-07-17T13:25:00-05:00,plataforma,Hospital San Juan de Dios Cali,Dr. Andrés Caicedo,Sin cupo en UCI
175,3,2026-07-17T17:52:00-05:00,plataforma,Hospital Universitario San José (Popayán),Dra. Carolina Ararat,Solicitan autorización de la EPS antes de aceptar
176,1,2026-07-24T04:06:00-05:00,telefono,Clínica Farallones,Dr. Andrés Caicedo,No hay especialista disponible
176,2,2026-07-24T06:23:00-05:00,telefono,Clínica Imbanaco,Enf. Jhon Fredy Balanta,Sin respuesta en la línea de referencia
176,3,2026-07-24T09:14:00-05:00,telefono,Fundación Valle del Lili,Dr. Julián Mosquera,Sin cupo en UCI
176,4,2026-07-24T16:04:00-05:00,telefono,Hospital San Juan de Dios Cali,Enf. Luz Mery Rivas,Sin cupo en UCI
176,5,2026-07-24T20:05:00-05:00,correo,Clínica de Occidente,Enf. Jhon Fredy Balanta,Sin cupo en UCI
176,6,2026-07-24T23:37:00-05:00,plataforma,Hospital Universitario San José (Popayán),Dra. Carolina Ararat,No hay convenio con la EPS del paciente
176,7,2026-07-25T07:06:00-05:00,telefono,Hospital San Juan de Dios Cali,Dra. Carolina Ararat,Servicio de hemodinamia sin disponibilidad
177,1,2026-05-03T08:34:00-05:00,plataforma,Clínica Versalles,Enf. Luz Mery Rivas,"Acepta paciente, cama asignada"
178,1,2026-08-23T10:53:00-05:00,telefono,Clínica de Occidente,Enf. Jhon Fredy Balanta,Sin cupo en UCI
178,2,2026-08-23T13:42:00-05:00,plataforma,Fundación Valle del Lili,Dr. Andrés Caicedo,Sin respuesta en la línea de referencia
178,3,2026-08-23T20:10:00-05:00,telefono,Clínica Nuestra Señora de los Remedios,Enf. Jhon Fredy Balanta,Sin respuesta en la línea de referencia
178,4,2026-08-24T03:08:00-05:00,telefono,Clínica Versalles,Dra. Carolina Ararat,No hay convenio con la EPS del paciente
178,5,2026-08-24T09:45:00-05:00,correo,Hospital San Juan de Dios Cali,Dr. Julián Mosquera,No hay convenio con la EPS del paciente
178,6,2026-08-24T13:01:00-05:00,plataforma,Hospital Universitario del Valle,Dra. Paola Muñoz,No hay convenio con la EPS del paciente
179,1,2026-03-19T02:53:00-05:00,telefono,Hospital San Juan de Dios Cali,Dr. Julián Mosquera,Sin cupo en UCI
179,2,2026-03-19T06:21:00-05:00,telefono,Clínica Farallones,Dr. Julián Mosquera,No hay especialista disponible
179,3,2026-03-19T10:56:00-05:00,telefono,Hospital Universitario del Valle,Enf. Jhon Fredy Balanta,No hay convenio con la EPS del paciente
179,4,2026-03-19T13:54:00-05:00,telefono,Hospital Universitario del Valle,Dr. Andrés Caicedo,Pendiente valoración del especialista de turno
180,1,2026-08-13T09:40:00-05:00,telefono,Clínica Versalles,Enf. Luz Mery Rivas,No hay especialista disponible
180,2,2026-08-13T14:36:00-05:00,telefono,Fundación Valle del Lili,Dr. Andrés Caicedo,Sin cupo en UCI
180,3,2026-08-13T19:35:00-05:00,telefono,Clínica Imbanaco,Enf. Luz Mery Rivas,No hay convenio con la EPS del paciente
180,4,2026-08-14T00:27:00-05:00,telefono,Clínica Colombia Cali,Enf. Jhon Fredy Balanta,Llamar en 2 horas para confirmar cupo
181,1,2026-07-10T10:22:00-05:00,telefono,Hospital Universitario del Valle,Dra. Carolina Ararat,Acepta paciente en UCI
182,1,2026-03-18T06:30:00-05:00,telefono,Hospital San Juan de Dios Cali,Dra. Paola Muñoz,"Cama no disponible, llamar mañana"
182,2,2026-03-18T10:43:00-05:00,telefono,Clínica de Occidente,Enf. Jhon Fredy Balanta,"Cama no disponible, llamar mañana"
182,3,2026-03-18T17:14:00-05:00,telefono,Clínica Sebastián de Belalcázar,Enf. Jhon Fredy Balanta,No hay especialista disponible
182,4,2026-03-18T21:45:00-05:00,telefono,Clínica Colombia Cali,Dra. Paola Muñoz,Rechazan por no tener autorización de la EPS
182,5,2026-03-18T22:58:00-05:00,telefono,Clínica Farallones,Dra. Carolina Ararat,Rechazan por no tener autorización de la EPS
183,1,2026-08-16T14:53:00-05:00,telefono,Hospital San Juan de Dios Cali,Dra. Carolina Ararat,"Cama no disponible, llamar mañana"
183,2,2026-08-16T21:31:00-05:00,telefono,Hospital Universitario San José (Popayán),Dra. Carolina Ararat,Sin cupo en UCI
183,3,2026-08-17T02:40:00-05:00,plataforma,Fundación Valle del Lili,Dra. Carolina Ararat,No hay especialista disponible
183,4,2026-08-17T07:06:00-05:00,telefono,Clínica Colombia Cali,Dra. Paola Muñoz,"Cama no disponible, llamar mañana"
183,5,2026-08-17T10:16:00-05:00,telefono,Clínica Nuestra Señora de los Remedios,Enf. Luz Mery Rivas,"Cama no disponible, llamar mañana"
184,1,2026-08-30T00:52:00-05:00,plataforma,Fundación Valle del Lili,Dra. Paola Muñoz,No hay especialista disponible
184,2,2026-08-30T02:07:00-05:00,telefono,Hospital Universitario del Valle,Dr. Julián Mosquera,Acepta paciente en UCI
185,1,2026-04-07T16:19:00-05:00,telefono,Clínica de Occidente,Dr. Julián Mosquera,No hay especialista disponible
185,2,2026-04-08T00:08:00-05:00,telefono,Hospital Universitario del Valle,Enf. Luz Mery Rivas,Servicio de hemodinamia sin disponibilidad
185,3,2026-04-08T06:08:00-05:00,plataforma,Clínica Nuestra Señora de los Remedios,Enf. Jhon Fredy Balanta,Servicio de hemodinamia sin disponibilidad
185,4,2026-04-08T11:21:00-05:00,plataforma,Hospital Universitario San José (Popayán),Dra. Carolina Ararat,Sin cupo en UCI
185,5,2026-04-08T18:13:00-05:00,telefono,Fundación Valle del Lili,Dra. Carolina Ararat,Sin respuesta en la línea de referencia
185,6,2026-04-09T01:51:00-05:00,telefono,Clínica Versalles,Dra. Paola Muñoz,No hay convenio con la EPS del paciente
185,7,2026-04-09T08:36:00-05:00,telefono,Hospital Universitario del Valle,Dr. Andrés Caicedo,"Cama no disponible, llamar mañana"
186,1,2026-06-04T18:20:00-05:00,telefono,Fundación Valle del Lili,Dra. Paola Muñoz,Rechazan por no tener autorización de la EPS
186,2,2026-06-04T22:25:00-05:00,plataforma,Clínica Imbanaco,Dra. Paola Muñoz,No hay convenio con la EPS del paciente
186,3,2026-06-05T04:21:00-05:00,telefono,Hospital Universitario del Valle,Dra. Paola Muñoz,Llamar en 2 horas para confirmar cupo
187,1,2026-09-02T14:06:00-05:00,correo,Hospital Universitario San José (Popayán),Dra. Paola Muñoz,Rechazan por no tener autorización de la EPS
187,2,2026-09-02T15:13:00-05:00,telefono,Hospital San Juan de Dios Cali,Dr. Julián Mosquera,Sin respuesta en la línea de referencia
187,3,2026-09-02T17:41:00-05:00,telefono,Clínica Nuestra Señora de los Remedios,Enf. Jhon Fredy Balanta,Solicitan autorización de la EPS antes de aceptar
188,1,2026-03-30T17:09:00-05:00,telefono,Hospital Universitario San José (Popayán),Dr. Julián Mosquera,Sin cupo en UCI
188,2,2026-03-30T21:36:00-05:00,telefono,Clínica Nuestra Señora de los Remedios,Dra. Paola Muñoz,Sin respuesta en la línea de referencia
188,3,2026-03-31T00:51:00-05:00,telefono,Clínica Imbanaco,Enf. Luz Mery Rivas,"Cama no disponible, llamar mañana"
188,4,2026-03-31T05:30:00-05:00,plataforma,Clínica Nuestra Señora de los Remedios,Dr. Julián Mosquera,Llamar en 2 horas para confirmar cupo
189,1,2026-04-01T18:09:00-05:00,telefono,Clínica de Occidente,Dra. Carolina Ararat,No hay convenio con la EPS del paciente
189,2,2026-04-01T18:26:00-05:00,telefono,Hospital Universitario del Valle,Dr. Andrés Caicedo,"Acepta paciente, cama asignada"
190,1,2026-08-19T12:30:00-05:00,plataforma,Fundación Valle del Lili,Enf. Jhon Fredy Balanta,No hay convenio con la EPS del paciente
190,2,2026-08-19T15:53:00-05:00,telefono,Clínica Versalles,Dra. Paola Muñoz,Sin respuesta en la línea de referencia
190,3,2026-08-19T19:22:00-05:00,plataforma,Hospital Universitario del Valle,Enf. Luz Mery Rivas,Solicitan autorización de la EPS antes de aceptar
191,1,2026-05-28T03:16:00-05:00,telefono,Clínica Nuestra Señora de los Remedios,Dra. Paola Muñoz,No hay especialista disponible
191,2,2026-05-28T04:48:00-05:00,telefono,Hospital San Juan de Dios Cali,Enf. Jhon Fredy Balanta,"Acepta paciente, enviar en ambulancia medicalizada"
192,1,2026-08-27T13:35:00-05:00,telefono,Clínica Versalles,Dr. Julián Mosquera,Sin respuesta en la línea de referencia
192,2,2026-08-27T20:07:00-05:00,correo,Clínica Nuestra Señora de los Remedios,Enf. Luz Mery Rivas,No hay convenio con la EPS del paciente
192,3,2026-08-27T23:53:00-05:00,plataforma,Clínica Sebastián de Belalcázar,Dra. Paola Muñoz,Sin cupo en UCI
192,4,2026-08-28T07:53:00-05:00,plataforma,Fundación Valle del Lili,Enf. Jhon Fredy Balanta,Sin cupo en UCI
192,5,2026-08-28T13:58:00-05:00,plataforma,Hospital Universitario San José (Popayán),Dr. Andrés Caicedo,No hay especialista disponible
192,6,2026-08-28T17:21:00-05:00,telefono,Clínica Versalles,Enf. Luz Mery Rivas,Servicio de hemodinamia sin disponibilidad
193,1,2026-08-26T01:22:00-05:00,telefono,Fundación Valle del Lili,Enf. Luz Mery Rivas,Sin respuesta en la línea de referencia
193,2,2026-08-26T01:55:00-05:00,correo,Clínica Versalles,Enf. Luz Mery Rivas,"Acepta paciente, enviar en ambulancia medicalizada"
194,1,2026-04-05T21:03:00-05:00,plataforma,Clínica de Occidente,Dra. Carolina Ararat,Rechazan por no tener autorización de la EPS
194,2,2026-04-06T02:40:00-05:00,telefono,Clínica Versalles,Dr. Julián Mosquera,"Cama no disponible, llamar mañana"
194,3,2026-04-06T07:37:00-05:00,telefono,Hospital Universitario San José (Popayán),Dr. Andrés Caicedo,No hay convenio con la EPS del paciente
194,4,2026-04-06T14:44:00-05:00,plataforma,Hospital Universitario del Valle,Enf. Jhon Fredy Balanta,Rechazan por no tener autorización de la EPS
195,1,2026-08-21T08:30:00-05:00,telefono,Clínica Farallones,Enf. Jhon Fredy Balanta,No hay convenio con la EPS del paciente
195,2,2026-08-21T12:04:00-05:00,telefono,Clínica de Occidente,Dr. Julián Mosquera,Sin respuesta en la línea de referencia
195,3,2026-08-21T18:02:00-05:00,correo,Hospital Universitario del Valle,Dr. Julián Mosquera,Solicitan autorización de la EPS antes de aceptar
196,1,2026-07-28T14:07:00-05:00,correo,Clínica Colombia Cali,Dr. Julián Mosquera,Sin cupo en UCI
196,2,2026-07-28T18:44:00-05:00,plataforma,Hospital Universitario San José (Popayán),Enf. Luz Mery Rivas,No hay convenio con la EPS del paciente
196,3,2026-07-28T22:42:00-05:00,telefono,Clínica Versalles,Dra. Paola Muñoz,Servicio de hemodinamia sin disponibilidad
196,4,2026-07-29T01:05:00-05:00,plataforma,Clínica Nuestra Señora de los Remedios,Dra. Paola Muñoz,"Cama no disponible, llamar mañana"
196,5,2026-07-29T03:04:00-05:00,telefono,Hospital San Juan de Dios Cali,Enf. Jhon Fredy Balanta,No hay especialista disponible
196,6,2026-07-29T08:03:00-05:00,telefono,Hospital Universitario San José (Popayán),Enf. Luz Mery Rivas,No hay especialista disponible
197,1,2026-05-03T18:02:00-05:00,telefono,Fundación Valle del Lili,Enf. Luz Mery Rivas,No hay convenio con la EPS del paciente
197,2,2026-05-04T00:10:00-05:00,telefono,Clínica Versalles,Dr. Julián Mosquera,No hay convenio con la EPS del paciente
197,3,2026-05-04T02:23:00-05:00,telefono,Hospital Universitario San José (Popayán),Enf. Jhon Fredy Balanta,No hay convenio con la EPS del paciente
197,4,2026-05-04T07:14:00-05:00,telefono,Hospital San Juan de Dios Cali,Enf. Luz Mery Rivas,Sin cupo en UCI
198,1,2026-09-01T06:32:00-05:00,telefono,Clínica Imbanaco,Enf. Jhon Fredy Balanta,No hay especialista disponible
198,2,2026-09-01T10:35:00-05:00,telefono,Clínica Versalles,Dra. Carolina Ararat,Rechazan por no tener autorización de la EPS
198,3,2026-09-01T13:56:00-05:00,telefono,Clínica Nuestra Señora de los Remedios,Dr. Andrés Caicedo,Rechazan por no tener autorización de la EPS
198,4,2026-09-01T15:59:00-05:00,telefono,Hospital Universitario del Valle,Enf. Luz Mery Rivas,Sin cupo en UCI
199,1,2026-04-01T20:03:00-05:00,telefono,Hospital San Juan de Dios Cali,Enf. Jhon Fredy Balanta,No hay especialista disponible
199,2,2026-04-01T22:07:00-05:00,plataforma,Clínica Imbanaco,Dra. Paola Muñoz,No hay convenio con la EPS del paciente
199,3,2026-04-02T00:22:00-05:00,correo,Hospital Universitario del Valle,Dr. Julián Mosquera,Servicio de hemodinamia sin disponibilidad
199,4,2026-04-02T03:25:00-05:00,telefono,Clínica Farallones,Dra. Carolina Ararat,No hay especialista disponible
199,5,2026-04-02T10:10:00-05:00,plataforma,Hospital Universitario del Valle,Dr. Julián Mosquera,Servicio de hemodinamia sin disponibilidad
200,1,2026-05-03T19:50:00-05:00,telefono,Hospital Universitario San José (Popayán),Enf. Jhon Fredy Balanta,No hay convenio con la EPS del paciente
200,2,2026-05-03T22:27:00-05:00,telefono,Hospital San Juan de Dios Cali,Enf. Jhon Fredy Balanta,No hay convenio con la EPS del paciente
200,3,2026-05-04T04:02:00-05:00,plataforma,Clínica Colombia Cali,Dr. Andrés Caicedo,Llamar en 2 horas para confirmar cupo
201,1,2026-05-13T17:01:00-05:00,telefono,Clínica Versalles,Dra. Carolina Ararat,No hay convenio con la EPS del paciente
201,2,2026-05-13T22:37:00-05:00,correo,Hospital Universitario del Valle,Dr. Julián Mosquera,No hay especialista disponible
201,3,2026-05-14T03:02:00-05:00,telefono,Clínica Farallones,Dr. Andrés Caicedo,"Cama no disponible, llamar mañana"
201,4,2026-05-14T07:05:00-05:00,plataforma,Hospital San Juan de Dios Cali,Dr. Andrés Caicedo,No hay especialista disponible
201,5,2026-05-14T08:59:00-05:00,correo,Hospital Universitario del Valle,Enf. Luz Mery Rivas,Sin respuesta en la línea de referencia
202,1,2026-05-01T09:16:00-05:00,telefono,Clínica Imbanaco,Dr. Andrés Caicedo,"Acepta paciente, enviar en ambulancia medicalizada"
203,1,2026-05-28T12:38:00-05:00,plataforma,Clínica Versalles,Dra. Paola Muñoz,No hay especialista disponible
203,2,2026-05-28T13:30:00-05:00,telefono,Hospital Universitario del Valle,Dra. Carolina Ararat,"Acepta paciente, enviar en ambulancia medicalizada"
204,1,2026-06-16T16:55:00-05:00,plataforma,Clínica Imbanaco,Dr. Andrés Caicedo,Acepta paciente para valoración por especialista
205,1,2026-03-31T12:29:00-05:00,correo,Clínica Sebastián de Belalcázar,Dra. Paola Muñoz,No hay convenio con la EPS del paciente
205,2,2026-03-31T14:57:00-05:00,telefono,Fundación Valle del Lili,Dr. Andrés Caicedo,Sin respuesta en la línea de referencia
205,3,2026-03-31T18:57:00-05:00,plataforma,Clínica Colombia Cali,Enf. Jhon Fredy Balanta,No hay especialista disponible
205,4,2026-04-01T02:29:00-05:00,telefono,Clínica Nuestra Señora de los Remedios,Dra. Carolina Ararat,Sin cupo en UCI
205,5,2026-04-01T09:42:00-05:00,telefono,Hospital Universitario del Valle,Dr. Julián Mosquera,Sin respuesta en la línea de referencia
206,1,2026-04-26T02:16:00-05:00,telefono,Clínica Versalles,Dra. Carolina Ararat,"Cama no disponible, llamar mañana"
206,2,2026-04-26T05:00:00-05:00,plataforma,Clínica Nuestra Señora de los Remedios,Enf. Luz Mery Rivas,No hay especialista disponible
206,3,2026-04-26T10:01:00-05:00,telefono,Hospital Universitario San José (Popayán),Dr. Julián Mosquera,Sin cupo en UCI
206,4,2026-04-26T14:44:00-05:00,telefono,Clínica Versalles,Dra. Carolina Ararat,Llamar en 2 horas para confirmar cupo
207,1,2026-03-13T01:56:00-05:00,telefono,Fundación Valle del Lili,Dr. Andrés Caicedo,Sin cupo en UCI
207,2,2026-03-13T04:04:00-05:00,telefono,Clínica Farallones,Dr. Andrés Caicedo,No hay convenio con la EPS del paciente
207,3,2026-03-13T05:57:00-05:00,correo,Clínica Farallones,Dr. Julián Mosquera,Solicitan autorización de la EPS antes de aceptar
208,1,2026-06-02T06:07:00-05:00,correo,Clínica Nuestra Señora de los Remedios,Dra. Carolina Ararat,Sin cupo en UCI
208,2,2026-06-02T10:04:00-05:00,telefono,Clínica de Occidente,Dr. Julián Mosquera,Sin respuesta en la línea de referencia
208,3,2026-06-02T16:04:00-05:00,telefono,Clínica Imbanaco,Dra. Paola Muñoz,Solicitan autorización de la EPS antes de aceptar
209,1,2026-05-16T01:55:00-05:00,telefono,Hospital Universitario del Valle,Enf. Luz Mery Rivas,Acepta paciente para valoración por especialista
210,1,2026-05-15T15:23:00-05:00,correo,Hospital Universitario San José (Popayán),Dra. Paola Muñoz,"Acepta paciente, enviar en ambulancia medicalizada"
211,1,2026-06-12T06:26:00-05:00,plataforma,Clínica Farallones,Dr. Julián Mosquera,Sin cupo en UCI
211,2,2026-06-12T12:37:00-05:00,correo,Clínica Imbanaco,Dra. Carolina Ararat,Rechazan por no tener autorización de la EPS
211,3,2026-06-12T19:52:00-05:00,telefono,Hospital San Juan de Dios Cali,Dra. Paola Muñoz,No hay convenio con la EPS del paciente
211,4,2026-06-12T23:23:00-05:00,correo,Clínica Colombia Cali,Dra. Carolina Ararat,Servicio de hemodinamia sin disponibilidad
211,5,2026-06-13T05:32:00-05:00,plataforma,Clínica Sebastián de Belalcázar,Dr. Julián Mosquera,Servicio de hemodinamia sin disponibilidad
211,6,2026-06-13T08:34:00-05:00,plataforma,Clínica Colombia Cali,Dra. Paola Muñoz,No hay convenio con la EPS del paciente
212,1,2026-08-07T05:28:00-05:00,telefono,Clínica Colombia Cali,Enf. Luz Mery Rivas,Sin cupo en UCI
212,2,2026-08-07T11:06:00-05:00,telefono,Hospital Universitario San José (Popayán),Dra. Paola Muñoz,"Cama no disponible, llamar mañana"
212,3,2026-08-07T14:08:00-05:00,telefono,Clínica Imbanaco,Dra. Carolina Ararat,Rechazan por no tener autorización de la EPS
212,4,2026-08-07T18:42:00-05:00,telefono,Clínica Farallones,Dra. Carolina Ararat,Pendiente valoración del especialista de turno
213,1,2026-07-09T02:33:00-05:00,telefono,Clínica Versalles,Dra. Paola Muñoz,Acepta paciente en UCI
214,1,2026-08-16T08:14:00-05:00,telefono,Hospital San Juan de Dios Cali,Dr. Andrés Caicedo,No hay convenio con la EPS del paciente
214,2,2026-08-16T12:42:00-05:00,telefono,Hospital Universitario San José (Popayán),Enf. Luz Mery Rivas,No hay especialista disponible
214,3,2026-08-16T18:14:00-05:00,plataforma,Clínica Nuestra Señora de los Remedios,Dr. Andrés Caicedo,No hay especialista disponible
214,4,2026-08-16T20:59:00-05:00,telefono,Hospital Universitario del Valle,Dra. Carolina Ararat,Pendiente valoración del especialista de turno
215,1,2026-07-05T20:30:00-05:00,telefono,Fundación Valle del Lili,Dr. Julián Mosquera,Rechazan por no tener autorización de la EPS
215,2,2026-07-05T23:19:00-05:00,plataforma,Clínica Farallones,Dra. Carolina Ararat,No hay convenio con la EPS del paciente
215,3,2026-07-06T01:36:00-05:00,telefono,Clínica Imbanaco,Dra. Paola Muñoz,Llamar en 2 horas para confirmar cupo
216,1,2026-08-11T22:07:00-05:00,telefono,Clínica Sebastián de Belalcázar,Enf. Luz Mery Rivas,Sin respuesta en la línea de referencia
216,2,2026-08-11T23:41:00-05:00,telefono,Hospital Universitario del Valle,Enf. Luz Mery Rivas,"Acepta paciente, enviar en ambulancia medicalizada"
217,1,2026-07-08T04:41:00-05:00,plataforma,Clínica Imbanaco,Enf. Jhon Fredy Balanta,Rechazan por no tener autorización de la EPS
217,2,2026-07-08T07:01:00-05:00,telefono,Clínica Nuestra Señora de los Remedios,Dra. Carolina Ararat,Rechazan por no tener autorización de la EPS
217,3,2026-07-08T10:18:00-05:00,plataforma,Hospital Universitario San José (Popayán),Dra. Carolina Ararat,Llamar en 2 horas para confirmar cupo
218,1,2026-07-12T10:43:00-05:00,telefono,Hospital San Juan de Dios Cali,Dr. Andrés Caicedo,Sin cupo en UCI
218,2,2026-07-12T15:21:00-05:00,correo,Fundación Valle del Lili,Dra. Carolina Ararat,Sin cupo en UCI
218,3,2026-07-12T19:47:00-05:00,correo,Clínica Farallones,Dra. Paola Muñoz,Sin cupo en UCI
218,4,2026-07-13T03:34:00-05:00,telefono,Hospital Universitario San José (Popayán),Enf. Luz Mery Rivas,No hay especialista disponible
218,5,2026-07-13T10:13:00-05:00,telefono,Clínica Nuestra Señora de los Remedios,Dr. Julián Mosquera,Rechazan por no tener autorización de la EPS
218,6,2026-07-13T16:43:00-05:00,plataforma,Fundación Valle del Lili,Enf. Jhon Fredy Balanta,No hay especialista disponible
219,1,2026-07-28T08:18:00-05:00,telefono,Clínica Nuestra Señora de los Remedios,Dr. Julián Mosquera,"Acepta paciente, cama asignada"
220,1,2026-04-15T02:29:00-05:00,correo,Clínica Imbanaco,Enf. Luz Mery Rivas,Sin cupo en UCI
220,2,2026-04-15T10:05:00-05:00,telefono,Clínica Versalles,Dr. Julián Mosquera,No hay convenio con la EPS del paciente
220,3,2026-04-15T11:49:00-05:00,telefono,Fundación Valle del Lili,Dr. Julián Mosquera,"Cama no disponible, llamar mañana"
220,4,2026-04-15T16:08:00-05:00,telefono,Clínica Colombia Cali,Dr. Julián Mosquera,Sin cupo en UCI
220,5,2026-04-15T22:52:00-05:00,telefono,Clínica de Occidente,Enf. Jhon Fredy Balanta,Sin cupo en UCI
220,6,2026-04-16T05:53:00-05:00,telefono,Fundación Valle del Lili,Enf. Luz Mery Rivas,No hay especialista disponible
221,1,2026-07-19T09:44:00-05:00,plataforma,Clínica Farallones,Dr. Julián Mosquera,Servicio de hemodinamia sin disponibilidad
221,2,2026-07-19T10:34:00-05:00,telefono,Fundación Valle del Lili,Dr. Julián Mosquera,"Acepta paciente, cama asignada"
222,1,2026-04-03T16:46:00-05:00,plataforma,Hospital Universitario San José (Popayán),Dr. Julián Mosquera,Sin cupo en UCI
222,2,2026-04-03T17:48:00-05:00,telefono,Clínica Farallones,Dra. Paola Muñoz,No hay convenio con la EPS del paciente
222,3,2026-04-03T23:48:00-05:00,telefono,Hospital Universitario San José (Popayán),Enf. Jhon Fredy Balanta,"En estudio, solicitan enviar historia clínica"
223,1,2026-05-05T09:59:00-05:00,plataforma,Clínica Imbanaco,Enf. Jhon Fredy Balanta,"Acepta paciente, enviar en ambulancia medicalizada"
224,1,2026-09-19T19:06:00-05:00,plataforma,Clínica Nuestra Señora de los Remedios,Dr. Andrés Caicedo,Rechazan por no tener autorización de la EPS
224,2,2026-09-19T21:03:00-05:00,correo,Clínica Imbanaco,Dr. Andrés Caicedo,Acepta paciente para valoración por especialista
225,1,2026-04-07T01:22:00-05:00,plataforma,Clínica Colombia Cali,Enf. Luz Mery Rivas,Servicio de hemodinamia sin disponibilidad
225,2,2026-04-07T06:29:00-05:00,telefono,Hospital Universitario del Valle,Dra. Carolina Ararat,Sin respuesta en la línea de referencia
225,3,2026-04-07T08:35:00-05:00,telefono,Fundación Valle del Lili,Enf. Jhon Fredy Balanta,No hay convenio con la EPS del paciente
225,4,2026-04-07T11:55:00-05:00,plataforma,Hospital Universitario del Valle,Dr. Andrés Caicedo,No hay especialista disponible
226,1,2026-06-13T12:18:00-05:00,telefono,Clínica Imbanaco,Dra. Carolina Ararat,No hay especialista disponible
226,2,2026-06-13T13:10:00-05:00,telefono,Clínica de Occidente,Dr. Andrés Caicedo,Acepta paciente en UCI
227,1,2026-06-14T20:17:00-05:00,telefono,Clínica Nuestra Señora de los Remedios,Dr. Andrés Caicedo,Acepta paciente para valoración por especialista
228,1,2026-05-16T14:41:00-05:00,plataforma,Clínica Colombia Cali,Dr. Andrés Caicedo,"Cama no disponible, llamar mañana"
228,2,2026-05-16T16:07:00-05:00,telefono,Clínica Imbanaco,Dr. Andrés Caicedo,"Acepta paciente, enviar en ambulancia medicalizada"
229,1,2026-04-15T12:13:00-05:00,correo,Hospital Universitario San José (Popayán),Dr. Andrés Caicedo,Sin respuesta en la línea de referencia
229,2,2026-04-15T13:25:00-05:00,telefono,Clínica Imbanaco,Dra. Carolina Ararat,No hay especialista disponible
229,3,2026-04-15T15:12:00-05:00,telefono,Hospital Universitario San José (Popayán),Dr. Andrés Caicedo,"En estudio, solicitan enviar historia clínica"
230,1,2026-04-16T02:20:00-05:00,telefono,Hospital San Juan de Dios Cali,Dr. Andrés Caicedo,Servicio de hemodinamia sin disponibilidad
230,2,2026-04-16T05:01:00-05:00,plataforma,Clínica Nuestra Señora de los Remedios,Dr. Julián Mosquera,Servicio de hemodinamia sin disponibilidad
230,3,2026-04-16T08:23:00-05:00,telefono,Clínica de Occidente,Dra. Carolina Ararat,Sin respuesta en la línea de referencia
230,4,2026-04-16T15:53:00-05:00,plataforma,Fundación Valle del Lili,Dr. Andrés Caicedo,No hay especialista disponible
230,5,2026-04-16T20:12:00-05:00,plataforma,Clínica Sebastián de Belalcázar,Dr. Julián Mosquera,Sin cupo en UCI
230,6,2026-04-17T04:04:00-05:00,telefono,Clínica Colombia Cali,Dr. Andrés Caicedo,Sin cupo en UCI
230,7,2026-04-17T09:58:00-05:00,telefono,Hospital San Juan de Dios Cali,Dr. Julián Mosquera,Sin cupo en UCI
231,1,2026-06-04T18:17:00-05:00,telefono,Clínica de Occidente,Dra. Paola Muñoz,Sin respuesta en la línea de referencia
231,2,2026-06-04T21:26:00-05:00,plataforma,Clínica Nuestra Señora de los Remedios,Enf. Luz Mery Rivas,No hay convenio con la EPS del paciente
231,3,2026-06-05T02:24:00-05:00,correo,Clínica de Occidente,Enf. Jhon Fredy Balanta,Solicitan autorización de la EPS antes de aceptar
232,1,2026-03-19T07:52:00-05:00,plataforma,Clínica Imbanaco,Enf. Luz Mery Rivas,No hay especialista disponible
232,2,2026-03-19T12:03:00-05:00,plataforma,Hospital Universitario del Valle,Enf. Luz Mery Rivas,Sin cupo en UCI
232,3,2026-03-19T14:40:00-05:00,telefono,Hospital Universitario del Valle,Dr. Julián Mosquera,"En estudio, solicitan enviar historia clínica"
233,1,2026-07-20T02:11:00-05:00,plataforma,Clínica de Occidente,Dr. Julián Mosquera,Sin cupo en UCI
233,2,2026-07-20T03:13:00-05:00,telefono,Hospital Universitario del Valle,Enf. Luz Mery Rivas,Acepta paciente para valoración por especialista
234,1,2026-06-02T04:09:00-05:00,plataforma,Clínica Farallones,Enf. Luz Mery Rivas,Servicio de hemodinamia sin disponibilidad
234,2,2026-06-02T04:32:00-05:00,telefono,Clínica Sebastián de Belalcázar,Enf. Jhon Fredy Balanta,"Acepta paciente, enviar en ambulancia medicalizada"
235,1,2026-08-16T01:18:00-05:00,plataforma,Fundación Valle del Lili,Dra. Paola Muñoz,No hay especialista disponible
235,2,2026-08-16T02:17:00-05:00,plataforma,Clínica Imbanaco,Enf. Luz Mery Rivas,"Acepta paciente, cama asignada"
236,1,2026-05-04T02:34:00-05:00,plataforma,Hospital Universitario San José (Popayán),Enf. Luz Mery Rivas,Rechazan por no tener autorización de la EPS
236,2,2026-05-04T10:32:00-05:00,telefono,Clínica Farallones,Dra. Paola Muñoz,No hay especialista disponible
236,3,2026-05-04T11:43:00-05:00,telefono,Clínica Nuestra Señora de los Remedios,Dra. Paola Muñoz,Rechazan por no tener autorización de la EPS
236,4,2026-05-04T13:43:00-05:00,plataforma,Clínica Colombia Cali,Dr. Julián Mosquera,Sin respuesta en la línea de referencia
236,5,2026-05-04T20:51:00-05:00,correo,Clínica de Occidente,Dr. Andrés Caicedo,Rechazan por no tener autorización de la EPS
236,6,2026-05-05T02:51:00-05:00,correo,Clínica Imbanaco,Enf. Luz Mery Rivas,Sin cupo en UCI
236,7,2026-05-05T05:10:00-05:00,telefono,Hospital Universitario San José (Popayán),Enf. Luz Mery Rivas,Rechazan por no tener autorización de la EPS
237,1,2026-03-29T17:52:00-05:00,telefono,Hospital San Juan de Dios Cali,Dr. Andrés Caicedo,Sin cupo en UCI
237,2,2026-03-30T00:10:00-05:00,correo,Clínica Versalles,Dr. Julián Mosquera,Sin cupo en UCI
237,3,2026-03-30T04:47:00-05:00,telefono,Clínica Nuestra Señora de los Remedios,Enf. Luz Mery Rivas,No hay especialista disponible
237,4,2026-03-30T06:37:00-05:00,telefono,Clínica Colombia Cali,Dr. Andrés Caicedo,Sin respuesta en la línea de referencia
237,5,2026-03-30T08:55:00-05:00,plataforma,Clínica de Occidente,Dra. Paola Muñoz,"Cama no disponible, llamar mañana"
237,6,2026-03-30T14:02:00-05:00,telefono,Hospital Universitario del Valle,Dra. Paola Muñoz,Sin respuesta en la línea de referencia
238,1,2026-05-17T10:40:00-05:00,telefono,Clínica Imbanaco,Enf. Luz Mery Rivas,"Cama no disponible, llamar mañana"
238,2,2026-05-17T12:20:00-05:00,telefono,Clínica de Occidente,Dr. Andrés Caicedo,Acepta paciente en UCI
239,1,2026-03-14T08:49:00-05:00,plataforma,Hospital Universitario del Valle,Dr. Andrés Caicedo,Sin cupo en UCI
239,2,2026-03-14T16:33:00-05:00,plataforma,Clínica Imbanaco,Dra. Carolina Ararat,No hay convenio con la EPS del paciente
239,3,2026-03-14T22:00:00-05:00,telefono,Clínica Versalles,Dra. Paola Muñoz,Servicio de hemodinamia sin disponibilidad
239,4,2026-03-14T23:45:00-05:00,telefono,Clínica Colombia Cali,Dr. Julián Mosquera,Sin cupo en UCI
239,5,2026-03-15T04:46:00-05:00,correo,Hospital Universitario del Valle,Enf. Luz Mery Rivas,Sin respuesta en la línea de referencia
240,1,2026-04-10T15:46:00-05:00,telefono,Hospital San Juan de Dios Cali,Enf. Jhon Fredy Balanta,No hay convenio con la EPS del paciente
240,2,2026-04-10T20:10:00-05:00,correo,Clínica Sebastián de Belalcázar,Dra. Carolina Ararat,Servicio de hemodinamia sin disponibilidad
240,3,2026-04-11T02:02:00-05:00,plataforma,Clínica Farallones,Dr. Andrés Caicedo,"En estudio, solicitan enviar historia clínica"
241,1,2026-06-04T10:37:00-05:00,telefono,Hospital Universitario del Valle,Dra. Carolina Ararat,"Acepta paciente, cama asignada"
242,1,2026-06-25T13:03:00-05:00,telefono,Clínica Imbanaco,Enf. Luz Mery Rivas,No hay especialista disponible
242,2,2026-06-25T15:53:00-05:00,telefono,Hospital Universitario San José (Popayán),Dra. Carolina Ararat,No hay especialista disponible
242,3,2026-06-25T19:26:00-05:00,telefono,Hospital Universitario del Valle,Dr. Andrés Caicedo,"Cama no disponible, llamar mañana"
242,4,2026-06-25T20:26:00-05:00,plataforma,Clínica Versalles,Enf. Jhon Fredy Balanta,No hay especialista disponible
242,5,2026-06-25T22:12:00-05:00,telefono,Clínica de Occidente,Dr. Julián Mosquera,Rechazan por no tener autorización de la EPS
242,6,2026-06-26T03:25:00-05:00,plataforma,Hospital Universitario del Valle,Enf. Luz Mery Rivas,"Cama no disponible, llamar mañana"
243,1,2026-04-29T22:04:00-05:00,telefono,Clínica Colombia Cali,Enf. Jhon Fredy Balanta,"Cama no disponible, llamar mañana"
243,2,2026-04-30T01:27:00-05:00,telefono,Hospital Universitario del Valle,Dra. Paola Muñoz,No hay especialista disponible
243,3,2026-04-30T03:16:00-05:00,plataforma,Hospital San Juan de Dios Cali,Dra. Carolina Ararat,No hay especialista disponible
243,4,2026-04-30T04:39:00-05:00,telefono,Hospital Universitario del Valle,Enf. Luz Mery Rivas,"En estudio, solicitan enviar historia clínica"
244,1,2026-06-25T20:14:00-05:00,telefono,Hospital Universitario San José (Popayán),Dra. Paola Muñoz,No hay especialista disponible
244,2,2026-06-25T21:55:00-05:00,telefono,Hospital San Juan de Dios Cali,Dra. Carolina Ararat,"Acepta paciente, enviar en ambulancia medicalizada"
245,1,2026-09-13T09:29:00-05:00,plataforma,Hospital Universitario San José (Popayán),Dr. Andrés Caicedo,Sin cupo en UCI
245,2,2026-09-13T11:00:00-05:00,telefono,Clínica Sebastián de Belalcázar,Dr. Julián Mosquera,Acepta paciente para valoración por especialista
246,1,2026-04-14T02:48:00-05:00,telefono,Clínica Sebastián de Belalcázar,Enf. Luz Mery Rivas,Rechazan por no tener autorización de la EPS
246,2,2026-04-14T07:02:00-05:00,telefono,Clínica de Occidente,Enf. Luz Mery Rivas,Sin respuesta en la línea de referencia
246,3,2026-04-14T13:03:00-05:00,plataforma,Clínica Farallones,Dr. Andrés Caicedo,Rechazan por no tener autorización de la EPS
246,4,2026-04-14T16:32:00-05:00,telefono,Clínica Imbanaco,Dr. Julián Mosquera,Rechazan por no tener autorización de la EPS
246,5,2026-04-14T23:43:00-05:00,telefono,Hospital Universitario San José (Popayán),Dra. Carolina Ararat,Servicio de hemodinamia sin disponibilidad
247,1,2026-07-15T02:51:00-05:00,telefono,Clínica Imbanaco,Dra. Carolina Ararat,Servicio de hemodinamia sin disponibilidad
247,2,2026-07-15T10:40:00-05:00,telefono,Fundación Valle del Lili,Enf. Luz Mery Rivas,Servicio de hemodinamia sin disponibilidad
247,3,2026-07-15T14:48:00-05:00,plataforma,Hospital San Juan de Dios Cali,Enf. Luz Mery Rivas,Sin cupo en UCI
247,4,2026-07-15T19:17:00-05:00,telefono,Clínica Farallones,Dra. Paola Muñoz,"Cama no disponible, llamar mañana"
247,5,2026-07-15T22:37:00-05:00,telefono,Clínica Nuestra Señora de los Remedios,Dra. Paola Muñoz,No hay especialista disponible
247,6,2026-07-16T05:18:00-05:00,telefono,Clínica Colombia Cali,Dra. Carolina Ararat,No hay especialista disponible
247,7,2026-07-16T10:33:00-05:00,telefono,Clínica Colombia Cali,Dra. Carolina Ararat,Sin cupo en UCI
248,1,2026-06-23T20:07:00-05:00,plataforma,Hospital Universitario San José (Popayán),Dra. Paola Muñoz,No hay especialista disponible
248,2,2026-06-23T20:56:00-05:00,telefono,Clínica de Occidente,Dr. Julián Mosquera,Acepta paciente en UCI
249,1,2026-03-29T18:07:00-05:00,plataforma,Hospital Universitario del Valle,Dra. Carolina Ararat,Servicio de hemodinamia sin disponibilidad
249,2,2026-03-30T01:31:00-05:00,plataforma,Hospital San Juan de Dios Cali,Dra. Paola Muñoz,Sin respuesta en la línea de referencia
249,3,2026-03-30T07:04:00-05:00,telefono,Clínica Farallones,Dra. Carolina Ararat,No hay especialista disponible
249,4,2026-03-30T10:56:00-05:00,correo,Clínica Imbanaco,Dr. Andrés Caicedo,No hay convenio con la EPS del paciente
249,5,2026-03-30T16:24:00-05:00,plataforma,Hospital Universitario del Valle,Enf. Luz Mery Rivas,No hay convenio con la EPS del paciente
250,1,2026-09-06T11:04:00-05:00,telefono,Clínica Nuestra Señora de los Remedios,Enf. Luz Mery Rivas,Sin respuesta en la línea de referencia
250,2,2026-09-06T13:30:00-05:00,plataforma,Hospital San Juan de Dios Cali,Dr. Andrés Caicedo,No hay especialista disponible
250,3,2026-09-06T16:17:00-05:00,telefono,Clínica Colombia Cali,Dra. Carolina Ararat,Sin cupo en UCI
250,4,2026-09-06T18:30:00-05:00,telefono,Hospital San Juan de Dios Cali,Dra. Paola Muñoz,"En estudio, solicitan enviar historia clínica"
251,1,2026-08-17T13:44:00-05:00,correo,Hospital Universitario del Valle,Enf. Jhon Fredy Balanta,"Acepta paciente, enviar en ambulancia medicalizada"
252,1,2026-09-11T10:50:00-05:00,plataforma,Hospital Universitario San José (Popayán),Dra. Carolina Ararat,"Cama no disponible, llamar mañana"
252,2,2026-09-11T12:25:00-05:00,telefono,Clínica Sebastián de Belalcázar,Dra. Paola Muñoz,Rechazan por no tener autorización de la EPS
252,3,2026-09-11T13:26:00-05:00,telefono,Clínica Colombia Cali,Dr. Julián Mosquera,Rechazan por no tener autorización de la EPS
252,4,2026-09-11T17:08:00-05:00,plataforma,Hospital Universitario San José (Popayán),Enf. Luz Mery Rivas,Rechazan por no tener autorización de la EPS
253,1,2026-03-14T16:07:00-05:00,telefono,Clínica Sebastián de Belalcázar,Dr. Andrés Caicedo,No hay convenio con la EPS del paciente
253,2,2026-03-14T17:08:00-05:00,telefono,Fundación Valle del Lili,Dr. Julián Mosquera,Rechazan por no tener autorización de la EPS
253,3,2026-03-14T19:45:00-05:00,telefono,Clínica Imbanaco,Dr. Andrés Caicedo,"En estudio, solicitan enviar historia clínica"
254,1,2026-06-02T14:41:00-05:00,telefono,Clínica Imbanaco,Dr. Andrés Caicedo,No hay especialista disponible
254,2,2026-06-02T16:19:00-05:00,plataforma,Clínica Versalles,Dr. Julián Mosquera,Sin cupo en UCI
254,3,2026-06-03T00:00:00-05:00,plataforma,Hospital Universitario del Valle,Dr. Andrés Caicedo,No hay convenio con la EPS del paciente
254,4,2026-06-03T05:49:00-05:00,telefono,Clínica Sebastián de Belalcázar,Dr. Julián Mosquera,Rechazan por no tener autorización de la EPS
254,5,2026-06-03T12:01:00-05:00,plataforma,Clínica Nuestra Señora de los Remedios,Dr. Andrés Caicedo,Sin cupo en UCI
254,6,2026-06-03T17:27:00-05:00,correo,Hospital San Juan de Dios Cali,Enf. Jhon Fredy Balanta,No hay convenio con la EPS del paciente
254,7,2026-06-03T18:30:00-05:00,telefono,Hospital Universitario del Valle,Dra. Paola Muñoz,Servicio de hemodinamia sin disponibilidad
255,1,2026-08-03T09:47:00-05:00,telefono,Fundación Valle del Lili,Dr. Andrés Caicedo,"Cama no disponible, llamar mañana"
255,2,2026-08-03T17:34:00-05:00,telefono,Clínica Colombia Cali,Dr. Julián Mosquera,Rechazan por no tener autorización de la EPS
255,3,2026-08-03T20:31:00-05:00,telefono,Hospital San Juan de Dios Cali,Dra. Paola Muñoz,"Cama no disponible, llamar mañana"
255,4,2026-08-03T21:55:00-05:00,telefono,Clínica Farallones,Dr. Andrés Caicedo,"Cama no disponible, llamar mañana"
256,1,2026-03-11T05:16:00-05:00,plataforma,Fundación Valle del Lili,Dra. Carolina Ararat,Rechazan por no tener autorización de la EPS
256,2,2026-03-11T12:03:00-05:00,telefono,Clínica Nuestra Señora de los Remedios,Dra. Paola Muñoz,Sin cupo en UCI
256,3,2026-03-11T18:00:00-05:00,telefono,Clínica Versalles,Dr. Andrés Caicedo,Sin cupo en UCI
256,4,2026-03-11T19:00:00-05:00,plataforma,Hospital Universitario San José (Popayán),Dr. Andrés Caicedo,Servicio de hemodinamia sin disponibilidad
256,5,2026-03-12T01:13:00-05:00,correo,Hospital Universitario del Valle,Enf. Jhon Fredy Balanta,Sin cupo en UCI
257,1,2026-06-15T12:33:00-05:00,telefono,Clínica Colombia Cali,Dr. Julián Mosquera,"Cama no disponible, llamar mañana"
257,2,2026-06-15T17:16:00-05:00,plataforma,Hospital Universitario San José (Popayán),Dra. Paola Muñoz,Servicio de hemodinamia sin disponibilidad
257,3,2026-06-15T19:33:00-05:00,plataforma,Hospital San Juan de Dios Cali,Dr. Andrés Caicedo,No hay especialista disponible
257,4,2026-06-15T22:36:00-05:00,telefono,Clínica Versalles,Dr. Andrés Caicedo,Sin cupo en UCI
258,1,2026-06-24T04:10:00-05:00,plataforma,Fundación Valle del Lili,Dr. Andrés Caicedo,Acepta paciente en UCI
259,1,2026-03-27T08:02:00-05:00,plataforma,Clínica Imbanaco,Enf. Jhon Fredy Balanta,Rechazan por no tener autorización de la EPS
259,2,2026-03-27T15:57:00-05:00,plataforma,Clínica Versalles,Enf. Luz Mery Rivas,Servicio de hemodinamia sin disponibilidad
259,3,2026-03-27T21:45:00-05:00,telefono,Clínica Farallones,Enf. Luz Mery Rivas,"Cama no disponible, llamar mañana"
259,4,2026-03-28T02:26:00-05:00,telefono,Clínica Sebastián de Belalcázar,Dr. Julián Mosquera,No hay especialista disponible
259,5,2026-03-28T06:29:00-05:00,telefono,Hospital Universitario San José (Popayán),Dra. Paola Muñoz,Sin respuesta en la línea de referencia
259,6,2026-03-28T12:12:00-05:00,plataforma,Hospital Universitario del Valle,Dra. Paola Muñoz,No hay especialista disponible
259,7,2026-03-28T18:15:00-05:00,plataforma,Hospital Universitario del Valle,Dr. Julián Mosquera,Rechazan por no tener autorización de la EPS
260,1,2026-08-05T03:17:00-05:00,plataforma,Clínica Colombia Cali,Enf. Jhon Fredy Balanta,"Cama no disponible, llamar mañana"
260,2,2026-08-05T10:24:00-05:00,plataforma,Hospital San Juan de Dios Cali,Dra. Paola Muñoz,No hay especialista disponible
260,3,2026-08-05T14:46:00-05:00,plataforma,Clínica Versalles,Dra. Paola Muñoz,Sin cupo en UCI
260,4,2026-08-05T17:32:00-05:00,plataforma,Fundación Valle del Lili,Dra. Paola Muñoz,No hay convenio con la EPS del paciente
260,5,2026-08-06T00:37:00-05:00,telefono,Clínica Nuestra Señora de los Remedios,Dra. Paola Muñoz,Rechazan por no tener autorización de la EPS
260,6,2026-08-06T04:22:00-05:00,plataforma,Clínica Farallones,Dr. Julián Mosquera,No hay convenio con la EPS del paciente
260,7,2026-08-06T09:51:00-05:00,telefono,Clínica Colombia Cali,Dr. Andrés Caicedo,Servicio de hemodinamia sin disponibilidad
261,1,2026-08-13T21:28:00-05:00,plataforma,Hospital Universitario del Valle,Dr. Julián Mosquera,Acepta paciente en UCI
262,1,2026-04-04T18:04:00-05:00,correo,Clínica Farallones,Dra. Carolina Ararat,"Cama no disponible, llamar mañana"
262,2,2026-04-04T21:42:00-05:00,telefono,Clínica Imbanaco,Enf. Jhon Fredy Balanta,Sin cupo en UCI
262,3,2026-04-04T23:56:00-05:00,plataforma,Clínica Colombia Cali,Dr. Julián Mosquera,No hay convenio con la EPS del paciente
262,4,2026-04-05T02:50:00-05:00,telefono,Clínica Farallones,Dr. Andrés Caicedo,Solicitan autorización de la EPS antes de aceptar
263,1,2026-09-10T11:59:00-05:00,telefono,Clínica Farallones,Enf. Jhon Fredy Balanta,Servicio de hemodinamia sin disponibilidad
263,2,2026-09-10T13:46:00-05:00,telefono,Clínica Nuestra Señora de los Remedios,Dra. Carolina Ararat,"Acepta paciente, cama asignada"
264,1,2026-06-11T04:56:00-05:00,plataforma,Clínica de Occidente,Enf. Jhon Fredy Balanta,Sin respuesta en la línea de referencia
264,2,2026-06-11T12:46:00-05:00,telefono,Hospital Universitario San José (Popayán),Enf. Luz Mery Rivas,No hay convenio con la EPS del paciente
264,3,2026-06-11T20:03:00-05:00,telefono,Clínica Nuestra Señora de los Remedios,Enf. Luz Mery Rivas,Rechazan por no tener autorización de la EPS
264,4,2026-06-11T22:22:00-05:00,correo,Clínica Colombia Cali,Enf. Jhon Fredy Balanta,Rechazan por no tener autorización de la EPS
264,5,2026-06-12T00:39:00-05:00,correo,Hospital San Juan de Dios Cali,Dr. Andrés Caicedo,Servicio de hemodinamia sin disponibilidad
264,6,2026-06-12T03:19:00-05:00,plataforma,Clínica Versalles,Dra. Carolina Ararat,"Cama no disponible, llamar mañana"
264,7,2026-06-12T06:03:00-05:00,telefono,Hospital Universitario del Valle,Dr. Andrés Caicedo,"Cama no disponible, llamar mañana"
265,1,2026-08-21T18:12:00-05:00,telefono,Clínica Versalles,Enf. Luz Mery Rivas,Acepta paciente en UCI
266,1,2026-06-25T15:07:00-05:00,plataforma,Hospital San Juan de Dios Cali,Dr. Julián Mosquera,"Cama no disponible, llamar mañana"
266,2,2026-06-25T18:42:00-05:00,telefono,Hospital Universitario San José (Popayán),Dr. Andrés Caicedo,Servicio de hemodinamia sin disponibilidad
266,3,2026-06-25T22:51:00-05:00,telefono,Clínica Colombia Cali,Enf. Luz Mery Rivas,Solicitan autorización de la EPS antes de aceptar
267,1,2026-09-01T08:09:00-05:00,telefono,Hospital Universitario del Valle,Dra. Paola Muñoz,Rechazan por no tener autorización de la EPS
267,2,2026-09-01T13:50:00-05:00,plataforma,Clínica Versalles,Enf. Jhon Fredy Balanta,Sin cupo en UCI
267,3,2026-09-01T18:36:00-05:00,correo,Clínica Sebastián de Belalcázar,Dr. Andrés Caicedo,Sin respuesta en la línea de referencia
267,4,2026-09-01T23:09:00-05:00,correo,Hospital Universitario del Valle,Dra. Paola Muñoz,"En estudio, solicitan enviar historia clínica"
268,1,2026-04-11T09:05:00-05:00,telefono,Clínica Nuestra Señora de los Remedios,Enf. Luz Mery Rivas,Rechazan por no tener autorización de la EPS
268,2,2026-04-11T16:37:00-05:00,telefono,Hospital Universitario San José (Popayán),Dr. Andrés Caicedo,Rechazan por no tener autorización de la EPS
268,3,2026-04-11T22:49:00-05:00,telefono,Clínica Versalles,Dra. Carolina Ararat,No hay convenio con la EPS del paciente
268,4,2026-04-12T02:24:00-05:00,plataforma,Clínica Imbanaco,Dr. Julián Mosquera,No hay especialista disponible
268,5,2026-04-12T05:16:00-05:00,telefono,Clínica Colombia Cali,Dr. Julián Mosquera,No hay convenio con la EPS del paciente
268,6,2026-04-12T09:03:00-05:00,plataforma,Clínica Imbanaco,Dra. Carolina Ararat,Sin respuesta en la línea de referencia
269,1,2026-06-29T12:47:00-05:00,telefono,Hospital San Juan de Dios Cali,Dra. Paola Muñoz,Servicio de hemodinamia sin disponibilidad
269,2,2026-06-29T13:59:00-05:00,plataforma,Clínica Colombia Cali,Dra. Paola Muñoz,No hay convenio con la EPS del paciente
269,3,2026-06-29T18:39:00-05:00,telefono,Hospital San Juan de Dios Cali,Enf. Luz Mery Rivas,Llamar en 2 horas para confirmar cupo
270,1,2026-03-03T15:10:00-05:00,telefono,Hospital Universitario San José (Popayán),Enf. Luz Mery Rivas,Rechazan por no tener autorización de la EPS
270,2,2026-03-03T16:42:00-05:00,plataforma,Clínica Farallones,Enf. Luz Mery Rivas,Rechazan por no tener autorización de la EPS
270,3,2026-03-03T19:47:00-05:00,telefono,Clínica Imbanaco,Dra. Paola Muñoz,"Cama no disponible, llamar mañana"
270,4,2026-03-03T23:03:00-05:00,telefono,Clínica Versalles,Dra. Carolina Ararat,"En estudio, solicitan enviar historia clínica"
271,1,2026-05-09T08:16:00-05:00,telefono,Clínica Sebastián de Belalcázar,Enf. Luz Mery Rivas,"Cama no disponible, llamar mañana"
271,2,2026-05-09T12:46:00-05:00,telefono,Hospital Universitario San José (Popayán),Enf. Luz Mery Rivas,Servicio de hemodinamia sin disponibilidad
271,3,2026-05-09T15:25:00-05:00,telefono,Clínica Nuestra Señora de los Remedios,Dr. Julián Mosquera,Rechazan por no tener autorización de la EPS
271,4,2026-05-09T22:41:00-05:00,plataforma,Clínica Farallones,Dra. Carolina Ararat,Servicio de hemodinamia sin disponibilidad
271,5,2026-05-10T06:40:00-05:00,telefono,Clínica Versalles,Dr. Julián Mosquera,Sin cupo en UCI
271,6,2026-05-10T09:24:00-05:00,telefono,Hospital San Juan de Dios Cali,Dra. Carolina Ararat,"Cama no disponible, llamar mañana"
271,7,2026-05-10T10:40:00-05:00,plataforma,Clínica Imbanaco,Dr. Andrés Caicedo,Servicio de hemodinamia sin disponibilidad
272,1,2026-08-30T08:05:00-05:00,telefono,Clínica Farallones,Enf. Jhon Fredy Balanta,"Acepta paciente, cama asignada"
273,1,2026-03-23T21:56:00-05:00,telefono,Clínica Imbanaco,Dra. Carolina Ararat,No hay convenio con la EPS del paciente
273,2,2026-03-23T22:45:00-05:00,telefono,Hospital Universitario del Valle,Enf. Luz Mery Rivas,"Acepta paciente, enviar en ambulancia medicalizada"
274,1,2026-07-21T03:17:00-05:00,telefono,Clínica Colombia Cali,Enf. Luz Mery Rivas,"Cama no disponible, llamar mañana"
274,2,2026-07-21T04:42:00-05:00,plataforma,Clínica Nuestra Señora de los Remedios,Enf. Jhon Fredy Balanta,Servicio de hemodinamia sin disponibilidad
274,3,2026-07-21T09:52:00-05:00,plataforma,Clínica Versalles,Dra. Paola Muñoz,No hay especialista disponible
274,4,2026-07-21T12:38:00-05:00,telefono,Hospital Universitario San José (Popayán),Dra. Carolina Ararat,Rechazan por no tener autorización de la EPS
274,5,2026-07-21T17:40:00-05:00,telefono,Clínica Sebastián de Belalcázar,Enf. Jhon Fredy Balanta,Rechazan por no tener autorización de la EPS
274,6,2026-07-21T21:10:00-05:00,telefono,Clínica Imbanaco,Dr. Andrés Caicedo,Sin respuesta en la línea de referencia
274,7,2026-07-22T05:05:00-05:00,telefono,Clínica Farallones,Dr. Julián Mosquera,"Cama no disponible, llamar mañana"
275,1,2026-07-13T10:10:00-05:00,plataforma,Clínica Farallones,Enf. Jhon Fredy Balanta,No hay especialista disponible
275,2,2026-07-13T10:40:00-05:00,plataforma,Clínica Sebastián de Belalcázar,Enf. Luz Mery Rivas,Acepta paciente en UCI
276,1,2026-07-06T18:18:00-05:00,telefono,Hospital Universitario del Valle,Dr. Julián Mosquera,"Acepta paciente, cama asignada"
277,1,2026-04-08T13:40:00-05:00,telefono,Clínica de Occidente,Enf. Jhon Fredy Balanta,Rechazan por no tener autorización de la EPS
277,2,2026-04-08T16:50:00-05:00,plataforma,Clínica Nuestra Señora de los Remedios,Dr. Andrés Caicedo,Servicio de hemodinamia sin disponibilidad
277,3,2026-04-08T18:36:00-05:00,telefono,Clínica Versalles,Dr. Andrés Caicedo,"Cama no disponible, llamar mañana"
277,4,2026-04-08T22:22:00-05:00,correo,Hospital Universitario San José (Popayán),Dr. Julián Mosquera,"En estudio, solicitan enviar historia clínica"
278,1,2026-03-14T18:20:00-05:00,telefono,Hospital San Juan de Dios Cali,Dra. Carolina Ararat,Servicio de hemodinamia sin disponibilidad
278,2,2026-03-14T19:40:00-05:00,telefono,Clínica Imbanaco,Dr. Andrés Caicedo,Acepta paciente en UCI
279,1,2026-03-25T07:04:00-05:00,telefono,Clínica Versalles,Enf. Luz Mery Rivas,Rechazan por no tener autorización de la EPS
279,2,2026-03-25T08:26:00-05:00,telefono,Clínica Imbanaco,Dr. Andrés Caicedo,Rechazan por no tener autorización de la EPS
279,3,2026-03-25T13:21:00-05:00,telefono,Hospital Universitario del Valle,Dr. Julián Mosquera,"En estudio, solicitan enviar historia clínica"
280,1,2026-07-24T11:40:00-05:00,telefono,Hospital San Juan de Dios Cali,Dr. Andrés Caicedo,Servicio de hemodinamia sin disponibilidad
280,2,2026-07-24T17:32:00-05:00,telefono,Hospital Universitario San José (Popayán),Dr. Julián Mosquera,Sin respuesta en la línea de referencia
280,3,2026-07-24T23:25:00-05:00,correo,Clínica Nuestra Señora de los Remedios,Dr. Julián Mosquera,Rechazan por no tener autorización de la EPS
280,4,2026-07-25T00:47:00-05:00,telefono,Clínica Colombia Cali,Enf. Jhon Fredy Balanta,Llamar en 2 horas para confirmar cupo
281,1,2026-06-16T07:03:00-05:00,correo,Hospital San Juan de Dios Cali,Enf. Luz Mery Rivas,No hay convenio con la EPS del paciente
281,2,2026-06-16T13:49:00-05:00,telefono,Fundación Valle del Lili,Enf. Luz Mery Rivas,Sin respuesta en la línea de referencia
281,3,2026-06-16T18:15:00-05:00,telefono,Clínica Nuestra Señora de los Remedios,Dra. Carolina Ararat,Sin respuesta en la línea de referencia
281,4,2026-06-16T23:49:00-05:00,telefono,Clínica Imbanaco,Enf. Luz Mery Rivas,Servicio de hemodinamia sin disponibilidad
281,5,2026-06-17T04:50:00-05:00,correo,Clínica Versalles,Dr. Andrés Caicedo,"Cama no disponible, llamar mañana"
281,6,2026-06-17T08:50:00-05:00,telefono,Clínica Colombia Cali,Dr. Julián Mosquera,Sin respuesta en la línea de referencia
281,7,2026-06-17T13:28:00-05:00,telefono,Hospital Universitario del Valle,Dra. Carolina Ararat,Sin respuesta en la línea de referencia
282,1,2026-09-02T12:39:00-05:00,correo,Hospital San Juan de Dios Cali,Enf. Luz Mery Rivas,No hay convenio con la EPS del paciente
282,2,2026-09-02T13:47:00-05:00,telefono,Hospital Universitario San José (Popayán),Enf. Jhon Fredy Balanta,"Acepta paciente, enviar en ambulancia medicalizada"
283,1,2026-09-13T01:35:00-05:00,telefono,Clínica de Occidente,Dra. Paola Muñoz,Rechazan por no tener autorización de la EPS
283,2,2026-09-13T04:34:00-05:00,telefono,Clínica Imbanaco,Dra. Paola Muñoz,Sin respuesta en la línea de referencia
283,3,2026-09-13T09:13:00-05:00,plataforma,Hospital San Juan de Dios Cali,Dra. Paola Muñoz,Sin cupo en UCI
283,4,2026-09-13T12:59:00-05:00,telefono,Hospital Universitario del Valle,Enf. Jhon Fredy Balanta,Pendiente valoración del especialista de turno
284,1,2026-04-06T09:40:00-05:00,telefono,Clínica Nuestra Señora de los Remedios,Enf. Jhon Fredy Balanta,Servicio de hemodinamia sin disponibilidad
284,2,2026-04-06T10:07:00-05:00,plataforma,Hospital San Juan de Dios Cali,Enf. Jhon Fredy Balanta,Acepta paciente para valoración por especialista
285,1,2026-08-10T16:59:00-05:00,telefono,Clínica Colombia Cali,Dr. Andrés Caicedo,Sin respuesta en la línea de referencia
285,2,2026-08-10T20:06:00-05:00,plataforma,Clínica Versalles,Dr. Julián Mosquera,Sin respuesta en la línea de referencia
285,3,2026-08-10T21:30:00-05:00,telefono,Clínica Nuestra Señora de los Remedios,Enf. Luz Mery Rivas,"Cama no disponible, llamar mañana"
285,4,2026-08-11T00:39:00-05:00,telefono,Clínica Nuestra Señora de los Remedios,Dr. Julián Mosquera,Pendiente valoración del especialista de turno
286,1,2026-08-23T15:45:00-05:00,correo,Clínica Colombia Cali,Dr. Andrés Caicedo,"Cama no disponible, llamar mañana"
286,2,2026-08-23T17:28:00-05:00,correo,Clínica Nuestra Señora de los Remedios,Dr. Julián Mosquera,No hay especialista disponible
286,3,2026-08-23T23:37:00-05:00,plataforma,Hospital San Juan de Dios Cali,Dra. Paola Muñoz,No hay convenio con la EPS del paciente
286,4,2026-08-24T00:43:00-05:00,telefono,Clínica Versalles,Dr. Julián Mosquera,Sin cupo en UCI
286,5,2026-08-24T02:14:00-05:00,telefono,Clínica de Occidente,Enf. Jhon Fredy Balanta,No hay especialista disponible
286,6,2026-08-24T06:07:00-05:00,telefono,Clínica de Occidente,Dr. Julián Mosquera,Sin respuesta en la línea de referencia
287,1,2026-09-18T16:41:00-05:00,telefono,Clínica Sebastián de Belalcázar,Dr. Julián Mosquera,"Cama no disponible, llamar mañana"
287,2,2026-09-18T23:14:00-05:00,telefono,Clínica de Occidente,Dr. Julián Mosquera,Rechazan por no tener autorización de la EPS
287,3,2026-09-19T01:34:00-05:00,telefono,Hospital San Juan de Dios Cali,Enf. Luz Mery Rivas,Sin respuesta en la línea de referencia
287,4,2026-09-19T04:41:00-05:00,telefono,Clínica Farallones,Dr. Andrés Caicedo,No hay convenio con la EPS del paciente
287,5,2026-09-19T05:44:00-05:00,telefono,Clínica Imbanaco,Dra. Paola Muñoz,No hay convenio con la EPS del paciente
287,6,2026-09-19T10:02:00-05:00,telefono,Fundación Valle del Lili,Enf. Luz Mery Rivas,Servicio de hemodinamia sin disponibilidad
287,7,2026-09-19T14:35:00-05:00,telefono,Fundación Valle del Lili,Dr. Andrés Caicedo,Rechazan por no tener autorización de la EPS
288,1,2026-04-15T08:13:00-05:00,telefono,Clínica Versalles,Enf. Luz Mery Rivas,Sin cupo en UCI
288,2,2026-04-15T11:39:00-05:00,plataforma,Hospital Universitario San José (Popayán),Dra. Paola Muñoz,"Cama no disponible, llamar mañana"
288,3,2026-04-15T15:48:00-05:00,plataforma,Clínica Farallones,Dr. Andrés Caicedo,Llamar en 2 horas para confirmar cupo
289,1,2026-08-25T05:44:00-05:00,telefono,Hospital San Juan de Dios Cali,Dr. Andrés Caicedo,No hay especialista disponible
289,2,2026-08-25T06:30:00-05:00,telefono,Clínica de Occidente,Dra. Paola Muñoz,"Acepta paciente, enviar en ambulancia medicalizada"
290,1,2026-06-21T07:49:00-05:00,telefono,Fundación Valle del Lili,Dr. Julián Mosquera,No hay convenio con la EPS del paciente
290,2,2026-06-21T09:32:00-05:00,telefono,Clínica Farallones,Enf. Luz Mery Rivas,Acepta paciente en UCI
291,1,2026-09-20T11:44:00-05:00,telefono,Clínica Imbanaco,Enf. Luz Mery Rivas,Rechazan por no tener autorización de la EPS
291,2,2026-09-20T15:26:00-05:00,plataforma,Hospital Universitario San José (Popayán),Enf. Jhon Fredy Balanta,Sin respuesta en la línea de referencia
291,3,2026-09-20T19:07:00-05:00,telefono,Clínica Colombia Cali,Dr. Julián Mosquera,No hay convenio con la EPS del paciente
291,4,2026-09-20T23:12:00-05:00,telefono,Clínica Imbanaco,Enf. Luz Mery Rivas,Pendiente valoración del especialista de turno
292,1,2026-07-02T13:43:00-05:00,plataforma,Clínica Imbanaco,Enf. Luz Mery Rivas,Servicio de hemodinamia sin disponibilidad
292,2,2026-07-02T19:26:00-05:00,telefono,Fundación Valle del Lili,Dra. Paola Muñoz,"Cama no disponible, llamar mañana"
292,3,2026-07-02T21:54:00-05:00,telefono,Clínica Farallones,Dr. Julián Mosquera,Sin cupo en UCI
292,4,2026-07-02T23:48:00-05:00,correo,Hospital Universitario del Valle,Dra. Paola Muñoz,Pendiente valoración del especialista de turno
293,1,2026-08-06T16:44:00-05:00,telefono,Clínica de Occidente,Enf. Jhon Fredy Balanta,Sin respuesta en la línea de referencia
293,2,2026-08-06T18:03:00-05:00,correo,Clínica Imbanaco,Dr. Julián Mosquera,No hay convenio con la EPS del paciente
293,3,2026-08-06T19:11:00-05:00,telefono,Clínica Sebastián de Belalcázar,Enf. Luz Mery Rivas,No hay especialista disponible
293,4,2026-08-07T00:09:00-05:00,telefono,Clínica Nuestra Señora de los Remedios,Enf. Jhon Fredy Balanta,"En estudio, solicitan enviar historia clínica"
294,1,2026-04-12T04:06:00-05:00,telefono,Clínica Sebastián de Belalcázar,Dra. Paola Muñoz,Sin respuesta en la línea de referencia
294,2,2026-04-12T08:19:00-05:00,telefono,Clínica Colombia Cali,Enf. Luz Mery Rivas,Sin cupo en UCI
294,3,2026-04-12T10:54:00-05:00,plataforma,Fundación Valle del Lili,Enf. Jhon Fredy Balanta,"Cama no disponible, llamar mañana"
294,4,2026-04-12T18:30:00-05:00,plataforma,Hospital Universitario San José (Popayán),Dr. Andrés Caicedo,Servicio de hemodinamia sin disponibilidad
294,5,2026-04-13T01:26:00-05:00,plataforma,Hospital Universitario San José (Popayán),Dra. Carolina Ararat,Sin cupo en UCI
295,1,2026-06-29T15:03:00-05:00,telefono,Clínica Farallones,Enf. Jhon Fredy Balanta,No hay especialista disponible
295,2,2026-06-29T16:18:00-05:00,telefono,Hospital Universitario San José (Popayán),Dra. Carolina Ararat,Acepta paciente para valoración por especialista
296,1,2026-06-29T17:40:00-05:00,telefono,Clínica Sebastián de Belalcázar,Dr. Andrés Caicedo,Sin respuesta en la línea de referencia
296,2,2026-06-30T01:38:00-05:00,telefono,Clínica Imbanaco,Dra. Paola Muñoz,Sin cupo en UCI
296,3,2026-06-30T06:57:00-05:00,plataforma,Clínica Farallones,Dr. Julián Mosquera,Sin respuesta en la línea de referencia
296,4,2026-06-30T08:36:00-05:00,telefono,Clínica de Occidente,Dr. Julián Mosquera,No hay especialista disponible
297,1,2026-03-04T14:29:00-05:00,plataforma,Clínica Farallones,Enf. Jhon Fredy Balanta,Sin respuesta en la línea de referencia
297,2,2026-03-04T15:31:00-05:00,telefono,Clínica de Occidente,Dra. Paola Muñoz,"Cama no disponible, llamar mañana"
297,3,2026-03-04T20:21:00-05:00,telefono,Hospital San Juan de Dios Cali,Enf. Luz Mery Rivas,Solicitan autorización de la EPS antes de aceptar
298,1,2026-06-22T02:17:00-05:00,telefono,Clínica Versalles,Enf. Luz Mery Rivas,No hay convenio con la EPS del paciente
298,2,2026-06-22T04:05:00-05:00,correo,Clínica Imbanaco,Dra. Paola Muñoz,Sin cupo en UCI
298,3,2026-06-22T07:38:00-05:00,correo,Clínica Colombia Cali,Enf. Jhon Fredy Balanta,"Cama no disponible, llamar mañana"
298,4,2026-06-22T08:42:00-05:00,plataforma,Hospital Universitario San José (Popayán),Dra. Carolina Ararat,"Cama no disponible, llamar mañana"
298,5,2026-06-22T16:27:00-05:00,plataforma,Clínica Nuestra Señora de los Remedios,Enf. Jhon Fredy Balanta,Sin respuesta en la línea de referencia
299,1,2026-08-02T05:43:00-05:00,telefono,Clínica Sebastián de Belalcázar,Dr. Andrés Caicedo,Sin respuesta en la línea de referencia
299,2,2026-08-02T09:39:00-05:00,telefono,Clínica de Occidente,Enf. Jhon Fredy Balanta,No hay especialista disponible
299,3,2026-08-02T11:50:00-05:00,telefono,Clínica Imbanaco,Dr. Andrés Caicedo,Sin respuesta en la línea de referencia
299,4,2026-08-02T17:47:00-05:00,telefono,Clínica Farallones,Dra. Carolina Ararat,Servicio de hemodinamia sin disponibilidad
299,5,2026-08-02T23:23:00-05:00,telefono,Clínica Versalles,Dr. Julián Mosquera,Sin respuesta en la línea de referencia
299,6,2026-08-03T03:17:00-05:00,telefono,Hospital Universitario del Valle,Dr. Julián Mosquera,Sin cupo en UCI
300,1,2026-08-02T19:05:00-05:00,plataforma,Clínica Colombia Cali,Dra. Carolina Ararat,No hay especialista disponible
300,2,2026-08-02T19:31:00-05:00,correo,Clínica Versalles,Enf. Jhon Fredy Balanta,Acepta paciente para valoración por especialista
301,1,2026-05-26T22:03:00-05:00,plataforma,Clínica de Occidente,Enf. Luz Mery Rivas,"Acepta paciente, enviar en ambulancia medicalizada"
302,1,2026-07-20T12:33:00-05:00,correo,Hospital Universitario San José (Popayán),Enf. Jhon Fredy Balanta,"Acepta paciente, enviar en ambulancia medicalizada"
303,1,2026-06-25T13:06:00-05:00,telefono,Clínica Versalles,Dra. Paola Muñoz,Rechazan por no tener autorización de la EPS
303,2,2026-06-25T17:24:00-05:00,telefono,Clínica Sebastián de Belalcázar,Dr. Andrés Caicedo,"Cama no disponible, llamar mañana"
303,3,2026-06-25T20:31:00-05:00,telefono,Hospital Universitario San José (Popayán),Dr. Julián Mosquera,No hay convenio con la EPS del paciente
303,4,2026-06-26T00:45:00-05:00,correo,Hospital Universitario del Valle,Dra. Carolina Ararat,Llamar en 2 horas para confirmar cupo
304,1,2026-07-29T13:52:00-05:00,telefono,Hospital Universitario San José (Popayán),Dr. Julián Mosquera,Sin cupo en UCI
304,2,2026-07-29T20:32:00-05:00,plataforma,Clínica Farallones,Enf. Jhon Fredy Balanta,No hay convenio con la EPS del paciente
304,3,2026-07-30T01:42:00-05:00,telefono,Clínica Nuestra Señora de los Remedios,Dra. Carolina Ararat,"Cama no disponible, llamar mañana"
304,4,2026-07-30T02:48:00-05:00,plataforma,Clínica Imbanaco,Dr. Andrés Caicedo,"Cama no disponible, llamar mañana"
304,5,2026-07-30T06:54:00-05:00,telefono,Clínica de Occidente,Dr. Andrés Caicedo,Sin cupo en UCI
304,6,2026-07-30T08:50:00-05:00,correo,Hospital Universitario San José (Popayán),Dr. Andrés Caicedo,Sin respuesta en la línea de referencia
305,1,2026-04-30T19:08:00-05:00,plataforma,Clínica Sebastián de Belalcázar,Dra. Paola Muñoz,Sin respuesta en la línea de referencia
305,2,2026-04-30T20:56:00-05:00,telefono,Clínica Colombia Cali,Dr. Andrés Caicedo,Sin cupo en UCI
305,3,2026-05-01T04:55:00-05:00,telefono,Hospital San Juan de Dios Cali,Dra. Carolina Ararat,Servicio de hemodinamia sin disponibilidad
305,4,2026-05-01T11:12:00-05:00,telefono,Clínica Nuestra Señora de los Remedios,Dra. Carolina Ararat,No hay convenio con la EPS del paciente
305,5,2026-05-01T12:50:00-05:00,plataforma,Clínica Versalles,Dra. Paola Muñoz,Sin cupo en UCI
306,1,2026-08-14T19:14:00-05:00,plataforma,Clínica Nuestra Señora de los Remedios,Dra. Paola Muñoz,Servicio de hemodinamia sin disponibilidad
306,2,2026-08-14T23:06:00-05:00,plataforma,Clínica Colombia Cali,Dr. Julián Mosquera,No hay convenio con la EPS del paciente
306,3,2026-08-15T04:10:00-05:00,plataforma,Clínica Sebastián de Belalcázar,Dr. Andrés Caicedo,Sin respuesta en la línea de referencia
306,4,2026-08-15T06:21:00-05:00,telefono,Clínica Imbanaco,Dra. Carolina Ararat,No hay convenio con la EPS del paciente
306,5,2026-08-15T11:16:00-05:00,plataforma,Hospital Universitario San José (Popayán),Enf. Luz Mery Rivas,Sin cupo en UCI
307,1,2026-07-16T17:11:00-05:00,plataforma,Hospital Universitario del Valle,Enf. Luz Mery Rivas,"Acepta paciente, enviar en ambulancia medicalizada"
308,1,2026-08-26T18:47:00-05:00,telefono,Clínica Farallones,Dr. Andrés Caicedo,Sin respuesta en la línea de referencia
308,2,2026-08-27T00:06:00-05:00,telefono,Clínica Nuestra Señora de los Remedios,Enf. Jhon Fredy Balanta,No hay convenio con la EPS del paciente
308,3,2026-08-27T04:50:00-05:00,telefono,Hospital Universitario del Valle,Dr. Julián Mosquera,Sin respuesta en la línea de referencia
308,4,2026-08-27T11:44:00-05:00,correo,Clínica de Occidente,Dra. Carolina Ararat,No hay convenio con la EPS del paciente
308,5,2026-08-27T14:03:00-05:00,telefono,Fundación Valle del Lili,Dra. Carolina Ararat,No hay especialista disponible
308,6,2026-08-27T19:21:00-05:00,plataforma,Hospital San Juan de Dios Cali,Dra. Paola Muñoz,No hay convenio con la EPS del paciente
308,7,2026-08-27T23:34:00-05:00,telefono,Hospital Universitario del Valle,Dr. Julián Mosquera,No hay especialista disponible
309,1,2026-03-03T10:34:00-05:00,plataforma,Hospital Universitario del Valle,Dr. Andrés Caicedo,"Cama no disponible, llamar mañana"
309,2,2026-03-03T15:02:00-05:00,telefono,Clínica de Occidente,Dra. Paola Muñoz,Sin respuesta en la línea de referencia
309,3,2026-03-03T19:44:00-05:00,telefono,Clínica Imbanaco,Dra. Paola Muñoz,Servicio de hemodinamia sin disponibilidad
309,4,2026-03-03T22:05:00-05:00,plataforma,Clínica Sebastián de Belalcázar,Dra. Carolina Ararat,Sin cupo en UCI
309,5,2026-03-04T03:38:00-05:00,plataforma,Hospital Universitario San José (Popayán),Dra. Paola Muñoz,Servicio de hemodinamia sin disponibilidad
309,6,2026-03-04T09:15:00-05:00,telefono,Fundación Valle del Lili,Dra. Carolina Ararat,Servicio de hemodinamia sin disponibilidad
309,7,2026-03-04T10:39:00-05:00,telefono,Hospital Universitario del Valle,Enf. Luz Mery Rivas,No hay convenio con la EPS del paciente
310,1,2026-03-20T15:00:00-05:00,telefono,Fundación Valle del Lili,Dra. Paola Muñoz,No hay convenio con la EPS del paciente
310,2,2026-03-20T16:26:00-05:00,telefono,Clínica de Occidente,Enf. Luz Mery Rivas,Servicio de hemodinamia sin disponibilidad
310,3,2026-03-20T17:41:00-05:00,correo,Clínica Colombia Cali,Enf. Luz Mery Rivas,Llamar en 2 horas para confirmar cupo
311,1,2026-05-01T15:28:00-05:00,plataforma,Clínica Sebastián de Belalcázar,Enf. Jhon Fredy Balanta,"Cama no disponible, llamar mañana"
311,2,2026-05-01T18:34:00-05:00,telefono,Clínica Farallones,Enf. Jhon Fredy Balanta,No hay convenio con la EPS del paciente
311,3,2026-05-01T21:26:00-05:00,plataforma,Clínica Imbanaco,Enf. Jhon Fredy Balanta,Pendiente valoración del especialista de turno
312,1,2026-08-10T17:42:00-05:00,correo,Hospital Universitario San José (Popayán),Dra. Carolina Ararat,Rechazan por no tener autorización de la EPS
312,2,2026-08-11T01:33:00-05:00,telefono,Clínica Imbanaco,Dra. Paola Muñoz,Sin respuesta en la línea de referencia
312,3,2026-08-11T08:10:00-05:00,telefono,Fundación Valle del Lili,Enf. Jhon Fredy Balanta,No hay especialista disponible
312,4,2026-08-11T11:30:00-05:00,plataforma,Clínica de Occidente,Dra. Paola Muñoz,No hay convenio con la EPS del paciente
312,5,2026-08-11T16:12:00-05:00,telefono,Hospital San Juan de Dios Cali,Enf. Jhon Fredy Balanta,No hay especialista disponible
312,6,2026-08-11T17:50:00-05:00,plataforma,Hospital Universitario del Valle,Enf. Jhon Fredy Balanta,Rechazan por no tener autorización de la EPS
313,1,2026-09-03T08:20:00-05:00,telefono,Clínica Imbanaco,Dra. Paola Muñoz,Acepta paciente para valoración por especialista
314,1,2026-07-16T18:36:00-05:00,plataforma,Clínica de Occidente,Dra. Paola Muñoz,Sin respuesta en la línea de referencia
314,2,2026-07-16T23:03:00-05:00,telefono,Clínica Farallones,Dr. Julián Mosquera,No hay convenio con la EPS del paciente
314,3,2026-07-17T05:47:00-05:00,plataforma,Clínica Imbanaco,Dr. Julián Mosquera,"Cama no disponible, llamar mañana"
314,4,2026-07-17T09:49:00-05:00,correo,Clínica Colombia Cali,Dr. Andrés Caicedo,"Cama no disponible, llamar mañana"
315,1,2026-04-07T13:08:00-05:00,telefono,Clínica Versalles,Dra. Paola Muñoz,Sin cupo en UCI
315,2,2026-04-07T15:11:00-05:00,telefono,Hospital San Juan de Dios Cali,Dr. Andrés Caicedo,No hay convenio con la EPS del paciente
315,3,2026-04-07T21:09:00-05:00,telefono,Clínica de Occidente,Dr. Julián Mosquera,"En estudio, solicitan enviar historia clínica"
316,1,2026-07-26T08:06:00-05:00,telefono,Fundación Valle del Lili,Dr. Julián Mosquera,Servicio de hemodinamia sin disponibilidad
316,2,2026-07-26T12:41:00-05:00,plataforma,Hospital Universitario San José (Popayán),Enf. Jhon Fredy Balanta,Servicio de hemodinamia sin disponibilidad
316,3,2026-07-26T14:32:00-05:00,telefono,Clínica de Occidente,Dra. Carolina Ararat,Sin respuesta en la línea de referencia
316,4,2026-07-26T16:36:00-05:00,plataforma,Clínica Nuestra Señora de los Remedios,Dr. Andrés Caicedo,"En estudio, solicitan enviar historia clínica"
317,1,2026-07-23T05:47:00-05:00,telefono,Hospital San Juan de Dios Cali,Enf. Jhon Fredy Balanta,Sin respuesta en la línea de referencia
317,2,2026-07-23T07:38:00-05:00,telefono,Clínica Sebastián de Belalcázar,Dr. Andrés Caicedo,"Acepta paciente, cama asignada"
318,1,2026-03-07T08:06:00-05:00,telefono,Clínica Farallones,Dr. Julián Mosquera,"Acepta paciente, enviar en ambulancia medicalizada"
319,1,2026-07-14T02:29:00-05:00,telefono,Clínica de Occidente,Enf. Luz Mery Rivas,Sin respuesta en la línea de referencia
319,2,2026-07-14T02:50:00-05:00,plataforma,Hospital Universitario San José (Popayán),Dra. Paola Muñoz,Acepta paciente en UCI
320,1,2026-07-18T12:46:00-05:00,correo,Clínica Farallones,Dr. Julián Mosquera,"Acepta paciente, enviar en ambulancia medicalizada"
321,1,2026-09-20T04:49:00-05:00,correo,Clínica Nuestra Señora de los Remedios,Enf. Jhon Fredy Balanta,"Cama no disponible, llamar mañana"
321,2,2026-09-20T10:58:00-05:00,telefono,Clínica Versalles,Dr. Julián Mosquera,Servicio de hemodinamia sin disponibilidad
321,3,2026-09-20T15:46:00-05:00,telefono,Clínica de Occidente,Enf. Luz Mery Rivas,No hay especialista disponible
321,4,2026-09-20T21:50:00-05:00,plataforma,Hospital Universitario San José (Popayán),Dra. Paola Muñoz,Sin cupo en UCI
321,5,2026-09-21T00:39:00-05:00,plataforma,Hospital San Juan de Dios Cali,Enf. Jhon Fredy Balanta,No hay convenio con la EPS del paciente
321,6,2026-09-21T07:27:00-05:00,plataforma,Hospital San Juan de Dios Cali,Enf. Luz Mery Rivas,"Cama no disponible, llamar mañana"
322,1,2026-08-13T05:10:00-05:00,telefono,Hospital San Juan de Dios Cali,Dr. Andrés Caicedo,Sin cupo en UCI
322,2,2026-08-13T06:59:00-05:00,plataforma,Fundación Valle del Lili,Dra. Paola Muñoz,Servicio de hemodinamia sin disponibilidad
322,3,2026-08-13T09:29:00-05:00,telefono,Clínica Nuestra Señora de los Remedios,Enf. Jhon Fredy Balanta,Rechazan por no tener autorización de la EPS
322,4,2026-08-13T16:13:00-05:00,telefono,Clínica Versalles,Dr. Andrés Caicedo,"Cama no disponible, llamar mañana"
322,5,2026-08-13T22:03:00-05:00,telefono,Clínica Sebastián de Belalcázar,Dra. Carolina Ararat,Sin respuesta en la línea de referencia
323,1,2026-07-31T11:42:00-05:00,plataforma,Clínica Colombia Cali,Enf. Luz Mery Rivas,No hay especialista disponible
323,2,2026-07-31T13:19:00-05:00,telefono,Clínica Nuestra Señora de los Remedios,Dra. Paola Muñoz,Sin respuesta en la línea de referencia
323,3,2026-07-31T16:45:00-05:00,plataforma,Hospital Universitario del Valle,Dra. Carolina Ararat,Solicitan autorización de la EPS antes de aceptar
324,1,2026-03-27T20:43:00-05:00,plataforma,Hospital Universitario del Valle,Dr. Julián Mosquera,Sin respuesta en la línea de referencia
324,2,2026-03-28T01:35:00-05:00,correo,Clínica Versalles,Dra. Carolina Ararat,No hay especialista disponible
324,3,2026-03-28T05:04:00-05:00,telefono,Hospital San Juan de Dios Cali,Dr. Julián Mosquera,Sin cupo en UCI
324,4,2026-03-28T07:36:00-05:00,telefono,Hospital Universitario del Valle,Dra. Paola Muñoz,Servicio de hemodinamia sin disponibilidad
325,1,2026-06-27T13:47:00-05:00,plataforma,Clínica Colombia Cali,Dra. Carolina Ararat,"Cama no disponible, llamar mañana"
325,2,2026-06-27T21:07:00-05:00,telefono,Clínica de Occidente,Dr. Andrés Caicedo,Rechazan por no tener autorización de la EPS
325,3,2026-06-27T23:13:00-05:00,correo,Clínica Nuestra Señora de los Remedios,Dr. Andrés Caicedo,Sin respuesta en la línea de referencia
325,4,2026-06-28T02:42:00-05:00,telefono,Clínica Imbanaco,Dr. Julián Mosquera,Servicio de hemodinamia sin disponibilidad
325,5,2026-06-28T06:57:00-05:00,telefono,Clínica Versalles,Enf. Luz Mery Rivas,Sin cupo en UCI
325,6,2026-06-28T10:09:00-05:00,plataforma,Clínica Sebastián de Belalcázar,Dra. Paola Muñoz,Servicio de hemodinamia sin disponibilidad
326,1,2026-04-17T10:27:00-05:00,telefono,Clínica Imbanaco,Dra. Paola Muñoz,No hay convenio con la EPS del paciente
326,2,2026-04-17T17:12:00-05:00,telefono,Clínica de Occidente,Dra. Paola Muñoz,No hay especialista disponible
326,3,2026-04-17T21:00:00-05:00,telefono,Hospital San Juan de Dios Cali,Dr. Julián Mosquera,Servicio de hemodinamia sin disponibilidad
326,4,2026-04-18T02:26:00-05:00,telefono,Clínica Farallones,Enf. Jhon Fredy Balanta,Rechazan por no tener autorización de la EPS
326,5,2026-04-18T09:38:00-05:00,correo,Clínica Farallones,Enf. Jhon Fredy Balanta,No hay convenio con la EPS del paciente
327,1,2026-05-02T12:02:00-05:00,telefono,Clínica Imbanaco,Enf. Jhon Fredy Balanta,"Cama no disponible, llamar mañana"
327,2,2026-05-02T17:19:00-05:00,telefono,Clínica Farallones,Enf. Jhon Fredy Balanta,No hay especialista disponible
327,3,2026-05-02T19:26:00-05:00,plataforma,Fundación Valle del Lili,Dr. Julián Mosquera,No hay convenio con la EPS del paciente
327,4,2026-05-02T21:39:00-05:00,correo,Hospital Universitario del Valle,Dra. Paola Muñoz,Sin cupo en UCI
328,1,2026-03-15T14:46:00-05:00,correo,Fundación Valle del Lili,Enf. Luz Mery Rivas,"Acepta paciente, cama asignada"
329,1,2026-03-22T17:22:00-05:00,telefono,Clínica de Occidente,Dr. Julián Mosquera,Servicio de hemodinamia sin disponibilidad
329,2,2026-03-22T23:59:00-05:00,plataforma,Clínica Colombia Cali,Dra. Paola Muñoz,No hay convenio con la EPS del paciente
329,3,2026-03-23T07:58:00-05:00,correo,Hospital San Juan de Dios Cali,Dra. Paola Muñoz,No hay especialista disponible
329,4,2026-03-23T14:26:00-05:00,plataforma,Hospital Universitario del Valle,Dra. Carolina Ararat,Sin cupo en UCI
330,1,2026-06-13T06:34:00-05:00,plataforma,Hospital Universitario del Valle,Enf. Jhon Fredy Balanta,Acepta paciente en UCI
331,1,2026-05-10T17:52:00-05:00,plataforma,Hospital Universitario San José (Popayán),Dr. Andrés Caicedo,Rechazan por no tener autorización de la EPS
331,2,2026-05-10T20:52:00-05:00,plataforma,Clínica Farallones,Dra. Paola Muñoz,No hay convenio con la EPS del paciente
331,3,2026-05-11T00:17:00-05:00,correo,Hospital Universitario San José (Popayán),Dra. Carolina Ararat,Solicitan autorización de la EPS antes de aceptar
332,1,2026-05-22T20:58:00-05:00,correo,Clínica Imbanaco,Dr. Andrés Caicedo,Sin cupo en UCI
332,2,2026-05-23T02:34:00-05:00,telefono,Hospital San Juan de Dios Cali,Dra. Paola Muñoz,Servicio de hemodinamia sin disponibilidad
332,3,2026-05-23T03:35:00-05:00,telefono,Fundación Valle del Lili,Dr. Andrés Caicedo,No hay especialista disponible
332,4,2026-05-23T07:36:00-05:00,telefono,Clínica Imbanaco,Enf. Jhon Fredy Balanta,Llamar en 2 horas para confirmar cupo
333,1,2026-08-25T12:04:00-05:00,telefono,Clínica Versalles,Enf. Luz Mery Rivas,Servicio de hemodinamia sin disponibilidad
333,2,2026-08-25T19:08:00-05:00,telefono,Hospital San Juan de Dios Cali,Dr. Andrés Caicedo,Sin cupo en UCI
333,3,2026-08-26T00:56:00-05:00,telefono,Clínica Farallones,Dra. Paola Muñoz,Rechazan por no tener autorización de la EPS
333,4,2026-08-26T06:38:00-05:00,telefono,Clínica Colombia Cali,Enf. Luz Mery Rivas,Sin cupo en UCI
333,5,2026-08-26T09:23:00-05:00,telefono,Clínica Sebastián de Belalcázar,Dra. Carolina Ararat,"Cama no disponible, llamar mañana"
333,6,2026-08-26T14:29:00-05:00,telefono,Hospital San Juan de Dios Cali,Enf. Luz Mery Rivas,Sin respuesta en la línea de referencia
334,1,2026-05-07T04:14:00-05:00,plataforma,Hospital Universitario del Valle,Dr. Julián Mosquera,Acepta paciente en UCI
335,1,2026-07-29T20:04:00-05:00,telefono,Clínica Imbanaco,Enf. Jhon Fredy Balanta,Sin respuesta en la línea de referencia
335,2,2026-07-29T22:01:00-05:00,plataforma,Hospital Universitario del Valle,Dra. Carolina Ararat,"Acepta paciente, cama asignada"
336,1,2026-08-20T11:36:00-05:00,plataforma,Clínica Colombia Cali,Enf. Jhon Fredy Balanta,Acepta paciente para valoración por especialista
337,1,2026-09-18T02:07:00-05:00,correo,Hospital San Juan de Dios Cali,Dr. Julián Mosquera,No hay especialista disponible
337,2,2026-09-18T08:51:00-05:00,correo,Clínica Nuestra Señora de los Remedios,Dra. Carolina Ararat,No hay especialista disponible
337,3,2026-09-18T12:21:00-05:00,telefono,Clínica Imbanaco,Dra. Carolina Ararat,Sin respuesta en la línea de referencia
337,4,2026-09-18T17:35:00-05:00,telefono,Clínica Versalles,Enf. Jhon Fredy Balanta,No hay convenio con la EPS del paciente
338,1,2026-06-06T12:04:00-05:00,telefono,Hospital San Juan de Dios Cali,Dra. Carolina Ararat,Sin respuesta en la línea de referencia
338,2,2026-06-06T14:32:00-05:00,plataforma,Fundación Valle del Lili,Dra. Carolina Ararat,Rechazan por no tener autorización de la EPS
338,3,2026-06-06T16:52:00-05:00,telefono,Clínica Imbanaco,Dr. Andrés Caicedo,"En estudio, solicitan enviar historia clínica"
339,1,2026-08-25T13:32:00-05:00,telefono,Clínica Colombia Cali,Dr. Andrés Caicedo,Rechazan por no tener autorización de la EPS
339,2,2026-08-25T15:04:00-05:00,plataforma,Hospital San Juan de Dios Cali,Dr. Julián Mosquera,"Acepta paciente, cama asignada"
340,1,2026-04-09T12:35:00-05:00,telefono,Clínica Farallones,Enf. Jhon Fredy Balanta,No hay convenio con la EPS del paciente
340,2,2026-04-09T13:31:00-05:00,telefono,Hospital Universitario del Valle,Dra. Carolina Ararat,Acepta paciente en UCI
341,1,2026-08-17T07:55:00-05:00,telefono,Clínica Nuestra Señora de los Remedios,Dr. Andrés Caicedo,No hay convenio con la EPS del paciente
341,2,2026-08-17T11:43:00-05:00,telefono,Clínica de Occidente,Enf. Jhon Fredy Balanta,No hay convenio con la EPS del paciente
341,3,2026-08-17T17:06:00-05:00,plataforma,Clínica Colombia Cali,Dr. Andrés Caicedo,Rechazan por no tener autorización de la EPS
341,4,2026-08-17T19:00:00-05:00,telefono,Clínica Nuestra Señora de los Remedios,Dr. Julián Mosquera,No hay especialista disponible
342,1,2026-07-02T17:00:00-05:00,telefono,Hospital San Juan de Dios Cali,Dra. Carolina Ararat,No hay convenio con la EPS del paciente
342,2,2026-07-02T21:56:00-05:00,telefono,Clínica Colombia Cali,Enf. Jhon Fredy Balanta,Sin respuesta en la línea de referencia
342,3,2026-07-03T01:37:00-05:00,telefono,Clínica Nuestra Señora de los Remedios,Enf. Jhon Fredy Balanta,No hay convenio con la EPS del paciente
342,4,2026-07-03T04:25:00-05:00,telefono,Clínica Farallones,Dra. Paola Muñoz,"Cama no disponible, llamar mañana"
343,1,2026-08-29T18:24:00-05:00,plataforma,Clínica Colombia Cali,Dr. Julián Mosquera,Sin cupo en UCI
343,2,2026-08-29T20:19:00-05:00,telefono,Clínica Farallones,Dr. Andrés Caicedo,No hay convenio con la EPS del paciente
343,3,2026-08-30T01:12:00-05:00,correo,Fundación Valle del Lili,Enf. Luz Mery Rivas,Llamar en 2 horas para confirmar cupo
344,1,2026-06-11T14:20:00-05:00,telefono,Clínica Sebastián de Belalcázar,Dra. Carolina Ararat,Servicio de hemodinamia sin disponibilidad
344,2,2026-06-11T15:16:00-05:00,plataforma,Clínica Farallones,Dr. Julián Mosquera,Acepta paciente para valoración por especialista
345,1,2026-06-24T14:22:00-05:00,telefono,Clínica Imbanaco,Dra. Carolina Ararat,No hay convenio con la EPS del paciente
345,2,2026-06-24T18:56:00-05:00,telefono,Clínica Sebastián de Belalcázar,Dr. Andrés Caicedo,No hay especialista disponible
345,3,2026-06-24T21:35:00-05:00,correo,Hospital Universitario San José (Popayán),Dra. Paola Muñoz,No hay especialista disponible
345,4,2026-06-24T23:10:00-05:00,plataforma,Hospital San Juan de Dios Cali,Dra. Paola Muñoz,Llamar en 2 horas para confirmar cupo
346,1,2026-07-11T13:54:00-05:00,telefono,Clínica de Occidente,Dra. Paola Muñoz,Servicio de hemodinamia sin disponibilidad
346,2,2026-07-11T14:33:00-05:00,telefono,Clínica Sebastián de Belalcázar,Enf. Luz Mery Rivas,"Acepta paciente, cama asignada"
347,1,2026-03-25T21:50:00-05:00,plataforma,Hospital San Juan de Dios Cali,Dr. Julián Mosquera,Rechazan por no tener autorización de la EPS
347,2,2026-03-26T04:52:00-05:00,plataforma,Fundación Valle del Lili,Dr. Julián Mosquera,Sin respuesta en la línea de referencia
347,3,2026-03-26T08:28:00-05:00,telefono,Clínica Imbanaco,Dra. Carolina Ararat,"Cama no disponible, llamar mañana"
347,4,2026-03-26T15:28:00-05:00,telefono,Clínica Sebastián de Belalcázar,Enf. Jhon Fredy Balanta,"Cama no disponible, llamar mañana"
347,5,2026-03-26T19:47:00-05:00,telefono,Clínica de Occidente,Dra. Paola Muñoz,No hay especialista disponible
347,6,2026-03-26T21:44:00-05:00,plataforma,Clínica Versalles,Dr. Andrés Caicedo,Sin cupo en UCI
347,7,2026-03-27T03:21:00-05:00,plataforma,Hospital Universitario San José (Popayán),Dra. Paola Muñoz,Sin respuesta en la línea de referencia
348,1,2026-08-06T10:10:00-05:00,telefono,Hospital Universitario del Valle,Dra. Paola Muñoz,Sin cupo en UCI
348,2,2026-08-06T11:59:00-05:00,telefono,Clínica de Occidente,Dra. Paola Muñoz,No hay especialista disponible
348,3,2026-08-06T16:42:00-05:00,telefono,Hospital Universitario San José (Popayán),Enf. Jhon Fredy Balanta,No hay convenio con la EPS del paciente
348,4,2026-08-06T19:27:00-05:00,telefono,Hospital Universitario del Valle,Dr. Julián Mosquera,Solicitan autorización de la EPS antes de aceptar
349,1,2026-09-16T07:23:00-05:00,telefono,Hospital San Juan de Dios Cali,Dr. Andrés Caicedo,Acepta paciente para valoración por especialista
350,1,2026-06-23T18:00:00-05:00,plataforma,Clínica Imbanaco,Dra. Carolina Ararat,No hay especialista disponible
350,2,2026-06-23T23:13:00-05:00,telefono,Clínica de Occidente,Dr. Andrés Caicedo,Sin cupo en UCI
350,3,2026-06-24T03:08:00-05:00,telefono,Clínica de Occidente,Dr. Andrés Caicedo,Llamar en 2 horas para confirmar cupo
351,1,2026-05-06T12:53:00-05:00,telefono,Clínica Versalles,Enf. Jhon Fredy Balanta,"Acepta paciente, cama asignada"
352,1,2026-04-04T12:31:00-05:00,telefono,Clínica Sebastián de Belalcázar,Dr. Andrés Caicedo,No hay convenio con la EPS del paciente
352,2,2026-04-04T18:14:00-05:00,plataforma,Clínica Imbanaco,Dr. Andrés Caicedo,No hay convenio con la EPS del paciente
352,3,2026-04-04T21:02:00-05:00,plataforma,Fundación Valle del Lili,Enf. Luz Mery Rivas,Sin respuesta en la línea de referencia
352,4,2026-04-05T04:26:00-05:00,telefono,Hospital Universitario San José (Popayán),Enf. Luz Mery Rivas,Sin respuesta en la línea de referencia
352,5,2026-04-05T09:15:00-05:00,telefono,Clínica Imbanaco,Dr. Andrés Caicedo,No hay convenio con la EPS del paciente
353,1,2026-05-01T05:53:00-05:00,plataforma,Clínica Nuestra Señora de los Remedios,Dra. Paola Muñoz,Rechazan por no tener autorización de la EPS
353,2,2026-05-01T08:56:00-05:00,telefono,Clínica Sebastián de Belalcázar,Dra. Carolina Ararat,No hay especialista disponible
353,3,2026-05-01T14:08:00-05:00,telefono,Clínica Farallones,Dr. Julián Mosquera,No hay especialista disponible
353,4,2026-05-01T18:22:00-05:00,telefono,Hospital Universitario San José (Popayán),Dra. Paola Muñoz,"En estudio, solicitan enviar historia clínica"
354,1,2026-06-22T06:00:00-05:00,telefono,Hospital Universitario del Valle,Enf. Jhon Fredy Balanta,"Acepta paciente, cama asignada"
355,1,2026-05-15T19:58:00-05:00,correo,Clínica Nuestra Señora de los Remedios,Dra. Carolina Ararat,Sin cupo en UCI
355,2,2026-05-15T21:28:00-05:00,telefono,Hospital San Juan de Dios Cali,Enf. Luz Mery Rivas,Acepta paciente para valoración por especialista
356,1,2026-05-24T19:20:00-05:00,telefono,Clínica Versalles,Dr. Julián Mosquera,Sin cupo en UCI
356,2,2026-05-24T21:40:00-05:00,plataforma,Clínica Sebastián de Belalcázar,Dr. Julián Mosquera,No hay convenio con la EPS del paciente
356,3,2026-05-24T23:14:00-05:00,telefono,Clínica Versalles,Dra. Paola Muñoz,"En estudio, solicitan enviar historia clínica"
357,1,2026-07-31T13:15:00-05:00,telefono,Clínica Colombia Cali,Dra. Paola Muñoz,Servicio de hemodinamia sin disponibilidad
357,2,2026-07-31T18:31:00-05:00,plataforma,Clínica de Occidente,Enf. Luz Mery Rivas,No hay especialista disponible
357,3,2026-07-31T19:40:00-05:00,correo,Clínica Imbanaco,Enf. Jhon Fredy Balanta,Rechazan por no tener autorización de la EPS
357,4,2026-08-01T00:01:00-05:00,telefono,Clínica Sebastián de Belalcázar,Dra. Carolina Ararat,Servicio de hemodinamia sin disponibilidad
357,5,2026-08-01T03:58:00-05:00,telefono,Clínica Nuestra Señora de los Remedios,Dr. Andrés Caicedo,No hay especialista disponible
357,6,2026-08-01T09:08:00-05:00,plataforma,Clínica Imbanaco,Dr. Julián Mosquera,Servicio de hemodinamia sin disponibilidad
358,1,2026-04-04T10:55:00-05:00,telefono,Clínica Versalles,Dr. Andrés Caicedo,No hay especialista disponible
358,2,2026-04-04T11:20:00-05:00,telefono,Clínica Sebastián de Belalcázar,Dra. Paola Muñoz,Acepta paciente para valoración por especialista
359,1,2026-05-10T19:05:00-05:00,telefono,Hospital Universitario San José (Popayán),Dr. Julián Mosquera,No hay especialista disponible
359,2,2026-05-11T01:15:00-05:00,plataforma,Clínica Versalles,Dra. Paola Muñoz,Servicio de hemodinamia sin disponibilidad
359,3,2026-05-11T08:51:00-05:00,plataforma,Clínica Farallones,Dra. Carolina Ararat,"Cama no disponible, llamar mañana"
359,4,2026-05-11T10:50:00-05:00,plataforma,Hospital Universitario del Valle,Dra. Paola Muñoz,Sin cupo en UCI
360,1,2026-04-08T02:29:00-05:00,correo,Hospital San Juan de Dios Cali,Enf. Jhon Fredy Balanta,Rechazan por no tener autorización de la EPS
360,2,2026-04-08T05:09:00-05:00,telefono,Fundación Valle del Lili,Dr. Andrés Caicedo,Sin respuesta en la línea de referencia
360,3,2026-04-08T10:44:00-05:00,telefono,Clínica Farallones,Dra. Paola Muñoz,Sin respuesta en la línea de referencia
360,4,2026-04-08T13:08:00-05:00,plataforma,Clínica Imbanaco,Enf. Luz Mery Rivas,Solicitan autorización de la EPS antes de aceptar
361,1,2026-08-28T03:31:00-05:00,telefono,Hospital Universitario del Valle,Dra. Carolina Ararat,Acepta paciente para valoración por especialista
362,1,2026-07-02T14:35:00-05:00,plataforma,Clínica Versalles,Enf. Luz Mery Rivas,Sin respuesta en la línea de referencia
362,2,2026-07-02T19:01:00-05:00,telefono,Clínica Colombia Cali,Enf. Jhon Fredy Balanta,Sin cupo en UCI
362,3,2026-07-03T02:53:00-05:00,telefono,Clínica Imbanaco,Enf. Jhon Fredy Balanta,No hay convenio con la EPS del paciente
362,4,2026-07-03T07:08:00-05:00,telefono,Hospital San Juan de Dios Cali,Enf. Luz Mery Rivas,No hay especialista disponible
363,1,2026-05-19T02:56:00-05:00,plataforma,Hospital Universitario San José (Popayán),Enf. Luz Mery Rivas,No hay especialista disponible
363,2,2026-05-19T05:27:00-05:00,plataforma,Clínica de Occidente,Dra. Paola Muñoz,No hay especialista disponible
363,3,2026-05-19T08:16:00-05:00,plataforma,Clínica Sebastián de Belalcázar,Dr. Julián Mosquera,"En estudio, solicitan enviar historia clínica"
364,1,2026-03-05T02:17:00-05:00,telefono,Clínica Imbanaco,Enf. Luz Mery Rivas,"Acepta paciente, cama asignada"
365,1,2026-07-31T21:14:00-05:00,telefono,Hospital San Juan de Dios Cali,Dra. Carolina Ararat,Sin cupo en UCI
365,2,2026-07-31T22:07:00-05:00,telefono,Fundación Valle del Lili,Enf. Luz Mery Rivas,"Acepta paciente, enviar en ambulancia medicalizada"
366,1,2026-04-30T16:16:00-05:00,telefono,Hospital Universitario San José (Popayán),Dra. Paola Muñoz,No hay convenio con la EPS del paciente
366,2,2026-04-30T17:20:00-05:00,telefono,Clínica Farallones,Enf. Luz Mery Rivas,Servicio de hemodinamia sin disponibilidad
366,3,2026-04-30T23:50:00-05:00,plataforma,Clínica Versalles,Enf. Jhon Fredy Balanta,No hay especialista disponible
366,4,2026-05-01T00:59:00-05:00,plataforma,Clínica de Occidente,Dra. Carolina Ararat,Rechazan por no tener autorización de la EPS
366,5,2026-05-01T02:53:00-05:00,telefono,Fundación Valle del Lili,Enf. Luz Mery Rivas,Rechazan por no tener autorización de la EPS
366,6,2026-05-01T10:12:00-05:00,telefono,Hospital Universitario del Valle,Enf. Luz Mery Rivas,"Cama no disponible, llamar mañana"
367,1,2026-09-17T05:11:00-05:00,correo,Clínica Farallones,Enf. Luz Mery Rivas,Sin respuesta en la línea de referencia
367,2,2026-09-17T08:49:00-05:00,telefono,Clínica Colombia Cali,Dr. Andrés Caicedo,Rechazan por no tener autorización de la EPS
367,3,2026-09-17T14:42:00-05:00,plataforma,Hospital Universitario San José (Popayán),Dr. Andrés Caicedo,"Cama no disponible, llamar mañana"
367,4,2026-09-17T20:33:00-05:00,plataforma,Hospital San Juan de Dios Cali,Dra. Paola Muñoz,Solicitan autorización de la EPS antes de aceptar
368,1,2026-03-17T08:10:00-05:00,plataforma,Clínica Imbanaco,Dra. Carolina Ararat,Sin respuesta en la línea de referencia
368,2,2026-03-17T11:56:00-05:00,correo,Clínica Sebastián de Belalcázar,Dra. Carolina Ararat,No hay especialista disponible
368,3,2026-03-17T15:25:00-05:00,telefono,Clínica Versalles,Dra. Carolina Ararat,Solicitan autorización de la EPS antes de aceptar
369,1,2026-03-18T20:24:00-05:00,telefono,Hospital Universitario San José (Popayán),Dr. Julián Mosquera,"Cama no disponible, llamar mañana"
369,2,2026-03-18T22:45:00-05:00,telefono,Clínica Farallones,Enf. Luz Mery Rivas,Rechazan por no tener autorización de la EPS
369,3,2026-03-19T01:38:00-05:00,telefono,Hospital Universitario del Valle,Dr. Julián Mosquera,"En estudio, solicitan enviar historia clínica"
370,1,2026-05-13T17:13:00-05:00,telefono,Clínica Imbanaco,Dr. Andrés Caicedo,Servicio de hemodinamia sin disponibilidad
370,2,2026-05-13T18:25:00-05:00,telefono,Hospital Universitario San José (Popayán),Enf. Luz Mery Rivas,No hay convenio con la EPS del paciente
370,3,2026-05-13T21:13:00-05:00,telefono,Clínica Nuestra Señora de los Remedios,Enf. Jhon Fredy Balanta,Sin respuesta en la línea de referencia
370,4,2026-05-14T00:35:00-05:00,telefono,Clínica Colombia Cali,Dr. Julián Mosquera,"Cama no disponible, llamar mañana"
370,5,2026-05-14T08:13:00-05:00,telefono,Clínica Farallones,Enf. Luz Mery Rivas,Sin respuesta en la línea de referencia
370,6,2026-05-14T11:11:00-05:00,plataforma,Clínica de Occidente,Dra. Carolina Ararat,No hay convenio con la EPS del paciente
370,7,2026-05-14T12:41:00-05:00,telefono,Hospital Universitario del Valle,Dr. Andrés Caicedo,No hay especialista disponible
371,1,2026-08-17T21:24:00-05:00,telefono,Clínica Imbanaco,Enf. Jhon Fredy Balanta,Sin respuesta en la línea de referencia
371,2,2026-08-17T21:58:00-05:00,correo,Hospital San Juan de Dios Cali,Dr. Julián Mosquera,"Acepta paciente, cama asignada"
372,1,2026-04-27T18:34:00-05:00,telefono,Hospital San Juan de Dios Cali,Enf. Luz Mery Rivas,Sin cupo en UCI
372,2,2026-04-27T20:23:00-05:00,telefono,Clínica Farallones,Enf. Jhon Fredy Balanta,Rechazan por no tener autorización de la EPS
372,3,2026-04-28T00:51:00-05:00,telefono,Clínica Sebastián de Belalcázar,Dra. Carolina Ararat,No hay especialista disponible
372,4,2026-04-28T04:03:00-05:00,telefono,Clínica Versalles,Dra. Carolina Ararat,Sin respuesta en la línea de referencia
372,5,2026-04-28T11:23:00-05:00,plataforma,Hospital San Juan de Dios Cali,Dra. Paola Muñoz,"Cama no disponible, llamar mañana"
373,1,2026-04-17T10:52:00-05:00,telefono,Clínica Nuestra Señora de los Remedios,Dra. Paola Muñoz,No hay especialista disponible
373,2,2026-04-17T14:32:00-05:00,telefono,Hospital Universitario San José (Popayán),Enf. Jhon Fredy Balanta,"Cama no disponible, llamar mañana"
373,3,2026-04-17T19:04:00-05:00,telefono,Clínica Colombia Cali,Enf. Luz Mery Rivas,"Cama no disponible, llamar mañana"
373,4,2026-04-17T21:54:00-05:00,telefono,Clínica de Occidente,Enf. Luz Mery Rivas,Sin cupo en UCI
373,5,2026-04-17T22:55:00-05:00,plataforma,Hospital San Juan de Dios Cali,Enf. Jhon Fredy Balanta,Sin cupo en UCI
373,6,2026-04-18T04:38:00-05:00,telefono,Clínica de Occidente,Enf. Jhon Fredy Balanta,No hay especialista disponible
374,1,2026-03-28T08:04:00-05:00,telefono,Clínica Imbanaco,Dr. Julián Mosquera,Sin cupo en UCI
374,2,2026-03-28T11:54:00-05:00,correo,Fundación Valle del Lili,Enf. Jhon Fredy Balanta,Sin cupo en UCI
374,3,2026-03-28T16:55:00-05:00,correo,Hospital Universitario del Valle,Dr. Julián Mosquera,"En estudio, solicitan enviar historia clínica"
375,1,2026-09-19T07:53:00-05:00,telefono,Hospital Universitario del Valle,Enf. Luz Mery Rivas,Sin cupo en UCI
375,2,2026-09-19T09:20:00-05:00,plataforma,Clínica Sebastián de Belalcázar,Dra. Paola Muñoz,No hay especialista disponible
375,3,2026-09-19T11:10:00-05:00,correo,Hospital Universitario del Valle,Dra. Carolina Ararat,"En estudio, solicitan enviar historia clínica"
376,1,2026-03-16T13:11:00-05:00,telefono,Clínica Farallones,Enf. Luz Mery Rivas,Sin respuesta en la línea de referencia
376,2,2026-03-16T14:53:00-05:00,telefono,Clínica Nuestra Señora de los Remedios,Dra. Carolina Ararat,Sin respuesta en la línea de referencia
376,3,2026-03-16T18:55:00-05:00,plataforma,Fundación Valle del Lili,Enf. Jhon Fredy Balanta,Sin respuesta en la línea de referencia
376,4,2026-03-16T20:01:00-05:00,plataforma,Clínica Versalles,Dr. Andrés Caicedo,Solicitan autorización de la EPS antes de aceptar
377,1,2026-09-20T03:29:00-05:00,correo,Clínica Imbanaco,Enf. Jhon Fredy Balanta,No hay especialista disponible
377,2,2026-09-20T03:59:00-05:00,telefono,Hospital Universitario San José (Popayán),Dr. Andrés Caicedo,Acepta paciente en UCI
378,1,2026-09-10T20:34:00-05:00,telefono,Clínica Nuestra Señora de los Remedios,Dra. Paola Muñoz,Sin respuesta en la línea de referencia
378,2,2026-09-11T03:48:00-05:00,correo,Hospital San Juan de Dios Cali,Dr. Andrés Caicedo,"Cama no disponible, llamar mañana"
378,3,2026-09-11T05:09:00-05:00,telefono,Hospital Universitario San José (Popayán),Dra. Paola Muñoz,Rechazan por no tener autorización de la EPS
378,4,2026-09-11T10:46:00-05:00,telefono,Clínica Sebastián de Belalcázar,Dr. Julián Mosquera,Sin cupo en UCI
378,5,2026-09-11T15:48:00-05:00,telefono,Clínica Farallones,Dr. Julián Mosquera,Sin cupo en UCI
378,6,2026-09-11T22:30:00-05:00,telefono,Clínica Versalles,Dr. Julián Mosquera,Sin cupo en UCI
378,7,2026-09-12T06:19:00-05:00,correo,Clínica de Occidente,Dra. Carolina Ararat,Sin cupo en UCI
379,1,2026-07-30T02:22:00-05:00,telefono,Clínica de Occidente,Enf. Luz Mery Rivas,Sin cupo en UCI
379,2,2026-07-30T06:47:00-05:00,telefono,Clínica Sebastián de Belalcázar,Dra. Paola Muñoz,Sin respuesta en la línea de referencia
379,3,2026-07-30T10:27:00-05:00,telefono,Clínica Versalles,Enf. Jhon Fredy Balanta,"Cama no disponible, llamar mañana"
379,4,2026-07-30T14:17:00-05:00,telefono,Hospital Universitario San José (Popayán),Dr. Andrés Caicedo,Solicitan autorización de la EPS antes de aceptar
380,1,2026-05-03T07:40:00-05:00,plataforma,Clínica Versalles,Dr. Julián Mosquera,No hay convenio con la EPS del paciente
380,2,2026-05-03T12:22:00-05:00,telefono,Clínica Colombia Cali,Dra. Paola Muñoz,Servicio de hemodinamia sin disponibilidad
380,3,2026-05-03T17:58:00-05:00,telefono,Hospital San Juan de Dios Cali,Enf. Luz Mery Rivas,Rechazan por no tener autorización de la EPS
380,4,2026-05-03T19:16:00-05:00,plataforma,Hospital Universitario del Valle,Dr. Andrés Caicedo,Pendiente valoración del especialista de turno
381,1,2026-04-25T01:36:00-05:00,plataforma,Clínica Farallones,Dr. Andrés Caicedo,No hay especialista disponible
381,2,2026-04-25T05:23:00-05:00,telefono,Hospital Universitario San José (Popayán),Dr. Andrés Caicedo,Servicio de hemodinamia sin disponibilidad
381,3,2026-04-25T09:00:00-05:00,telefono,Clínica Nuestra Señora de los Remedios,Dra. Paola Muñoz,No hay especialista disponible
381,4,2026-04-25T11:05:00-05:00,telefono,Hospital Universitario San José (Popayán),Dra. Carolina Ararat,Pendiente valoración del especialista de turno
382,1,2026-03-31T10:19:00-05:00,telefono,Clínica de Occidente,Enf. Jhon Fredy Balanta,Sin cupo en UCI
382,2,2026-03-31T13:10:00-05:00,telefono,Hospital Universitario San José (Popayán),Enf. Jhon Fredy Balanta,Sin respuesta en la línea de referencia
382,3,2026-03-31T14:31:00-05:00,telefono,Clínica Imbanaco,Enf. Luz Mery Rivas,Sin cupo en UCI
382,4,2026-03-31T22:00:00-05:00,telefono,Clínica Sebastián de Belalcázar,Dra. Carolina Ararat,Sin respuesta en la línea de referencia
383,1,2026-08-01T02:20:00-05:00,telefono,Hospital Universitario San José (Popayán),Dra. Paola Muñoz,Sin cupo en UCI
383,2,2026-08-01T04:11:00-05:00,plataforma,Clínica Nuestra Señora de los Remedios,Enf. Luz Mery Rivas,Sin cupo en UCI
383,3,2026-08-01T09:23:00-05:00,plataforma,Clínica Farallones,Dra. Carolina Ararat,"Cama no disponible, llamar mañana"
383,4,2026-08-01T11:59:00-05:00,plataforma,Hospital San Juan de Dios Cali,Dra. Carolina Ararat,"En estudio, solicitan enviar historia clínica"
384,1,2026-08-01T08:55:00-05:00,plataforma,Clínica Imbanaco,Dra. Paola Muñoz,"Acepta paciente, cama asignada"
385,1,2026-06-20T16:51:00-05:00,plataforma,Clínica de Occidente,Enf. Jhon Fredy Balanta,Rechazan por no tener autorización de la EPS
385,2,2026-06-20T18:02:00-05:00,correo,Clínica Sebastián de Belalcázar,Dra. Paola Muñoz,Sin cupo en UCI
385,3,2026-06-20T23:04:00-05:00,telefono,Hospital San Juan de Dios Cali,Dra. Carolina Ararat,Rechazan por no tener autorización de la EPS
385,4,2026-06-21T04:50:00-05:00,telefono,Clínica Nuestra Señora de los Remedios,Dr. Andrés Caicedo,Solicitan autorización de la EPS antes de aceptar
386,1,2026-09-12T06:36:00-05:00,telefono,Fundación Valle del Lili,Enf. Luz Mery Rivas,No hay convenio con la EPS del paciente
386,2,2026-09-12T12:10:00-05:00,telefono,Clínica Versalles,Enf. Luz Mery Rivas,Sin respuesta en la línea de referencia
386,3,2026-09-12T14:46:00-05:00,telefono,Clínica Colombia Cali,Dr. Andrés Caicedo,No hay convenio con la EPS del paciente
386,4,2026-09-12T17:38:00-05:00,telefono,Clínica Nuestra Señora de los Remedios,Dra. Paola Muñoz,No hay especialista disponible
387,1,2026-03-03T05:06:00-05:00,telefono,Clínica Imbanaco,Enf. Luz Mery Rivas,Servicio de hemodinamia sin disponibilidad
387,2,2026-03-03T08:12:00-05:00,telefono,Hospital Universitario del Valle,Dra. Carolina Ararat,No hay especialista disponible
387,3,2026-03-03T14:02:00-05:00,telefono,Fundación Valle del Lili,Dra. Paola Muñoz,Sin cupo en UCI
387,4,2026-03-03T17:16:00-05:00,telefono,Hospital Universitario del Valle,Dra. Paola Muñoz,Pendiente valoración del especialista de turno
388,1,2026-05-02T18:37:00-05:00,correo,Clínica Nuestra Señora de los Remedios,Dra. Carolina Ararat,Rechazan por no tener autorización de la EPS
388,2,2026-05-02T21:06:00-05:00,plataforma,Clínica Farallones,Dra. Carolina Ararat,Servicio de hemodinamia sin disponibilidad
388,3,2026-05-03T02:22:00-05:00,plataforma,Hospital San Juan de Dios Cali,Dra. Paola Muñoz,"En estudio, solicitan enviar historia clínica"
389,1,2026-04-23T14:00:00-05:00,telefono,Clínica Farallones,Enf. Jhon Fredy Balanta,Acepta paciente en UCI
390,1,2026-07-30T04:29:00-05:00,plataforma,Hospital Universitario del Valle,Enf. Luz Mery Rivas,Acepta paciente en UCI
391,1,2026-05-23T17:30:00-05:00,telefono,Clínica Nuestra Señora de los Remedios,Dra. Paola Muñoz,Rechazan por no tener autorización de la EPS
391,2,2026-05-23T22:53:00-05:00,telefono,Clínica Colombia Cali,Enf. Luz Mery Rivas,Sin respuesta en la línea de referencia
391,3,2026-05-24T02:07:00-05:00,telefono,Clínica Imbanaco,Enf. Luz Mery Rivas,Sin respuesta en la línea de referencia
391,4,2026-05-24T04:29:00-05:00,telefono,Hospital Universitario San José (Popayán),Dra. Carolina Ararat,Solicitan autorización de la EPS antes de aceptar
392,1,2026-05-15T09:01:00-05:00,telefono,Clínica de Occidente,Dr. Julián Mosquera,Acepta paciente para valoración por especialista
393,1,2026-05-10T04:17:00-05:00,plataforma,Clínica Farallones,Enf. Luz Mery Rivas,Rechazan por no tener autorización de la EPS
393,2,2026-05-10T09:35:00-05:00,plataforma,Fundación Valle del Lili,Dra. Carolina Ararat,No hay especialista disponible
393,3,2026-05-10T13:20:00-05:00,telefono,Clínica de Occidente,Enf. Jhon Fredy Balanta,No hay especialista disponible
393,4,2026-05-10T16:09:00-05:00,telefono,Clínica Nuestra Señora de los Remedios,Dr. Julián Mosquera,No hay convenio con la EPS del paciente
394,1,2026-07-15T06:46:00-05:00,telefono,Clínica Nuestra Señora de los Remedios,Dr. Andrés Caicedo,Acepta paciente para valoración por especialista
395,1,2026-04-24T16:56:00-05:00,telefono,Hospital San Juan de Dios Cali,Dr. Andrés Caicedo,Sin respuesta en la línea de referencia
395,2,2026-04-24T22:30:00-05:00,telefono,Clínica Versalles,Enf. Luz Mery Rivas,No hay convenio con la EPS del paciente
395,3,2026-04-25T00:29:00-05:00,telefono,Clínica Imbanaco,Enf. Luz Mery Rivas,"Cama no disponible, llamar mañana"
395,4,2026-04-25T03:14:00-05:00,correo,Clínica Colombia Cali,Dr. Andrés Caicedo,"Cama no disponible, llamar mañana"
395,5,2026-04-25T11:08:00-05:00,telefono,Hospital San Juan de Dios Cali,Dr. Julián Mosquera,Servicio de hemodinamia sin disponibilidad
396,1,2026-06-04T04:14:00-05:00,telefono,Hospital Universitario San José (Popayán),Enf. Luz Mery Rivas,No hay especialista disponible
396,2,2026-06-04T05:31:00-05:00,telefono,Clínica Farallones,Dr. Julián Mosquera,Rechazan por no tener autorización de la EPS
396,3,2026-06-04T10:27:00-05:00,telefono,Hospital Universitario del Valle,Dra. Paola Muñoz,Solicitan autorización de la EPS antes de aceptar
397,1,2026-03-23T09:24:00-05:00,telefono,Hospital San Juan de Dios Cali,Dr. Andrés Caicedo,No hay especialista disponible
397,2,2026-03-23T12:04:00-05:00,telefono,Fundación Valle del Lili,Dra. Carolina Ararat,Rechazan por no tener autorización de la EPS
397,3,2026-03-23T18:38:00-05:00,plataforma,Clínica Farallones,Dr. Andrés Caicedo,Sin cupo en UCI
397,4,2026-03-24T00:00:00-05:00,telefono,Clínica Versalles,Enf. Luz Mery Rivas,Sin respuesta en la línea de referencia
397,5,2026-03-24T03:30:00-05:00,correo,Clínica Sebastián de Belalcázar,Enf. Luz Mery Rivas,Servicio de hemodinamia sin disponibilidad
398,1,2026-08-18T09:19:00-05:00,plataforma,Clínica de Occidente,Dra. Carolina Ararat,Servicio de hemodinamia sin disponibilidad
398,2,2026-08-18T10:06:00-05:00,plataforma,Hospital Universitario del Valle,Enf. Jhon Fredy Balanta,Acepta paciente para valoración por especialista
399,1,2026-08-09T12:01:00-05:00,telefono,Hospital Universitario San José (Popayán),Dr. Julián Mosquera,Sin respuesta en la línea de referencia
399,2,2026-08-09T14:04:00-05:00,telefono,Clínica Imbanaco,Dr. Andrés Caicedo,No hay especialista disponible
399,3,2026-08-09T15:22:00-05:00,plataforma,Clínica Versalles,Enf. Luz Mery Rivas,Sin respuesta en la línea de referencia
399,4,2026-08-09T21:01:00-05:00,telefono,Hospital San Juan de Dios Cali,Dra. Paola Muñoz,"Cama no disponible, llamar mañana"
399,5,2026-08-09T22:02:00-05:00,plataforma,Clínica Farallones,Dr. Julián Mosquera,Rechazan por no tener autorización de la EPS
400,1,2026-05-27T02:05:00-05:00,correo,Hospital Universitario del Valle,Dra. Paola Muñoz,"Acepta paciente, enviar en ambulancia medicalizada"
401,1,2026-07-06T13:33:00-05:00,telefono,Clínica Imbanaco,Dra. Carolina Ararat,Rechazan por no tener autorización de la EPS
401,2,2026-07-06T14:39:00-05:00,plataforma,Clínica Nuestra Señora de los Remedios,Dra. Carolina Ararat,No hay especialista disponible
401,3,2026-07-06T16:53:00-05:00,plataforma,Fundación Valle del Lili,Dr. Julián Mosquera,Rechazan por no tener autorización de la EPS
401,4,2026-07-07T00:23:00-05:00,correo,Hospital San Juan de Dios Cali,Enf. Luz Mery Rivas,Rechazan por no tener autorización de la EPS
402,1,2026-08-08T06:02:00-05:00,plataforma,Hospital Universitario del Valle,Dr. Julián Mosquera,"Acepta paciente, cama asignada"
403,1,2026-03-23T21:34:00-05:00,plataforma,Hospital San Juan de Dios Cali,Dra. Paola Muñoz,"Acepta paciente, enviar en ambulancia medicalizada"
404,1,2026-05-01T21:44:00-05:00,telefono,Clínica Nuestra Señora de los Remedios,Dr. Andrés Caicedo,"Cama no disponible, llamar mañana"
404,2,2026-05-01T23:18:00-05:00,plataforma,Hospital Universitario del Valle,Dra. Paola Muñoz,Acepta paciente en UCI
405,1,2026-04-11T04:07:00-05:00,correo,Clínica Colombia Cali,Dra. Carolina Ararat,Sin cupo en UCI
405,2,2026-04-11T09:45:00-05:00,correo,Hospital Universitario San José (Popayán),Dr. Julián Mosquera,"Cama no disponible, llamar mañana"
405,3,2026-04-11T11:39:00-05:00,plataforma,Clínica Nuestra Señora de los Remedios,Enf. Jhon Fredy Balanta,Pendiente valoración del especialista de turno
406,1,2026-03-31T04:09:00-05:00,telefono,Clínica Imbanaco,Enf. Luz Mery Rivas,Sin cupo en UCI
406,2,2026-03-31T05:10:00-05:00,correo,Clínica Farallones,Dr. Andrés Caicedo,"Acepta paciente, enviar en ambulancia medicalizada"
407,1,2026-06-22T21:15:00-05:00,telefono,Clínica de Occidente,Enf. Jhon Fredy Balanta,No hay convenio con la EPS del paciente
407,2,2026-06-23T02:34:00-05:00,telefono,Hospital Universitario San José (Popayán),Dra. Carolina Ararat,Servicio de hemodinamia sin disponibilidad
407,3,2026-06-23T05:43:00-05:00,telefono,Clínica Colombia Cali,Dr. Julián Mosquera,No hay especialista disponible
407,4,2026-06-23T09:57:00-05:00,telefono,Clínica Imbanaco,Dra. Paola Muñoz,"En estudio, solicitan enviar historia clínica"
408,1,2026-09-20T11:48:00-05:00,telefono,Clínica Sebastián de Belalcázar,Dr. Julián Mosquera,Servicio de hemodinamia sin disponibilidad
408,2,2026-09-20T12:56:00-05:00,telefono,Hospital Universitario del Valle,Dra. Paola Muñoz,"Acepta paciente, enviar en ambulancia medicalizada"
409,1,2026-04-29T13:28:00-05:00,telefono,Hospital Universitario del Valle,Enf. Luz Mery Rivas,"Cama no disponible, llamar mañana"
409,2,2026-04-29T15:33:00-05:00,telefono,Fundación Valle del Lili,Dr. Julián Mosquera,Servicio de hemodinamia sin disponibilidad
409,3,2026-04-29T19:41:00-05:00,plataforma,Hospital Universitario del Valle,Enf. Jhon Fredy Balanta,"En estudio, solicitan enviar historia clínica"
410,1,2026-07-04T10:12:00-05:00,plataforma,Clínica Nuestra Señora de los Remedios,Dra. Carolina Ararat,Sin cupo en UCI
410,2,2026-07-04T11:13:00-05:00,plataforma,Clínica Farallones,Enf. Jhon Fredy Balanta,Rechazan por no tener autorización de la EPS
410,3,2026-07-04T13:24:00-05:00,plataforma,Clínica de Occidente,Enf. Jhon Fredy Balanta,Sin respuesta en la línea de referencia
410,4,2026-07-04T17:42:00-05:00,telefono,Hospital Universitario San José (Popayán),Dra. Paola Muñoz,"En estudio, solicitan enviar historia clínica"
411,1,2026-05-09T15:25:00-05:00,telefono,Clínica Colombia Cali,Dra. Paola Muñoz,"Acepta paciente, enviar en ambulancia medicalizada"
412,1,2026-04-17T10:43:00-05:00,telefono,Hospital San Juan de Dios Cali,Dr. Andrés Caicedo,"Cama no disponible, llamar mañana"
412,2,2026-04-17T11:25:00-05:00,telefono,Clínica Imbanaco,Dra. Carolina Ararat,"Acepta paciente, enviar en ambulancia medicalizada"
413,1,2026-04-22T07:52:00-05:00,plataforma,Clínica Versalles,Dr. Julián Mosquera,Sin respuesta en la línea de referencia
413,2,2026-04-22T09:26:00-05:00,telefono,Clínica Sebastián de Belalcázar,Dr. Andrés Caicedo,No hay especialista disponible
413,3,2026-04-22T12:22:00-05:00,plataforma,Clínica Colombia Cali,Dr. Julián Mosquera,Solicitan autorización de la EPS antes de aceptar
414,1,2026-07-30T15:49:00-05:00,plataforma,Clínica de Occidente,Dr. Julián Mosquera,Sin respuesta en la línea de referencia
414,2,2026-07-30T18:36:00-05:00,plataforma,Clínica Nuestra Señora de los Remedios,Dr. Andrés Caicedo,Sin respuesta en la línea de referencia
414,3,2026-07-30T21:30:00-05:00,telefono,Hospital Universitario San José (Popayán),Enf. Luz Mery Rivas,No hay convenio con la EPS del paciente
414,4,2026-07-31T02:01:00-05:00,telefono,Clínica de Occidente,Enf. Jhon Fredy Balanta,Rechazan por no tener autorización de la EPS
415,1,2026-07-07T15:47:00-05:00,telefono,Hospital Universitario San José (Popayán),Dr. Andrés Caicedo,"Acepta paciente, enviar en ambulancia medicalizada"
416,1,2026-05-09T16:05:00-05:00,correo,Clínica de Occidente,Dra. Paola Muñoz,Sin respuesta en la línea de referencia
416,2,2026-05-09T18:21:00-05:00,telefono,Hospital San Juan de Dios Cali,Dr. Andrés Caicedo,"Cama no disponible, llamar mañana"
416,3,2026-05-09T20:17:00-05:00,telefono,Hospital Universitario San José (Popayán),Enf. Luz Mery Rivas,No hay convenio con la EPS del paciente
416,4,2026-05-10T00:48:00-05:00,telefono,Clínica Colombia Cali,Dr. Julián Mosquera,Sin cupo en UCI
416,5,2026-05-10T03:19:00-05:00,correo,Hospital Universitario del Valle,Dra. Carolina Ararat,Rechazan por no tener autorización de la EPS
417,1,2026-06-21T18:37:00-05:00,plataforma,Clínica Sebastián de Belalcázar,Enf. Jhon Fredy Balanta,No hay convenio con la EPS del paciente
417,2,2026-06-21T21:47:00-05:00,correo,Clínica Versalles,Enf. Luz Mery Rivas,Servicio de hemodinamia sin disponibilidad
417,3,2026-06-22T02:26:00-05:00,telefono,Hospital San Juan de Dios Cali,Enf. Luz Mery Rivas,No hay especialista disponible
417,4,2026-06-22T04:15:00-05:00,telefono,Clínica Nuestra Señora de los Remedios,Enf. Jhon Fredy Balanta,"En estudio, solicitan enviar historia clínica"
418,1,2026-09-07T07:01:00-05:00,telefono,Clínica Versalles,Dr. Andrés Caicedo,No hay convenio con la EPS del paciente
418,2,2026-09-07T09:02:00-05:00,telefono,Hospital Universitario San José (Popayán),Dra. Carolina Ararat,No hay convenio con la EPS del paciente
418,3,2026-09-07T10:38:00-05:00,telefono,Hospital Universitario del Valle,Dra. Paola Muñoz,"En estudio, solicitan enviar historia clínica"
419,1,2026-05-13T18:34:00-05:00,telefono,Clínica Nuestra Señora de los Remedios,Dra. Paola Muñoz,Sin respuesta en la línea de referencia
419,2,2026-05-13T20:39:00-05:00,plataforma,Clínica Versalles,Dra. Paola Muñoz,No hay especialista disponible
419,3,2026-05-14T00:37:00-05:00,plataforma,Clínica Farallones,Dr. Julián Mosquera,Llamar en 2 horas para confirmar cupo
420,1,2026-07-13T14:13:00-05:00,correo,Clínica Nuestra Señora de los Remedios,Dr. Andrés Caicedo,Acepta paciente para valoración por especialista
421,1,2026-08-06T09:41:00-05:00,telefono,Hospital San Juan de Dios Cali,Dr. Andrés Caicedo,"Cama no disponible, llamar mañana"
421,2,2026-08-06T13:47:00-05:00,telefono,Clínica Nuestra Señora de los Remedios,Dr. Julián Mosquera,No hay convenio con la EPS del paciente
421,3,2026-08-06T15:48:00-05:00,telefono,Clínica Farallones,Dr. Andrés Caicedo,Servicio de hemodinamia sin disponibilidad
421,4,2026-08-06T17:10:00-05:00,telefono,Hospital Universitario del Valle,Dr. Andrés Caicedo,Solicitan autorización de la EPS antes de aceptar
422,1,2026-08-28T15:25:00-05:00,plataforma,Clínica Versalles,Dra. Paola Muñoz,No hay convenio con la EPS del paciente
422,2,2026-08-28T16:38:00-05:00,telefono,Clínica Farallones,Dr. Andrés Caicedo,Sin respuesta en la línea de referencia
422,3,2026-08-28T19:16:00-05:00,plataforma,Clínica Nuestra Señora de los Remedios,Dr. Julián Mosquera,Servicio de hemodinamia sin disponibilidad
422,4,2026-08-29T00:56:00-05:00,telefono,Hospital San Juan de Dios Cali,Dra. Carolina Ararat,No hay especialista disponible
422,5,2026-08-29T05:19:00-05:00,telefono,Clínica de Occidente,Dra. Paola Muñoz,Servicio de hemodinamia sin disponibilidad
422,6,2026-08-29T11:12:00-05:00,telefono,Fundación Valle del Lili,Dr. Andrés Caicedo,No hay convenio con la EPS del paciente
422,7,2026-08-29T19:12:00-05:00,plataforma,Clínica Sebastián de Belalcázar,Dra. Paola Muñoz,Sin respuesta en la línea de referencia
423,1,2026-08-15T01:39:00-05:00,telefono,Hospital Universitario del Valle,Dr. Julián Mosquera,Acepta paciente en UCI
424,1,2026-08-29T12:47:00-05:00,plataforma,Clínica Colombia Cali,Enf. Jhon Fredy Balanta,Servicio de hemodinamia sin disponibilidad
424,2,2026-08-29T17:40:00-05:00,plataforma,Clínica Versalles,Dr. Julián Mosquera,"Cama no disponible, llamar mañana"
424,3,2026-08-29T20:39:00-05:00,telefono,Clínica de Occidente,Dra. Paola Muñoz,Llamar en 2 horas para confirmar cupo
425,1,2026-04-16T02:20:00-05:00,correo,Clínica Versalles,Dr. Julián Mosquera,Sin cupo en UCI
425,2,2026-04-16T05:27:00-05:00,correo,Clínica Sebastián de Belalcázar,Enf. Jhon Fredy Balanta,"Cama no disponible, llamar mañana"
425,3,2026-04-16T11:42:00-05:00,telefono,Clínica Nuestra Señora de los Remedios,Dra. Paola Muñoz,Sin cupo en UCI
425,4,2026-04-16T17:09:00-05:00,telefono,Hospital Universitario del Valle,Dra. Carolina Ararat,Sin cupo en UCI
426,1,2026-05-15T02:46:00-05:00,telefono,Clínica Nuestra Señora de los Remedios,Enf. Luz Mery Rivas,Servicio de hemodinamia sin disponibilidad
426,2,2026-05-15T04:31:00-05:00,correo,Clínica Imbanaco,Dr. Andrés Caicedo,Sin respuesta en la línea de referencia
426,3,2026-05-15T08:26:00-05:00,correo,Hospital Universitario San José (Popayán),Dra. Paola Muñoz,"Cama no disponible, llamar mañana"
426,4,2026-05-15T14:04:00-05:00,telefono,Hospital Universitario del Valle,Enf. Jhon Fredy Balanta,Solicitan autorización de la EPS antes de aceptar
427,1,2026-08-18T12:08:00-05:00,correo,Clínica Nuestra Señora de los Remedios,Enf. Luz Mery Rivas,Sin cupo en UCI
427,2,2026-08-18T15:58:00-05:00,plataforma,Hospital Universitario San José (Popayán),Enf. Jhon Fredy Balanta,"Cama no disponible, llamar mañana"
427,3,2026-08-18T22:44:00-05:00,plataforma,Clínica Colombia Cali,Enf. Jhon Fredy Balanta,Sin respuesta en la línea de referencia
427,4,2026-08-19T04:35:00-05:00,correo,Clínica Farallones,Dr. Julián Mosquera,No hay convenio con la EPS del paciente
427,5,2026-08-19T11:44:00-05:00,plataforma,Hospital Universitario del Valle,Dr. Julián Mosquera,No hay convenio con la EPS del paciente
428,1,2026-05-12T13:34:00-05:00,plataforma,Clínica Colombia Cali,Dr. Julián Mosquera,Acepta paciente para valoración por especialista
429,1,2026-04-15T18:08:00-05:00,telefono,Hospital San Juan de Dios Cali,Dra. Paola Muñoz,Sin respuesta en la línea de referencia
429,2,2026-04-15T21:40:00-05:00,correo,Clínica Colombia Cali,Dr. Andrés Caicedo,Sin respuesta en la línea de referencia
429,3,2026-04-16T00:53:00-05:00,telefono,Hospital Universitario San José (Popayán),Dra. Paola Muñoz,Sin respuesta en la línea de referencia
429,4,2026-04-16T03:16:00-05:00,telefono,Hospital Universitario del Valle,Dra. Carolina Ararat,Pendiente valoración del especialista de turno
430,1,2026-07-08T19:05:00-05:00,telefono,Clínica Farallones,Dr. Andrés Caicedo,Sin respuesta en la línea de referencia
430,2,2026-07-08T23:54:00-05:00,plataforma,Clínica Imbanaco,Dra. Carolina Ararat,Sin respuesta en la línea de referencia
430,3,2026-07-09T07:19:00-05:00,plataforma,Hospital Universitario del Valle,Dr. Julián Mosquera,No hay convenio con la EPS del paciente
430,4,2026-07-09T13:47:00-05:00,telefono,Hospital Universitario del Valle,Dra. Carolina Ararat,No hay especialista disponible
431,1,2026-05-13T04:19:00-05:00,telefono,Hospital Universitario San José (Popayán),Enf. Luz Mery Rivas,Rechazan por no tener autorización de la EPS
431,2,2026-05-13T04:54:00-05:00,plataforma,Hospital Universitario del Valle,Dra. Carolina Ararat,"Acepta paciente, cama asignada"
432,1,2026-06-27T12:53:00-05:00,correo,Clínica Nuestra Señora de los Remedios,Dr. Andrés Caicedo,"Cama no disponible, llamar mañana"
432,2,2026-06-27T14:03:00-05:00,telefono,Hospital Universitario San José (Popayán),Dr. Andrés Caicedo,"Cama no disponible, llamar mañana"
432,3,2026-06-27T19:16:00-05:00,plataforma,Hospital San Juan de Dios Cali,Dr. Julián Mosquera,Pendiente valoración del especialista de turno
433,1,2026-07-12T05:34:00-05:00,correo,Clínica de Occidente,Dra. Carolina Ararat,Sin respuesta en la línea de referencia
433,2,2026-07-12T06:02:00-05:00,telefono,Clínica Versalles,Enf. Luz Mery Rivas,Acepta paciente para valoración por especialista
434,1,2026-07-27T11:43:00-05:00,telefono,Clínica Versalles,Dr. Julián Mosquera,Servicio de hemodinamia sin disponibilidad
434,2,2026-07-27T15:16:00-05:00,telefono,Hospital Universitario del Valle,Enf. Luz Mery Rivas,Rechazan por no tener autorización de la EPS
434,3,2026-07-27T21:10:00-05:00,plataforma,Hospital Universitario del Valle,Enf. Luz Mery Rivas,Solicitan autorización de la EPS antes de aceptar
435,1,2026-04-06T14:45:00-05:00,telefono,Hospital Universitario del Valle,Dr. Andrés Caicedo,No hay especialista disponible
435,2,2026-04-06T16:00:00-05:00,plataforma,Fundación Valle del Lili,Dr. Julián Mosquera,Sin respuesta en la línea de referencia
435,3,2026-04-06T17:11:00-05:00,telefono,Clínica de Occidente,Dra. Carolina Ararat,No hay convenio con la EPS del paciente
435,4,2026-04-07T00:13:00-05:00,plataforma,Clínica Sebastián de Belalcázar,Dr. Andrés Caicedo,"Cama no disponible, llamar mañana"
435,5,2026-04-07T02:52:00-05:00,plataforma,Hospital Universitario del Valle,Dr. Julián Mosquera,"Cama no disponible, llamar mañana"
436,1,2026-06-14T04:22:00-05:00,telefono,Clínica Imbanaco,Enf. Jhon Fredy Balanta,Sin cupo en UCI
436,2,2026-06-14T09:06:00-05:00,telefono,Clínica Nuestra Señora de los Remedios,Dra. Paola Muñoz,Sin respuesta en la línea de referencia
436,3,2026-06-14T10:27:00-05:00,correo,Clínica Versalles,Dr. Andrés Caicedo,"Cama no disponible, llamar mañana"
436,4,2026-06-14T14:35:00-05:00,plataforma,Clínica Farallones,Dr. Julián Mosquera,"Cama no disponible, llamar mañana"
436,5,2026-06-14T16:08:00-05:00,telefono,Fundación Valle del Lili,Dra. Paola Muñoz,Sin respuesta en la línea de referencia
436,6,2026-06-14T19:06:00-05:00,telefono,Clínica de Occidente,Enf. Luz Mery Rivas,Sin respuesta en la línea de referencia
436,7,2026-06-14T21:36:00-05:00,telefono,Clínica de Occidente,Dra. Carolina Ararat,"Cama no disponible, llamar mañana"
437,1,2026-03-13T07:18:00-05:00,telefono,Clínica Imbanaco,Dr. Andrés Caicedo,Sin cupo en UCI
437,2,2026-03-13T08:24:00-05:00,plataforma,Clínica Colombia Cali,Dra. Carolina Ararat,No hay convenio con la EPS del paciente
437,3,2026-03-13T12:35:00-05:00,telefono,Hospital San Juan de Dios Cali,Enf. Jhon Fredy Balanta,Sin cupo en UCI
437,4,2026-03-13T17:03:00-05:00,plataforma,Clínica de Occidente,Enf. Jhon Fredy Balanta,Rechazan por no tener autorización de la EPS
437,5,2026-03-13T22:55:00-05:00,telefono,Clínica Farallones,Enf. Luz Mery Rivas,"Cama no disponible, llamar mañana"
437,6,2026-03-14T05:32:00-05:00,plataforma,Hospital Universitario San José (Popayán),Enf. Luz Mery Rivas,Sin respuesta en la línea de referencia
437,7,2026-03-14T11:58:00-05:00,telefono,Clínica Versalles,Dra. Paola Muñoz,Sin respuesta en la línea de referencia
438,1,2026-06-16T03:54:00-05:00,correo,Clínica Colombia Cali,Dr. Andrés Caicedo,No hay convenio con la EPS del paciente
438,2,2026-06-16T09:14:00-05:00,plataforma,Hospital San Juan de Dios Cali,Dr. Julián Mosquera,Sin cupo en UCI
438,3,2026-06-16T13:04:00-05:00,telefono,Hospital Universitario San José (Popayán),Enf. Luz Mery Rivas,"En estudio, solicitan enviar historia clínica"
439,1,2026-05-12T01:32:00-05:00,telefono,Clínica Colombia Cali,Enf. Jhon Fredy Balanta,No hay especialista disponible
439,2,2026-05-12T05:33:00-05:00,plataforma,Hospital Universitario San José (Popayán),Enf. Luz Mery Rivas,Rechazan por no tener autorización de la EPS
439,3,2026-05-12T07:54:00-05:00,telefono,Clínica Sebastián de Belalcázar,Dra. Paola Muñoz,No hay especialista disponible
439,4,2026-05-12T13:55:00-05:00,telefono,Fundación Valle del Lili,Dra. Carolina Ararat,Servicio de hemodinamia sin disponibilidad
440,1,2026-08-28T17:26:00-05:00,plataforma,Clínica Imbanaco,Dr. Andrés Caicedo,No hay convenio con la EPS del paciente
440,2,2026-08-29T00:49:00-05:00,telefono,Clínica de Occidente,Enf. Luz Mery Rivas,Rechazan por no tener autorización de la EPS
440,3,2026-08-29T05:25:00-05:00,telefono,Clínica Sebastián de Belalcázar,Dr. Julián Mosquera,No hay especialista disponible
440,4,2026-08-29T11:04:00-05:00,telefono,Hospital San Juan de Dios Cali,Enf. Luz Mery Rivas,No hay especialista disponible
440,5,2026-08-29T13:35:00-05:00,telefono,Clínica Farallones,Enf. Luz Mery Rivas,No hay especialista disponible
440,6,2026-08-29T15:16:00-05:00,telefono,Clínica Nuestra Señora de los Remedios,Dr. Andrés Caicedo,No hay especialista disponible
440,7,2026-08-29T18:30:00-05:00,telefono,Clínica de Occidente,Enf. Luz Mery Rivas,No hay especialista disponible
441,1,2026-05-20T05:33:00-05:00,plataforma,Clínica Nuestra Señora de los Remedios,Enf. Jhon Fredy Balanta,No hay especialista disponible
441,2,2026-05-20T06:06:00-05:00,plataforma,Hospital Universitario del Valle,Enf. Jhon Fredy Balanta,Acepta paciente en UCI
442,1,2026-08-05T13:25:00-05:00,telefono,Clínica Sebastián de Belalcázar,Dra. Carolina Ararat,Servicio de hemodinamia sin disponibilidad
442,2,2026-08-05T18:56:00-05:00,plataforma,Fundación Valle del Lili,Dra. Carolina Ararat,Servicio de hemodinamia sin disponibilidad
442,3,2026-08-05T22:24:00-05:00,telefono,Hospital Universitario del Valle,Dra. Carolina Ararat,"En estudio, solicitan enviar historia clínica"
443,1,2026-09-12T02:26:00-05:00,telefono,Hospital Universitario del Valle,Enf. Luz Mery Rivas,"Acepta paciente, cama asignada"
444,1,2026-03-21T10:18:00-05:00,telefono,Hospital Universitario San José (Popayán),Dra. Paola Muñoz,"Acepta paciente, enviar en ambulancia medicalizada"
445,1,2026-07-19T04:40:00-05:00,telefono,Fundación Valle del Lili,Dr. Julián Mosquera,No hay convenio con la EPS del paciente
445,2,2026-07-19T10:59:00-05:00,telefono,Clínica Versalles,Dra. Carolina Ararat,Sin respuesta en la línea de referencia
445,3,2026-07-19T15:31:00-05:00,telefono,Clínica Colombia Cali,Dr. Andrés Caicedo,No hay convenio con la EPS del paciente
445,4,2026-07-19T21:02:00-05:00,telefono,Hospital Universitario San José (Popayán),Enf. Luz Mery Rivas,Sin cupo en UCI
445,5,2026-07-20T01:10:00-05:00,plataforma,Clínica Nuestra Señora de los Remedios,Dr. Andrés Caicedo,Servicio de hemodinamia sin disponibilidad
445,6,2026-07-20T08:01:00-05:00,plataforma,Clínica Farallones,Dr. Julián Mosquera,Rechazan por no tener autorización de la EPS
445,7,2026-07-20T12:04:00-05:00,telefono,Clínica Imbanaco,Dr. Andrés Caicedo,Rechazan por no tener autorización de la EPS
446,1,2026-08-08T20:13:00-05:00,telefono,Clínica Sebastián de Belalcázar,Enf. Jhon Fredy Balanta,Sin cupo en UCI
446,2,2026-08-09T00:20:00-05:00,plataforma,Clínica Colombia Cali,Dr. Andrés Caicedo,Servicio de hemodinamia sin disponibilidad
446,3,2026-08-09T04:48:00-05:00,telefono,Clínica Versalles,Enf. Luz Mery Rivas,"Cama no disponible, llamar mañana"
446,4,2026-08-09T08:57:00-05:00,telefono,Clínica Sebastián de Belalcázar,Enf. Jhon Fredy Balanta,Sin respuesta en la línea de referencia
447,1,2026-03-15T17:11:00-05:00,telefono,Clínica Imbanaco,Dr. Andrés Caicedo,No hay especialista disponible
447,2,2026-03-15T18:36:00-05:00,telefono,Clínica de Occidente,Dr. Julián Mosquera,Servicio de hemodinamia sin disponibilidad
447,3,2026-03-15T20:57:00-05:00,telefono,Hospital Universitario del Valle,Dr. Andrés Caicedo,"Cama no disponible, llamar mañana"
447,4,2026-03-15T22:59:00-05:00,telefono,Clínica Versalles,Dr. Julián Mosquera,"Cama no disponible, llamar mañana"
447,5,2026-03-16T01:13:00-05:00,telefono,Clínica Colombia Cali,Dr. Julián Mosquera,Rechazan por no tener autorización de la EPS
447,6,2026-03-16T07:05:00-05:00,plataforma,Hospital Universitario del Valle,Dr. Julián Mosquera,No hay convenio con la EPS del paciente
448,1,2026-08-02T18:37:00-05:00,telefono,Hospital Universitario del Valle,Dr. Julián Mosquera,Acepta paciente para valoración por especialista
449,1,2026-05-25T12:50:00-05:00,telefono,Clínica Farallones,Dra. Carolina Ararat,Rechazan por no tener autorización de la EPS
449,2,2026-05-25T14:57:00-05:00,telefono,Clínica Nuestra Señora de los Remedios,Enf. Luz Mery Rivas,No hay convenio con la EPS del paciente
449,3,2026-05-25T16:12:00-05:00,correo,Hospital San Juan de Dios Cali,Enf. Luz Mery Rivas,No hay especialista disponible
449,4,2026-05-25T18:14:00-05:00,telefono,Fundación Valle del Lili,Dra. Paola Muñoz,Llamar en 2 horas para confirmar cupo
450,1,2026-05-21T13:42:00-05:00,telefono,Clínica Versalles,Dra. Paola Muñoz,Servicio de hemodinamia sin disponibilidad
450,2,2026-05-21T18:35:00-05:00,telefono,Hospital Universitario San José (Popayán),Enf. Luz Mery Rivas,Servicio de hemodinamia sin disponibilidad
450,3,2026-05-21T21:10:00-05:00,telefono,Clínica Nuestra Señora de los Remedios,Dr. Julián Mosquera,No hay especialista disponible
450,4,2026-05-22T02:18:00-05:00,correo,Clínica Imbanaco,Enf. Luz Mery Rivas,"Cama no disponible, llamar mañana"
451,1,2026-06-23T03:53:00-05:00,telefono,Clínica Nuestra Señora de los Remedios,Dra. Paola Muñoz,"Cama no disponible, llamar mañana"
451,2,2026-06-23T04:09:00-05:00,plataforma,Clínica Imbanaco,Dra. Carolina Ararat,Acepta paciente en UCI
452,1,2026-06-02T14:33:00-05:00,telefono,Clínica de Occidente,Enf. Jhon Fredy Balanta,Sin respuesta en la línea de referencia
452,2,2026-06-02T18:17:00-05:00,plataforma,Hospital Universitario San José (Popayán),Dra. Paola Muñoz,Sin respuesta en la línea de referencia
452,3,2026-06-02T21:41:00-05:00,telefono,Fundación Valle del Lili,Enf. Jhon Fredy Balanta,No hay convenio con la EPS del paciente
452,4,2026-06-03T02:04:00-05:00,plataforma,Clínica Imbanaco,Enf. Jhon Fredy Balanta,Sin respuesta en la línea de referencia
452,5,2026-06-03T04:12:00-05:00,telefono,Clínica Sebastián de Belalcázar,Enf. Jhon Fredy Balanta,Sin respuesta en la línea de referencia
452,6,2026-06-03T10:41:00-05:00,plataforma,Clínica Colombia Cali,Dra. Carolina Ararat,Sin cupo en UCI
453,1,2026-05-12T05:59:00-05:00,correo,Clínica Imbanaco,Dra. Carolina Ararat,Acepta paciente para valoración por especialista
454,1,2026-04-14T16:36:00-05:00,telefono,Clínica Colombia Cali,Enf. Jhon Fredy Balanta,No hay especialista disponible
454,2,2026-04-14T17:56:00-05:00,correo,Hospital Universitario del Valle,Enf. Jhon Fredy Balanta,Acepta paciente en UCI
455,1,2026-06-28T09:46:00-05:00,correo,Hospital San Juan de Dios Cali,Enf. Luz Mery Rivas,Acepta paciente en UCI
456,1,2026-08-14T10:08:00-05:00,telefono,Clínica Colombia Cali,Dra. Paola Muñoz,Sin cupo en UCI
456,2,2026-08-14T14:40:00-05:00,telefono,Hospital Universitario San José (Popayán),Dra. Paola Muñoz,Rechazan por no tener autorización de la EPS
456,3,2026-08-14T15:51:00-05:00,plataforma,Clínica Nuestra Señora de los Remedios,Enf. Jhon Fredy Balanta,Rechazan por no tener autorización de la EPS
456,4,2026-08-14T20:02:00-05:00,telefono,Clínica Imbanaco,Dr. Julián Mosquera,Pendiente valoración del especialista de turno
457,1,2026-04-20T07:29:00-05:00,plataforma,Hospital San Juan de Dios Cali,Dra. Carolina Ararat,Sin cupo en UCI
457,2,2026-04-20T12:19:00-05:00,correo,Fundación Valle del Lili,Dra. Carolina Ararat,"Cama no disponible, llamar mañana"
457,3,2026-04-20T20:17:00-05:00,correo,Clínica Versalles,Dra. Carolina Ararat,Sin respuesta en la línea de referencia
457,4,2026-04-20T23:25:00-05:00,plataforma,Clínica Farallones,Dr. Andrés Caicedo,Sin cupo en UCI
457,5,2026-04-21T01:39:00-05:00,plataforma,Clínica Sebastián de Belalcázar,Dr. Andrés Caicedo,No hay convenio con la EPS del paciente
457,6,2026-04-21T03:29:00-05:00,plataforma,Clínica Colombia Cali,Dr. Julián Mosquera,Sin cupo en UCI
457,7,2026-04-21T08:56:00-05:00,telefono,Clínica Imbanaco,Dr. Julián Mosquera,Sin respuesta en la línea de referencia
458,1,2026-03-28T05:33:00-05:00,telefono,Clínica Farallones,Enf. Jhon Fredy Balanta,"Acepta paciente, cama asignada"
459,1,2026-03-13T02:48:00-05:00,correo,Clínica Colombia Cali,Dra. Carolina Ararat,Rechazan por no tener autorización de la EPS
459,2,2026-03-13T07:48:00-05:00,plataforma,Hospital San Juan de Dios Cali,Dr. Julián Mosquera,Servicio de hemodinamia sin disponibilidad
459,3,2026-03-13T12:19:00-05:00,telefono,Hospital San Juan de Dios Cali,Dra. Paola Muñoz,Pendiente valoración del especialista de turno
460,1,2026-03-19T04:16:00-05:00,plataforma,Hospital Universitario San José (Popayán),Enf. Luz Mery Rivas,"Cama no disponible, llamar mañana"
460,2,2026-03-19T05:54:00-05:00,telefono,Clínica Farallones,Enf. Luz Mery Rivas,Sin cupo en UCI
460,3,2026-03-19T11:31:00-05:00,telefono,Clínica Colombia Cali,Enf. Luz Mery Rivas,Sin cupo en UCI
460,4,2026-03-19T12:41:00-05:00,telefono,Clínica Imbanaco,Dr. Andrés Caicedo,Rechazan por no tener autorización de la EPS
460,5,2026-03-19T17:20:00-05:00,telefono,Hospital San Juan de Dios Cali,Enf. Luz Mery Rivas,No hay especialista disponible
460,6,2026-03-19T23:34:00-05:00,telefono,Clínica Nuestra Señora de los Remedios,Dra. Carolina Ararat,Sin respuesta en la línea de referencia
461,1,2026-07-21T11:58:00-05:00,telefono,Clínica Sebastián de Belalcázar,Dr. Julián Mosquera,Sin respuesta en la línea de referencia
461,2,2026-07-21T19:56:00-05:00,plataforma,Fundación Valle del Lili,Enf. Luz Mery Rivas,No hay especialista disponible
461,3,2026-07-22T03:38:00-05:00,plataforma,Clínica Versalles,Dr. Andrés Caicedo,Servicio de hemodinamia sin disponibilidad
461,4,2026-07-22T08:33:00-05:00,correo,Clínica Colombia Cali,Enf. Luz Mery Rivas,Sin respuesta en la línea de referencia
461,5,2026-07-22T12:14:00-05:00,plataforma,Clínica Imbanaco,Dr. Julián Mosquera,Sin cupo en UCI
461,6,2026-07-22T14:17:00-05:00,telefono,Hospital Universitario San José (Popayán),Enf. Jhon Fredy Balanta,"Cama no disponible, llamar mañana"
461,7,2026-07-22T19:28:00-05:00,plataforma,Hospital Universitario del Valle,Enf. Luz Mery Rivas,"Cama no disponible, llamar mañana"
462,1,2026-04-25T18:20:00-05:00,telefono,Clínica de Occidente,Dr. Julián Mosquera,No hay especialista disponible
462,2,2026-04-25T23:21:00-05:00,telefono,Clínica Colombia Cali,Dra. Carolina Ararat,Sin cupo en UCI
462,3,2026-04-26T02:21:00-05:00,telefono,Clínica Nuestra Señora de los Remedios,Enf. Jhon Fredy Balanta,"En estudio, solicitan enviar historia clínica"
463,1,2026-09-18T04:14:00-05:00,plataforma,Clínica Colombia Cali,Dr. Andrés Caicedo,No hay convenio con la EPS del paciente
463,2,2026-09-18T05:26:00-05:00,plataforma,Hospital Universitario del Valle,Enf. Jhon Fredy Balanta,"Acepta paciente, cama asignada"
464,1,2026-05-14T06:28:00-05:00,plataforma,Fundación Valle del Lili,Dra. Paola Muñoz,Acepta paciente en UCI
465,1,2026-09-03T17:43:00-05:00,telefono,Hospital Universitario del Valle,Enf. Luz Mery Rivas,"Acepta paciente, cama asignada"
466,1,2026-08-04T03:16:00-05:00,plataforma,Clínica Versalles,Dr. Julián Mosquera,Servicio de hemodinamia sin disponibilidad
466,2,2026-08-04T06:59:00-05:00,telefono,Clínica Imbanaco,Dr. Andrés Caicedo,Sin respuesta en la línea de referencia
466,3,2026-08-04T09:15:00-05:00,plataforma,Clínica Farallones,Dra. Paola Muñoz,No hay especialista disponible
466,4,2026-08-04T13:55:00-05:00,plataforma,Clínica Nuestra Señora de los Remedios,Enf. Jhon Fredy Balanta,Sin respuesta en la línea de referencia
466,5,2026-08-04T17:25:00-05:00,telefono,Hospital San Juan de Dios Cali,Dra. Carolina Ararat,Servicio de hemodinamia sin disponibilidad
466,6,2026-08-04T19:46:00-05:00,plataforma,Clínica Colombia Cali,Dra. Carolina Ararat,Servicio de hemodinamia sin disponibilidad
467,1,2026-05-30T14:05:00-05:00,correo,Clínica Imbanaco,Dra. Carolina Ararat,Acepta paciente para valoración por especialista
468,1,2026-04-13T10:33:00-05:00,telefono,Clínica Sebastián de Belalcázar,Enf. Jhon Fredy Balanta,No hay convenio con la EPS del paciente
468,2,2026-04-13T13:51:00-05:00,plataforma,Clínica de Occidente,Enf. Luz Mery Rivas,"Cama no disponible, llamar mañana"
468,3,2026-04-13T16:00:00-05:00,telefono,Clínica Colombia Cali,Enf. Jhon Fredy Balanta,"Cama no disponible, llamar mañana"
468,4,2026-04-13T19:29:00-05:00,telefono,Fundación Valle del Lili,Dr. Andrés Caicedo,Rechazan por no tener autorización de la EPS
468,5,2026-04-13T22:22:00-05:00,plataforma,Clínica Versalles,Dr. Julián Mosquera,No hay especialista disponible
468,6,2026-04-14T05:10:00-05:00,telefono,Clínica Imbanaco,Dra. Carolina Ararat,No hay convenio con la EPS del paciente
468,7,2026-04-14T07:15:00-05:00,plataforma,Clínica Imbanaco,Enf. Jhon Fredy Balanta,Sin cupo en UCI
469,1,2026-08-11T04:25:00-05:00,plataforma,Hospital Universitario San José (Popayán),Enf. Jhon Fredy Balanta,Sin cupo en UCI
469,2,2026-08-11T06:23:00-05:00,telefono,Clínica Imbanaco,Dra. Carolina Ararat,Servicio de hemodinamia sin disponibilidad
469,3,2026-08-11T07:36:00-05:00,plataforma,Clínica Imbanaco,Dr. Andrés Caicedo,Pendiente valoración del especialista de turno
470,1,2026-05-04T19:51:00-05:00,plataforma,Clínica de Occidente,Dra. Carolina Ararat,Sin cupo en UCI
470,2,2026-05-04T21:23:00-05:00,correo,Clínica Versalles,Dr. Julián Mosquera,"Cama no disponible, llamar mañana"
470,3,2026-05-04T23:40:00-05:00,telefono,Hospital Universitario del Valle,Dr. Julián Mosquera,Servicio de hemodinamia sin disponibilidad
470,4,2026-05-05T04:08:00-05:00,plataforma,Clínica Sebastián de Belalcázar,Dr. Andrés Caicedo,Rechazan por no tener autorización de la EPS
470,5,2026-05-05T05:18:00-05:00,plataforma,Clínica Farallones,Dra. Carolina Ararat,No hay especialista disponible
470,6,2026-05-05T12:11:00-05:00,plataforma,Clínica Imbanaco,Enf. Jhon Fredy Balanta,"Cama no disponible, llamar mañana"
470,7,2026-05-05T17:56:00-05:00,plataforma,Hospital Universitario del Valle,Enf. Luz Mery Rivas,Sin cupo en UCI
471,1,2026-03-27T17:47:00-05:00,plataforma,Hospital Universitario San José (Popayán),Dra. Paola Muñoz,"Acepta paciente, enviar en ambulancia medicalizada"
472,1,2026-07-14T15:18:00-05:00,telefono,Hospital Universitario del Valle,Dra. Paola Muñoz,Acepta paciente en UCI
473,1,2026-08-28T10:56:00-05:00,plataforma,Clínica de Occidente,Dr. Andrés Caicedo,Sin cupo en UCI
473,2,2026-08-28T12:39:00-05:00,telefono,Clínica Sebastián de Belalcázar,Enf. Luz Mery Rivas,Acepta paciente para valoración por especialista
474,1,2026-08-27T12:34:00-05:00,telefono,Clínica Versalles,Dr. Julián Mosquera,No hay especialista disponible
474,2,2026-08-27T14:11:00-05:00,plataforma,Clínica Imbanaco,Dra. Carolina Ararat,Servicio de hemodinamia sin disponibilidad
474,3,2026-08-27T20:30:00-05:00,plataforma,Clínica Sebastián de Belalcázar,Dr. Andrés Caicedo,Servicio de hemodinamia sin disponibilidad
474,4,2026-08-27T21:38:00-05:00,telefono,Clínica Colombia Cali,Enf. Jhon Fredy Balanta,Rechazan por no tener autorización de la EPS
474,5,2026-08-28T01:09:00-05:00,telefono,Hospital Universitario San José (Popayán),Dr. Julián Mosquera,Rechazan por no tener autorización de la EPS
474,6,2026-08-28T06:58:00-05:00,correo,Clínica de Occidente,Dra. Carolina Ararat,No hay especialista disponible
475,1,2026-05-04T18:08:00-05:00,plataforma,Clínica Colombia Cali,Enf. Jhon Fredy Balanta,Rechazan por no tener autorización de la EPS
475,2,2026-05-04T20:22:00-05:00,plataforma,Hospital Universitario San José (Popayán),Enf. Jhon Fredy Balanta,"Cama no disponible, llamar mañana"
475,3,2026-05-05T01:55:00-05:00,telefono,Fundación Valle del Lili,Dra. Paola Muñoz,"En estudio, solicitan enviar historia clínica"
476,1,2026-08-08T08:43:00-05:00,plataforma,Clínica Colombia Cali,Dr. Andrés Caicedo,Acepta paciente para valoración por especialista
477,1,2026-07-26T17:02:00-05:00,plataforma,Clínica Imbanaco,Enf. Jhon Fredy Balanta,"Cama no disponible, llamar mañana"
477,2,2026-07-26T23:07:00-05:00,telefono,Clínica de Occidente,Enf. Luz Mery Rivas,Sin cupo en UCI
477,3,2026-07-27T05:30:00-05:00,telefono,Hospital San Juan de Dios Cali,Dra. Paola Muñoz,Servicio de hemodinamia sin disponibilidad
477,4,2026-07-27T12:09:00-05:00,telefono,Clínica Colombia Cali,Dra. Carolina Ararat,Rechazan por no tener autorización de la EPS
477,5,2026-07-27T16:07:00-05:00,plataforma,Fundación Valle del Lili,Dr. Andrés Caicedo,Rechazan por no tener autorización de la EPS
477,6,2026-07-27T22:58:00-05:00,telefono,Clínica Nuestra Señora de los Remedios,Dra. Carolina Ararat,No hay convenio con la EPS del paciente
478,1,2026-03-30T20:19:00-05:00,plataforma,Clínica Colombia Cali,Dra. Carolina Ararat,Acepta paciente para valoración por especialista
479,1,2026-09-05T07:55:00-05:00,plataforma,Clínica Versalles,Dr. Julián Mosquera,Servicio de hemodinamia sin disponibilidad
479,2,2026-09-05T12:47:00-05:00,plataforma,Clínica Imbanaco,Dr. Julián Mosquera,Sin respuesta en la línea de referencia
479,3,2026-09-05T15:25:00-05:00,correo,Clínica Nuestra Señora de los Remedios,Dr. Julián Mosquera,Sin respuesta en la línea de referencia
479,4,2026-09-05T18:19:00-05:00,plataforma,Clínica Versalles,Enf. Luz Mery Rivas,Pendiente valoración del especialista de turno
480,1,2026-04-17T18:25:00-05:00,telefono,Clínica Imbanaco,Dra. Paola Muñoz,"Cama no disponible, llamar mañana"
480,2,2026-04-17T23:34:00-05:00,telefono,Clínica Versalles,Enf. Luz Mery Rivas,Servicio de hemodinamia sin disponibilidad
480,3,2026-04-18T03:33:00-05:00,telefono,Clínica Colombia Cali,Dra. Paola Muñoz,Rechazan por no tener autorización de la EPS
480,4,2026-04-18T05:09:00-05:00,telefono,Hospital San Juan de Dios Cali,Dra. Paola Muñoz,Solicitan autorización de la EPS antes de aceptar
481,1,2026-05-05T11:57:00-05:00,telefono,Clínica Versalles,Enf. Luz Mery Rivas,Rechazan por no tener autorización de la EPS
481,2,2026-05-05T15:42:00-05:00,plataforma,Clínica Colombia Cali,Dra. Paola Muñoz,Rechazan por no tener autorización de la EPS
481,3,2026-05-05T20:48:00-05:00,telefono,Hospital Universitario del Valle,Dra. Carolina Ararat,Pendiente valoración del especialista de turno
482,1,2026-08-30T02:40:00-05:00,telefono,Clínica Nuestra Señora de los Remedios,Dr. Andrés Caicedo,Servicio de hemodinamia sin disponibilidad
482,2,2026-08-30T04:06:00-05:00,telefono,Clínica de Occidente,Dr. Andrés Caicedo,Servicio de hemodinamia sin disponibilidad
482,3,2026-08-30T06:22:00-05:00,telefono,Hospital San Juan de Dios Cali,Dra. Carolina Ararat,Rechazan por no tener autorización de la EPS
482,4,2026-08-30T13:39:00-05:00,telefono,Clínica Colombia Cali,Dra. Paola Muñoz,"Cama no disponible, llamar mañana"
482,5,2026-08-30T16:12:00-05:00,telefono,Fundación Valle del Lili,Dra. Paola Muñoz,Rechazan por no tener autorización de la EPS
482,6,2026-08-31T00:11:00-05:00,telefono,Clínica Farallones,Enf. Luz Mery Rivas,No hay especialista disponible
482,7,2026-08-31T06:19:00-05:00,telefono,Clínica Versalles,Dr. Andrés Caicedo,"Cama no disponible, llamar mañana"
483,1,2026-05-27T17:32:00-05:00,telefono,Clínica Versalles,Dra. Carolina Ararat,No hay especialista disponible
483,2,2026-05-27T19:29:00-05:00,plataforma,Hospital Universitario del Valle,Dra. Paola Muñoz,Acepta paciente para valoración por especialista
484,1,2026-08-30T16:05:00-05:00,telefono,Hospital San Juan de Dios Cali,Dra. Paola Muñoz,No hay convenio con la EPS del paciente
484,2,2026-08-30T17:35:00-05:00,plataforma,Fundación Valle del Lili,Dr. Julián Mosquera,Sin cupo en UCI
484,3,2026-08-30T22:43:00-05:00,telefono,Clínica Farallones,Dr. Julián Mosquera,Sin respuesta en la línea de referencia
484,4,2026-08-31T04:30:00-05:00,telefono,Hospital Universitario San José (Popayán),Enf. Jhon Fredy Balanta,Solicitan autorización de la EPS antes de aceptar
485,1,2026-09-05T11:09:00-05:00,correo,Clínica Versalles,Enf. Jhon Fredy Balanta,No hay especialista disponible
485,2,2026-09-05T12:15:00-05:00,correo,Fundación Valle del Lili,Dra. Paola Muñoz,Rechazan por no tener autorización de la EPS
485,3,2026-09-05T16:52:00-05:00,plataforma,Clínica Nuestra Señora de los Remedios,Dr. Andrés Caicedo,Rechazan por no tener autorización de la EPS
485,4,2026-09-05T23:32:00-05:00,plataforma,Clínica Colombia Cali,Dra. Carolina Ararat,No hay especialista disponible
485,5,2026-09-06T06:14:00-05:00,telefono,Clínica Imbanaco,Dr. Andrés Caicedo,No hay convenio con la EPS del paciente
485,6,2026-09-06T07:57:00-05:00,correo,Clínica de Occidente,Dr. Julián Mosquera,Sin cupo en UCI
486,1,2026-05-05T21:52:00-05:00,telefono,Clínica de Occidente,Dr. Julián Mosquera,No hay convenio con la EPS del paciente
486,2,2026-05-06T02:05:00-05:00,telefono,Clínica Nuestra Señora de los Remedios,Enf. Luz Mery Rivas,"Cama no disponible, llamar mañana"
486,3,2026-05-06T06:38:00-05:00,plataforma,Hospital San Juan de Dios Cali,Enf. Jhon Fredy Balanta,Solicitan autorización de la EPS antes de aceptar
487,1,2026-06-21T16:40:00-05:00,plataforma,Clínica de Occidente,Dr. Julián Mosquera,Sin cupo en UCI
487,2,2026-06-21T18:55:00-05:00,telefono,Clínica Farallones,Dr. Julián Mosquera,No hay especialista disponible
487,3,2026-06-22T01:04:00-05:00,plataforma,Hospital San Juan de Dios Cali,Dra. Paola Muñoz,"Cama no disponible, llamar mañana"
487,4,2026-06-22T07:13:00-05:00,plataforma,Clínica Sebastián de Belalcázar,Dra. Paola Muñoz,Sin cupo en UCI
487,5,2026-06-22T12:59:00-05:00,telefono,Clínica Colombia Cali,Dra. Carolina Ararat,Servicio de hemodinamia sin disponibilidad
487,6,2026-06-22T17:53:00-05:00,telefono,Clínica Nuestra Señora de los Remedios,Dr. Andrés Caicedo,No hay especialista disponible
487,7,2026-06-23T00:20:00-05:00,plataforma,Clínica Sebastián de Belalcázar,Dr. Julián Mosquera,Servicio de hemodinamia sin disponibilidad
488,1,2026-03-13T12:24:00-05:00,telefono,Clínica Sebastián de Belalcázar,Enf. Luz Mery Rivas,No hay especialista disponible
488,2,2026-03-13T18:06:00-05:00,telefono,Clínica de Occidente,Dr. Julián Mosquera,"Cama no disponible, llamar mañana"
488,3,2026-03-13T19:55:00-05:00,plataforma,Hospital San Juan de Dios Cali,Dr. Andrés Caicedo,Pendiente valoración del especialista de turno
489,1,2026-05-24T06:04:00-05:00,plataforma,Clínica Sebastián de Belalcázar,Dra. Carolina Ararat,No hay convenio con la EPS del paciente
489,2,2026-05-24T11:19:00-05:00,telefono,Clínica Colombia Cali,Dr. Julián Mosquera,Servicio de hemodinamia sin disponibilidad
489,3,2026-05-24T12:20:00-05:00,telefono,Hospital Universitario San José (Popayán),Dr. Andrés Caicedo,Rechazan por no tener autorización de la EPS
489,4,2026-05-24T18:27:00-05:00,telefono,Clínica Nuestra Señora de los Remedios,Dr. Andrés Caicedo,No hay convenio con la EPS del paciente
489,5,2026-05-24T21:58:00-05:00,correo,Hospital San Juan de Dios Cali,Dra. Paola Muñoz,No hay convenio con la EPS del paciente
489,6,2026-05-25T03:12:00-05:00,plataforma,Clínica de Occidente,Dr. Andrés Caicedo,Servicio de hemodinamia sin disponibilidad
489,7,2026-05-25T08:01:00-05:00,telefono,Clínica Imbanaco,Dra. Paola Muñoz,"Cama no disponible, llamar mañana"
490,1,2026-04-17T03:20:00-05:00,telefono,Clínica Imbanaco,Enf. Jhon Fredy Balanta,Rechazan por no tener autorización de la EPS
490,2,2026-04-17T07:49:00-05:00,telefono,Clínica Farallones,Dra. Carolina Ararat,No hay especialista disponible
490,3,2026-04-17T15:02:00-05:00,telefono,Clínica Nuestra Señora de los Remedios,Dr. Andrés Caicedo,"Cama no disponible, llamar mañana"
490,4,2026-04-17T21:02:00-05:00,telefono,Clínica Versalles,Dra. Paola Muñoz,Servicio de hemodinamia sin disponibilidad
490,5,2026-04-18T03:38:00-05:00,telefono,Clínica Imbanaco,Enf. Jhon Fredy Balanta,No hay especialista disponible
491,1,2026-04-08T11:51:00-05:00,plataforma,Clínica de Occidente,Enf. Jhon Fredy Balanta,Sin respuesta en la línea de referencia
491,2,2026-04-08T17:21:00-05:00,plataforma,Clínica Versalles,Dr. Julián Mosquera,Sin respuesta en la línea de referencia
491,3,2026-04-09T01:00:00-05:00,telefono,Hospital San Juan de Dios Cali,Dr. Julián Mosquera,Rechazan por no tener autorización de la EPS
491,4,2026-04-09T04:50:00-05:00,plataforma,Clínica Sebastián de Belalcázar,Enf. Luz Mery Rivas,No hay convenio con la EPS del paciente
491,5,2026-04-09T07:49:00-05:00,plataforma,Clínica Imbanaco,Enf. Jhon Fredy Balanta,"Cama no disponible, llamar mañana"
491,6,2026-04-09T11:50:00-05:00,plataforma,Clínica Colombia Cali,Enf. Luz Mery Rivas,Sin respuesta en la línea de referencia
492,1,2026-05-31T17:44:00-05:00,telefono,Clínica Sebastián de Belalcázar,Dr. Andrés Caicedo,Servicio de hemodinamia sin disponibilidad
492,2,2026-05-31T22:09:00-05:00,telefono,Clínica Farallones,Dr. Andrés Caicedo,Servicio de hemodinamia sin disponibilidad
492,3,2026-06-01T01:01:00-05:00,telefono,Clínica Imbanaco,Enf. Luz Mery Rivas,"Cama no disponible, llamar mañana"
492,4,2026-06-01T02:13:00-05:00,plataforma,Clínica Imbanaco,Dra. Paola Muñoz,Llamar en 2 horas para confirmar cupo
493,1,2026-04-02T04:37:00-05:00,correo,Hospital Universitario San José (Popayán),Dr. Andrés Caicedo,No hay convenio con la EPS del paciente
493,2,2026-04-02T07:06:00-05:00,plataforma,Hospital Universitario del Valle,Enf. Jhon Fredy Balanta,Servicio de hemodinamia sin disponibilidad
493,3,2026-04-02T08:17:00-05:00,plataforma,Hospital San Juan de Dios Cali,Dr. Andrés Caicedo,Sin respuesta en la línea de referencia
493,4,2026-04-02T10:38:00-05:00,plataforma,Hospital Universitario del Valle,Dra. Paola Muñoz,"En estudio, solicitan enviar historia clínica"
494,1,2026-03-05T13:38:00-05:00,plataforma,Hospital Universitario San José (Popayán),Enf. Jhon Fredy Balanta,Sin cupo en UCI
494,2,2026-03-05T18:16:00-05:00,correo,Clínica Sebastián de Belalcázar,Enf. Jhon Fredy Balanta,No hay convenio con la EPS del paciente
494,3,2026-03-05T19:59:00-05:00,correo,Hospital Universitario del Valle,Dra. Carolina Ararat,"En estudio, solicitan enviar historia clínica"
495,1,2026-04-05T16:12:00-05:00,telefono,Clínica Nuestra Señora de los Remedios,Dra. Paola Muñoz,No hay convenio con la EPS del paciente
495,2,2026-04-05T19:56:00-05:00,telefono,Hospital San Juan de Dios Cali,Dra. Paola Muñoz,No hay especialista disponible
495,3,2026-04-05T23:04:00-05:00,correo,Clínica Farallones,Dra. Paola Muñoz,Solicitan autorización de la EPS antes de aceptar
496,1,2026-04-16T02:28:00-05:00,telefono,Hospital Universitario San José (Popayán),Enf. Jhon Fredy Balanta,"Acepta paciente, cama asignada"
497,1,2026-09-01T16:58:00-05:00,telefono,Clínica Sebastián de Belalcázar,Dr. Julián Mosquera,"Acepta paciente, cama asignada"
498,1,2026-07-13T04:03:00-05:00,telefono,Clínica Nuestra Señora de los Remedios,Dr. Andrés Caicedo,Sin respuesta en la línea de referencia
498,2,2026-07-13T09:34:00-05:00,correo,Hospital San Juan de Dios Cali,Dr. Julián Mosquera,Sin respuesta en la línea de referencia
498,3,2026-07-13T12:14:00-05:00,telefono,Hospital Universitario San José (Popayán),Dra. Carolina Ararat,"Cama no disponible, llamar mañana"
498,4,2026-07-13T14:05:00-05:00,telefono,Hospital Universitario del Valle,Dr. Julián Mosquera,Pendiente valoración del especialista de turno
499,1,2026-07-11T14:23:00-05:00,telefono,Hospital Universitario del Valle,Dr. Julián Mosquera,Acepta paciente en UCI
500,1,2026-05-05T18:19:00-05:00,telefono,Clínica de Occidente,Dr. Julián Mosquera,"Cama no disponible, llamar mañana"
500,2,2026-05-05T20:50:00-05:00,correo,Clínica Sebastián de Belalcázar,Enf. Luz Mery Rivas,Sin cupo en UCI
500,3,2026-05-05T22:21:00-05:00,telefono,Hospital Universitario del Valle,Dr. Julián Mosquera,Pendiente valoración del especialista de turno
501,1,2026-03-06T09:03:00-05:00,telefono,Fundación Valle del Lili,Dr. Julián Mosquera,Sin cupo en UCI
501,2,2026-03-06T13:08:00-05:00,telefono,Hospital Universitario San José (Popayán),Dra. Carolina Ararat,Sin cupo en UCI
501,3,2026-03-06T14:39:00-05:00,correo,Hospital San Juan de Dios Cali,Enf. Jhon Fredy Balanta,No hay especialista disponible
501,4,2026-03-06T17:16:00-05:00,plataforma,Clínica Imbanaco,Dra. Paola Muñoz,Rechazan por no tener autorización de la EPS
501,5,2026-03-06T22:50:00-05:00,telefono,Clínica Nuestra Señora de los Remedios,Dra. Carolina Ararat,Rechazan por no tener autorización de la EPS
501,6,2026-03-07T02:10:00-05:00,telefono,Clínica Sebastián de Belalcázar,Dr. Andrés Caicedo,Servicio de hemodinamia sin disponibilidad
501,7,2026-03-07T06:02:00-05:00,telefono,Clínica Sebastián de Belalcázar,Enf. Jhon Fredy Balanta,Servicio de hemodinamia sin disponibilidad
502,1,2026-03-08T05:46:00-05:00,plataforma,Clínica Imbanaco,Enf. Jhon Fredy Balanta,Sin respuesta en la línea de referencia
502,2,2026-03-08T11:15:00-05:00,telefono,Clínica Sebastián de Belalcázar,Dr. Andrés Caicedo,Servicio de hemodinamia sin disponibilidad
502,3,2026-03-08T16:50:00-05:00,telefono,Clínica Versalles,Dr. Andrés Caicedo,"Cama no disponible, llamar mañana"
502,4,2026-03-08T19:06:00-05:00,plataforma,Clínica Colombia Cali,Dr. Andrés Caicedo,Servicio de hemodinamia sin disponibilidad
502,5,2026-03-08T20:35:00-05:00,telefono,Fundación Valle del Lili,Enf. Luz Mery Rivas,Rechazan por no tener autorización de la EPS
502,6,2026-03-09T00:18:00-05:00,telefono,Clínica Farallones,Dra. Paola Muñoz,No hay convenio con la EPS del paciente
502,7,2026-03-09T06:31:00-05:00,telefono,Clínica Versalles,Dra. Carolina Ararat,No hay convenio con la EPS del paciente
503,1,2026-05-17T20:47:00-05:00,telefono,Hospital Universitario San José (Popayán),Dr. Julián Mosquera,Sin cupo en UCI
503,2,2026-05-18T04:17:00-05:00,telefono,Clínica de Occidente,Dra. Carolina Ararat,Sin cupo en UCI
503,3,2026-05-18T06:52:00-05:00,telefono,Fundación Valle del Lili,Dra. Paola Muñoz,No hay convenio con la EPS del paciente
503,4,2026-05-18T09:40:00-05:00,plataforma,Clínica Imbanaco,Enf. Jhon Fredy Balanta,Servicio de hemodinamia sin disponibilidad
503,5,2026-05-18T11:18:00-05:00,telefono,Fundación Valle del Lili,Enf. Luz Mery Rivas,Sin cupo en UCI
504,1,2026-06-15T08:36:00-05:00,telefono,Fundación Valle del Lili,Dr. Andrés Caicedo,Servicio de hemodinamia sin disponibilidad
504,2,2026-06-15T10:42:00-05:00,telefono,Hospital San Juan de Dios Cali,Dr. Julián Mosquera,Servicio de hemodinamia sin disponibilidad
504,3,2026-06-15T16:05:00-05:00,plataforma,Hospital Universitario San José (Popayán),Dr. Julián Mosquera,Llamar en 2 horas para confirmar cupo
505,1,2026-06-09T12:40:00-05:00,telefono,Clínica Colombia Cali,Dr. Andrés Caicedo,Sin cupo en UCI
505,2,2026-06-09T19:10:00-05:00,telefono,Fundación Valle del Lili,Dr. Andrés Caicedo,Sin respuesta en la línea de referencia
505,3,2026-06-09T21:33:00-05:00,correo,Hospital Universitario San José (Popayán),Dra. Paola Muñoz,No hay convenio con la EPS del paciente
505,4,2026-06-10T05:06:00-05:00,correo,Hospital Universitario San José (Popayán),Enf. Luz Mery Rivas,"Cama no disponible, llamar mañana"
506,1,2026-05-23T11:15:00-05:00,correo,Clínica Farallones,Dr. Andrés Caicedo,"Cama no disponible, llamar mañana"
506,2,2026-05-23T16:50:00-05:00,telefono,Clínica de Occidente,Dra. Paola Muñoz,Rechazan por no tener autorización de la EPS
506,3,2026-05-23T21:41:00-05:00,correo,Clínica Nuestra Señora de los Remedios,Dra. Paola Muñoz,No hay especialista disponible
506,4,2026-05-24T03:12:00-05:00,telefono,Clínica Imbanaco,Enf. Jhon Fredy Balanta,Pendiente valoración del especialista de turno
507,1,2026-08-27T19:31:00-05:00,plataforma,Clínica Nuestra Señora de los Remedios,Dr. Andrés Caicedo,Servicio de hemodinamia sin disponibilidad
507,2,2026-08-27T20:43:00-05:00,telefono,Clínica Sebastián de Belalcázar,Dra. Paola Muñoz,No hay convenio con la EPS del paciente
507,3,2026-08-28T01:04:00-05:00,plataforma,Clínica Versalles,Dr. Julián Mosquera,"Cama no disponible, llamar mañana"
507,4,2026-08-28T05:03:00-05:00,telefono,Hospital San Juan de Dios Cali,Dr. Andrés Caicedo,Rechazan por no tener autorización de la EPS
507,5,2026-08-28T09:04:00-05:00,plataforma,Clínica Farallones,Enf. Jhon Fredy Balanta,Sin respuesta en la línea de referencia
507,6,2026-08-28T10:35:00-05:00,plataforma,Clínica Sebastián de Belalcázar,Dr. Andrés Caicedo,No hay convenio con la EPS del paciente
508,1,2026-08-20T08:40:00-05:00,telefono,Fundación Valle del Lili,Enf. Jhon Fredy Balanta,Sin respuesta en la línea de referencia
508,2,2026-08-20T13:40:00-05:00,plataforma,Clínica Sebastián de Belalcázar,Enf. Luz Mery Rivas,No hay especialista disponible
508,3,2026-08-20T15:38:00-05:00,telefono,Clínica Imbanaco,Dr. Andrés Caicedo,Servicio de hemodinamia sin disponibilidad
508,4,2026-08-20T22:17:00-05:00,plataforma,Hospital San Juan de Dios Cali,Dr. Julián Mosquera,Sin cupo en UCI
508,5,2026-08-21T00:14:00-05:00,telefono,Clínica Farallones,Dr. Julián Mosquera,Servicio de hemodinamia sin disponibilidad
508,6,2026-08-21T03:59:00-05:00,plataforma,Hospital Universitario del Valle,Dra. Paola Muñoz,Sin respuesta en la línea de referencia
509,1,2026-07-15T21:12:00-05:00,plataforma,Fundación Valle del Lili,Dra. Carolina Ararat,Rechazan por no tener autorización de la EPS
509,2,2026-07-16T00:53:00-05:00,plataforma,Clínica Imbanaco,Enf. Luz Mery Rivas,No hay convenio con la EPS del paciente
509,3,2026-07-16T05:08:00-05:00,telefono,Hospital Universitario del Valle,Dra. Carolina Ararat,No hay convenio con la EPS del paciente
509,4,2026-07-16T07:56:00-05:00,telefono,Hospital Universitario del Valle,Dr. Andrés Caicedo,"Cama no disponible, llamar mañana"
510,1,2026-07-25T20:28:00-05:00,telefono,Fundación Valle del Lili,Dr. Andrés Caicedo,Sin cupo en UCI
510,2,2026-07-26T03:26:00-05:00,telefono,Clínica Sebastián de Belalcázar,Enf. Jhon Fredy Balanta,Sin cupo en UCI
510,3,2026-07-26T08:13:00-05:00,plataforma,Clínica Imbanaco,Dr. Andrés Caicedo,No hay especialista disponible
510,4,2026-07-26T12:22:00-05:00,telefono,Clínica de Occidente,Dr. Julián Mosquera,Servicio de hemodinamia sin disponibilidad
511,1,2026-05-13T11:13:00-05:00,telefono,Clínica Sebastián de Belalcázar,Enf. Luz Mery Rivas,Rechazan por no tener autorización de la EPS
511,2,2026-05-13T18:39:00-05:00,plataforma,Clínica Imbanaco,Dr. Andrés Caicedo,Sin cupo en UCI
511,3,2026-05-13T21:33:00-05:00,telefono,Clínica Farallones,Dra. Carolina Ararat,Sin cupo en UCI
511,4,2026-05-14T05:23:00-05:00,telefono,Hospital Universitario del Valle,Dra. Paola Muñoz,Rechazan por no tener autorización de la EPS
512,1,2026-05-12T14:42:00-05:00,correo,Clínica Nuestra Señora de los Remedios,Dr. Andrés Caicedo,Sin respuesta en la línea de referencia
512,2,2026-05-12T19:40:00-05:00,plataforma,Hospital San Juan de Dios Cali,Dra. Paola Muñoz,Sin respuesta en la línea de referencia
512,3,2026-05-12T21:26:00-05:00,plataforma,Hospital Universitario San José (Popayán),Enf. Luz Mery Rivas,Servicio de hemodinamia sin disponibilidad
512,4,2026-05-13T02:40:00-05:00,telefono,Hospital San Juan de Dios Cali,Enf. Luz Mery Rivas,"Cama no disponible, llamar mañana"
513,1,2026-06-14T09:52:00-05:00,plataforma,Clínica Colombia Cali,Dra. Carolina Ararat,Rechazan por no tener autorización de la EPS
513,2,2026-06-14T11:18:00-05:00,telefono,Fundación Valle del Lili,Dra. Carolina Ararat,Sin respuesta en la línea de referencia
513,3,2026-06-14T19:00:00-05:00,plataforma,Clínica Nuestra Señora de los Remedios,Dr. Andrés Caicedo,Rechazan por no tener autorización de la EPS
513,4,2026-06-14T20:24:00-05:00,telefono,Clínica Colombia Cali,Dr. Andrés Caicedo,Servicio de hemodinamia sin disponibilidad
514,1,2026-04-22T05:58:00-05:00,plataforma,Clínica Farallones,Enf. Jhon Fredy Balanta,Sin cupo en UCI
514,2,2026-04-22T12:43:00-05:00,telefono,Clínica de Occidente,Dr. Julián Mosquera,Rechazan por no tener autorización de la EPS
514,3,2026-04-22T18:13:00-05:00,plataforma,Clínica Versalles,Enf. Jhon Fredy Balanta,Rechazan por no tener autorización de la EPS
514,4,2026-04-23T00:23:00-05:00,plataforma,Clínica Colombia Cali,Enf. Jhon Fredy Balanta,Sin cupo en UCI
515,1,2026-08-10T21:18:00-05:00,telefono,Clínica Colombia Cali,Enf. Luz Mery Rivas,No hay especialista disponible
515,2,2026-08-10T23:36:00-05:00,plataforma,Hospital Universitario San José (Popayán),Dr. Andrés Caicedo,Sin cupo en UCI
515,3,2026-08-11T00:36:00-05:00,correo,Clínica Imbanaco,Enf. Luz Mery Rivas,No hay convenio con la EPS del paciente
515,4,2026-08-11T05:43:00-05:00,telefono,Clínica Versalles,Dra. Carolina Ararat,Solicitan autorización de la EPS antes de aceptar
516,1,2026-04-08T07:39:00-05:00,plataforma,Clínica Nuestra Señora de los Remedios,Enf. Jhon Fredy Balanta,No hay especialista disponible
516,2,2026-04-08T12:03:00-05:00,telefono,Clínica de Occidente,Enf. Jhon Fredy Balanta,No hay especialista disponible
516,3,2026-04-08T14:25:00-05:00,telefono,Hospital San Juan de Dios Cali,Dr. Julián Mosquera,"En estudio, solicitan enviar historia clínica"
517,1,2026-08-19T13:05:00-05:00,plataforma,Hospital Universitario del Valle,Dra. Carolina Ararat,"Acepta paciente, cama asignada"
518,1,2026-03-31T01:39:00-05:00,telefono,Clínica Versalles,Enf. Luz Mery Rivas,Servicio de hemodinamia sin disponibilidad
518,2,2026-03-31T02:24:00-05:00,telefono,Clínica Colombia Cali,Dr. Julián Mosquera,"Acepta paciente, enviar en ambulancia medicalizada"
519,1,2026-03-06T03:51:00-05:00,telefono,Hospital Universitario del Valle,Dra. Carolina Ararat,Acepta paciente en UCI
520,1,2026-05-24T16:31:00-05:00,telefono,Hospital San Juan de Dios Cali,Enf. Jhon Fredy Balanta,No hay especialista disponible
520,2,2026-05-24T23:11:00-05:00,plataforma,Clínica de Occidente,Dra. Carolina Ararat,"Cama no disponible, llamar mañana"
520,3,2026-05-25T05:28:00-05:00,plataforma,Clínica Versalles,Enf. Luz Mery Rivas,No hay especialista disponible
520,4,2026-05-25T09:13:00-05:00,plataforma,Clínica Nuestra Señora de los Remedios,Dr. Julián Mosquera,"Cama no disponible, llamar mañana"
520,5,2026-05-25T12:36:00-05:00,telefono,Hospital Universitario San José (Popayán),Dra. Paola Muñoz,Sin cupo en UCI
520,6,2026-05-25T17:34:00-05:00,telefono,Clínica Colombia Cali,Dr. Julián Mosquera,No hay especialista disponible
520,7,2026-05-25T20:59:00-05:00,telefono,Clínica Colombia Cali,Enf. Luz Mery Rivas,Servicio de hemodinamia sin disponibilidad
521,1,2026-05-17T08:18:00-05:00,plataforma,Hospital Universitario San José (Popayán),Dr. Andrés Caicedo,No hay especialista disponible
521,2,2026-05-17T11:16:00-05:00,plataforma,Clínica Colombia Cali,Dra. Carolina Ararat,Sin respuesta en la línea de referencia
521,3,2026-05-17T16:13:00-05:00,correo,Clínica de Occidente,Dr. Julián Mosquera,No hay especialista disponible
521,4,2026-05-17T18:58:00-05:00,plataforma,Clínica Farallones,Dr. Julián Mosquera,Sin respuesta en la línea de referencia
521,5,2026-05-18T01:04:00-05:00,telefono,Clínica Nuestra Señora de los Remedios,Dr. Andrés Caicedo,Servicio de hemodinamia sin disponibilidad
521,6,2026-05-18T05:15:00-05:00,correo,Clínica de Occidente,Enf. Jhon Fredy Balanta,Servicio de hemodinamia sin disponibilidad
522,1,2026-05-13T03:42:00-05:00,plataforma,Hospital San Juan de Dios Cali,Dr. Julián Mosquera,No hay convenio con la EPS del paciente
522,2,2026-05-13T04:42:00-05:00,plataforma,Clínica Farallones,Enf. Jhon Fredy Balanta,Rechazan por no tener autorización de la EPS
522,3,2026-05-13T07:57:00-05:00,telefono,Hospital Universitario del Valle,Dr. Andrés Caicedo,Rechazan por no tener autorización de la EPS
522,4,2026-05-13T15:30:00-05:00,telefono,Clínica Nuestra Señora de los Remedios,Enf. Jhon Fredy Balanta,Sin respuesta en la línea de referencia
522,5,2026-05-13T21:51:00-05:00,plataforma,Clínica Imbanaco,Enf. Jhon Fredy Balanta,Rechazan por no tener autorización de la EPS
522,6,2026-05-14T05:34:00-05:00,plataforma,Clínica Sebastián de Belalcázar,Dra. Carolina Ararat,Rechazan por no tener autorización de la EPS
522,7,2026-05-14T08:30:00-05:00,plataforma,Hospital Universitario del Valle,Dr. Andrés Caicedo,Sin cupo en UCI
523,1,2026-03-19T07:36:00-05:00,correo,Clínica de Occidente,Enf. Luz Mery Rivas,"Cama no disponible, llamar mañana"
523,2,2026-03-19T12:14:00-05:00,correo,Clínica Imbanaco,Enf. Jhon Fredy Balanta,No hay especialista disponible
523,3,2026-03-19T17:32:00-05:00,telefono,Clínica Sebastián de Belalcázar,Enf. Jhon Fredy Balanta,No hay convenio con la EPS del paciente
523,4,2026-03-19T19:35:00-05:00,telefono,Clínica Sebastián de Belalcázar,Dra. Carolina Ararat,Pendiente valoración del especialista de turno
524,1,2026-05-25T16:55:00-05:00,telefono,Clínica Imbanaco,Dra. Paola Muñoz,Servicio de hemodinamia sin disponibilidad
524,2,2026-05-25T19:51:00-05:00,plataforma,Clínica de Occidente,Dra. Paola Muñoz,"Cama no disponible, llamar mañana"
524,3,2026-05-26T00:48:00-05:00,telefono,Clínica Colombia Cali,Enf. Luz Mery Rivas,"Cama no disponible, llamar mañana"
524,4,2026-05-26T02:40:00-05:00,telefono,Hospital Universitario del Valle,Dr. Andrés Caicedo,Pendiente valoración del especialista de turno
525,1,2026-03-05T13:40:00-05:00,correo,Clínica Farallones,Dra. Carolina Ararat,No hay convenio con la EPS del paciente
525,2,2026-03-05T16:49:00-05:00,telefono,Clínica de Occidente,Dr. Julián Mosquera,No hay especialista disponible
525,3,2026-03-05T18:13:00-05:00,telefono,Clínica Farallones,Dra. Carolina Ararat,Solicitan autorización de la EPS antes de aceptar
526,1,2026-04-19T09:15:00-05:00,plataforma,Hospital Universitario del Valle,Dra. Paola Muñoz,Rechazan por no tener autorización de la EPS
526,2,2026-04-19T12:29:00-05:00,plataforma,Clínica Sebastián de Belalcázar,Dra. Paola Muñoz,No hay convenio con la EPS del paciente
526,3,2026-04-19T15:26:00-05:00,correo,Fundación Valle del Lili,Dr. Andrés Caicedo,Sin respuesta en la línea de referencia
526,4,2026-04-19T20:38:00-05:00,telefono,Hospital Universitario del Valle,Dr. Julián Mosquera,Pendiente valoración del especialista de turno
527,1,2026-08-23T17:51:00-05:00,telefono,Clínica Nuestra Señora de los Remedios,Dra. Paola Muñoz,Sin cupo en UCI
527,2,2026-08-23T22:57:00-05:00,telefono,Clínica Versalles,Dr. Andrés Caicedo,Sin cupo en UCI
527,3,2026-08-24T03:23:00-05:00,telefono,Clínica Farallones,Enf. Luz Mery Rivas,Sin cupo en UCI
527,4,2026-08-24T05:06:00-05:00,plataforma,Clínica Sebastián de Belalcázar,Dr. Andrés Caicedo,Sin respuesta en la línea de referencia
528,1,2026-07-07T15:59:00-05:00,telefono,Clínica Colombia Cali,Dr. Andrés Caicedo,Sin respuesta en la línea de referencia
528,2,2026-07-07T21:35:00-05:00,plataforma,Hospital San Juan de Dios Cali,Dr. Andrés Caicedo,No hay especialista disponible
528,3,2026-07-07T23:10:00-05:00,telefono,Clínica Imbanaco,Dra. Paola Muñoz,Llamar en 2 horas para confirmar cupo
529,1,2026-07-25T01:45:00-05:00,telefono,Clínica Nuestra Señora de los Remedios,Enf. Jhon Fredy Balanta,Sin cupo en UCI
529,2,2026-07-25T04:56:00-05:00,telefono,Clínica Colombia Cali,Dra. Paola Muñoz,Rechazan por no tener autorización de la EPS
529,3,2026-07-25T06:45:00-05:00,correo,Clínica de Occidente,Enf. Jhon Fredy Balanta,Solicitan autorización de la EPS antes de aceptar
530,1,2026-05-23T05:55:00-05:00,telefono,Hospital Universitario del Valle,Dr. Julián Mosquera,"Cama no disponible, llamar mañana"
530,2,2026-05-23T11:26:00-05:00,telefono,Clínica Imbanaco,Dr. Julián Mosquera,Sin respuesta en la línea de referencia
530,3,2026-05-23T15:52:00-05:00,telefono,Hospital Universitario del Valle,Dr. Andrés Caicedo,Solicitan autorización de la EPS antes de aceptar
531,1,2026-07-15T12:39:00-05:00,plataforma,Clínica Imbanaco,Dr. Julián Mosquera,Sin respuesta en la línea de referencia
531,2,2026-07-15T15:12:00-05:00,telefono,Fundación Valle del Lili,Dra. Paola Muñoz,Sin respuesta en la línea de referencia
531,3,2026-07-15T17:43:00-05:00,telefono,Clínica Colombia Cali,Enf. Jhon Fredy Balanta,Sin cupo en UCI
531,4,2026-07-15T23:19:00-05:00,correo,Hospital Universitario del Valle,Dra. Carolina Ararat,"En estudio, solicitan enviar historia clínica"
532,1,2026-04-17T02:49:00-05:00,telefono,Clínica Nuestra Señora de los Remedios,Dr. Andrés Caicedo,Sin cupo en UCI
532,2,2026-04-17T04:34:00-05:00,plataforma,Hospital Universitario del Valle,Dra. Carolina Ararat,Acepta paciente para valoración por especialista
533,1,2026-04-20T06:06:00-05:00,telefono,Clínica de Occidente,Dra. Paola Muñoz,Rechazan por no tener autorización de la EPS
533,2,2026-04-20T07:48:00-05:00,telefono,Clínica Versalles,Dr. Julián Mosquera,No hay especialista disponible
533,3,2026-04-20T15:12:00-05:00,plataforma,Clínica Imbanaco,Dra. Paola Muñoz,"Cama no disponible, llamar mañana"
533,4,2026-04-20T18:22:00-05:00,telefono,Clínica Colombia Cali,Dr. Andrés Caicedo,Sin cupo en UCI
533,5,2026-04-20T21:37:00-05:00,telefono,Clínica Farallones,Enf. Luz Mery Rivas,"Cama no disponible, llamar mañana"
533,6,2026-04-21T03:36:00-05:00,telefono,Clínica Nuestra Señora de los Remedios,Enf. Luz Mery Rivas,Sin respuesta en la línea de referencia
533,7,2026-04-21T08:03:00-05:00,correo,Hospital Universitario San José (Popayán),Enf. Jhon Fredy Balanta,Rechazan por no tener autorización de la EPS
534,1,2026-03-09T14:23:00-05:00,plataforma,Clínica Versalles,Dra. Carolina Ararat,"Cama no disponible, llamar mañana"
534,2,2026-03-09T20:01:00-05:00,telefono,Hospital San Juan de Dios Cali,Enf. Luz Mery Rivas,Servicio de hemodinamia sin disponibilidad
534,3,2026-03-10T00:36:00-05:00,telefono,Fundación Valle del Lili,Dra. Carolina Ararat,"En estudio, solicitan enviar historia clínica"
535,1,2026-05-12T11:27:00-05:00,plataforma,Clínica Imbanaco,Dra. Paola Muñoz,"Acepta paciente, cama asignada"
536,1,2026-08-09T06:50:00-05:00,telefono,Hospital Universitario del Valle,Enf. Jhon Fredy Balanta,No hay convenio con la EPS del paciente
536,2,2026-08-09T09:45:00-05:00,telefono,Clínica de Occidente,Dra. Carolina Ararat,Sin respuesta en la línea de referencia
536,3,2026-08-09T11:31:00-05:00,telefono,Clínica Sebastián de Belalcázar,Dra. Carolina Ararat,"Cama no disponible, llamar mañana"
536,4,2026-08-09T13:36:00-05:00,correo,Hospital Universitario del Valle,Dra. Carolina Ararat,Pendiente valoración del especialista de turno
537,1,2026-03-04T04:21:00-05:00,telefono,Clínica Nuestra Señora de los Remedios,Dr. Julián Mosquera,Rechazan por no tener autorización de la EPS
537,2,2026-03-04T05:55:00-05:00,telefono,Hospital Universitario San José (Popayán),Enf. Jhon Fredy Balanta,Sin respuesta en la línea de referencia
537,3,2026-03-04T09:18:00-05:00,correo,Clínica Versalles,Dra. Carolina Ararat,No hay convenio con la EPS del paciente
537,4,2026-03-04T11:31:00-05:00,correo,Hospital Universitario del Valle,Dr. Andrés Caicedo,Solicitan autorización de la EPS antes de aceptar
538,1,2026-07-13T04:48:00-05:00,plataforma,Hospital San Juan de Dios Cali,Enf. Jhon Fredy Balanta,Sin cupo en UCI
538,2,2026-07-13T06:16:00-05:00,telefono,Clínica Imbanaco,Enf. Jhon Fredy Balanta,Sin cupo en UCI
538,3,2026-07-13T08:50:00-05:00,telefono,Clínica Nuestra Señora de los Remedios,Enf. Luz Mery Rivas,Rechazan por no tener autorización de la EPS
538,4,2026-07-13T13:40:00-05:00,telefono,Hospital San Juan de Dios Cali,Enf. Luz Mery Rivas,"En estudio, solicitan enviar historia clínica"
539,1,2026-07-04T15:09:00-05:00,telefono,Clínica Farallones,Dr. Julián Mosquera,No hay especialista disponible
539,2,2026-07-04T19:04:00-05:00,telefono,Clínica de Occidente,Dra. Paola Muñoz,"Cama no disponible, llamar mañana"
539,3,2026-07-04T20:34:00-05:00,telefono,Clínica Sebastián de Belalcázar,Dra. Carolina Ararat,"Cama no disponible, llamar mañana"
539,4,2026-07-05T01:36:00-05:00,correo,Hospital Universitario San José (Popayán),Dr. Andrés Caicedo,Pendiente valoración del especialista de turno
540,1,2026-08-17T01:05:00-05:00,plataforma,Clínica Nuestra Señora de los Remedios,Dr. Andrés Caicedo,Servicio de hemodinamia sin disponibilidad
540,2,2026-08-17T01:28:00-05:00,plataforma,Clínica Colombia Cali,Dra. Carolina Ararat,"Acepta paciente, enviar en ambulancia medicalizada"
541,1,2026-03-01T13:39:00-05:00,plataforma,Clínica Imbanaco,Dra. Paola Muñoz,Servicio de hemodinamia sin disponibilidad
541,2,2026-03-01T14:35:00-05:00,telefono,Fundación Valle del Lili,Dra. Paola Muñoz,Acepta paciente para valoración por especialista
542,1,2026-07-07T06:20:00-05:00,telefono,Fundación Valle del Lili,Dr. Andrés Caicedo,No hay convenio con la EPS del paciente
542,2,2026-07-07T10:06:00-05:00,plataforma,Clínica Sebastián de Belalcázar,Dr. Andrés Caicedo,"Cama no disponible, llamar mañana"
542,3,2026-07-07T17:30:00-05:00,telefono,Clínica Imbanaco,Dr. Andrés Caicedo,Sin respuesta en la línea de referencia
542,4,2026-07-07T22:06:00-05:00,telefono,Clínica de Occidente,Dra. Paola Muñoz,Sin cupo en UCI
542,5,2026-07-08T02:48:00-05:00,plataforma,Hospital Universitario San José (Popayán),Dr. Andrés Caicedo,Sin respuesta en la línea de referencia
542,6,2026-07-08T06:05:00-05:00,correo,Clínica Nuestra Señora de los Remedios,Enf. Jhon Fredy Balanta,No hay convenio con la EPS del paciente
542,7,2026-07-08T12:11:00-05:00,telefono,Hospital Universitario del Valle,Dra. Paola Muñoz,Sin respuesta en la línea de referencia
543,1,2026-07-27T05:05:00-05:00,plataforma,Clínica Farallones,Dra. Carolina Ararat,Rechazan por no tener autorización de la EPS
543,2,2026-07-27T08:42:00-05:00,telefono,Clínica Imbanaco,Enf. Jhon Fredy Balanta,"Cama no disponible, llamar mañana"
543,3,2026-07-27T13:38:00-05:00,plataforma,Clínica Farallones,Dr. Andrés Caicedo,"En estudio, solicitan enviar historia clínica"
544,1,2026-03-20T15:44:00-05:00,telefono,Clínica Imbanaco,Enf. Luz Mery Rivas,Servicio de hemodinamia sin disponibilidad
544,2,2026-03-20T18:57:00-05:00,telefono,Clínica Sebastián de Belalcázar,Dr. Julián Mosquera,Rechazan por no tener autorización de la EPS
544,3,2026-03-20T21:03:00-05:00,plataforma,Hospital Universitario del Valle,Dr. Andrés Caicedo,Servicio de hemodinamia sin disponibilidad
544,4,2026-03-20T23:50:00-05:00,telefono,Hospital Universitario del Valle,Enf. Jhon Fredy Balanta,"En estudio, solicitan enviar historia clínica"
545,1,2026-03-07T08:37:00-05:00,correo,Hospital Universitario San José (Popayán),Dr. Andrés Caicedo,Sin respuesta en la línea de referencia
545,2,2026-03-07T11:04:00-05:00,plataforma,Fundación Valle del Lili,Dr. Julián Mosquera,Servicio de hemodinamia sin disponibilidad
545,3,2026-03-07T12:57:00-05:00,correo,Clínica Imbanaco,Enf. Luz Mery Rivas,No hay especialista disponible
545,4,2026-03-07T16:29:00-05:00,plataforma,Clínica de Occidente,Dra. Carolina Ararat,Llamar en 2 horas para confirmar cupo
546,1,2026-06-03T12:34:00-05:00,plataforma,Clínica Sebastián de Belalcázar,Enf. Jhon Fredy Balanta,No hay convenio con la EPS del paciente
546,2,2026-06-03T15:52:00-05:00,telefono,Clínica Colombia Cali,Dra. Carolina Ararat,No hay especialista disponible
546,3,2026-06-03T21:48:00-05:00,telefono,Hospital Universitario del Valle,Dra. Paola Muñoz,"En estudio, solicitan enviar historia clínica"
547,1,2026-06-11T02:22:00-05:00,telefono,Clínica de Occidente,Dra. Carolina Ararat,"Cama no disponible, llamar mañana"
547,2,2026-06-11T04:37:00-05:00,plataforma,Clínica Versalles,Dr. Julián Mosquera,Sin respuesta en la línea de referencia
547,3,2026-06-11T08:55:00-05:00,telefono,Fundación Valle del Lili,Dra. Carolina Ararat,"En estudio, solicitan enviar historia clínica"
548,1,2026-09-04T01:47:00-05:00,telefono,Clínica Nuestra Señora de los Remedios,Enf. Jhon Fredy Balanta,No hay especialista disponible
548,2,2026-09-04T08:43:00-05:00,correo,Clínica Farallones,Dra. Carolina Ararat,"Cama no disponible, llamar mañana"
548,3,2026-09-04T13:29:00-05:00,telefono,Hospital Universitario San José (Popayán),Dra. Paola Muñoz,Sin cupo en UCI
548,4,2026-09-04T15:50:00-05:00,correo,Clínica Sebastián de Belalcázar,Dra. Paola Muñoz,Sin cupo en UCI
549,1,2026-08-14T13:46:00-05:00,telefono,Clínica Versalles,Dr. Andrés Caicedo,Servicio de hemodinamia sin disponibilidad
549,2,2026-08-14T15:24:00-05:00,correo,Clínica Farallones,Enf. Luz Mery Rivas,"Cama no disponible, llamar mañana"
549,3,2026-08-14T18:11:00-05:00,telefono,Clínica Nuestra Señora de los Remedios,Dra. Paola Muñoz,"Cama no disponible, llamar mañana"
549,4,2026-08-14T23:35:00-05:00,plataforma,Hospital San Juan de Dios Cali,Enf. Jhon Fredy Balanta,Solicitan autorización de la EPS antes de aceptar
550,1,2026-07-02T10:20:00-05:00,correo,Hospital San Juan de Dios Cali,Dr. Andrés Caicedo,"Cama no disponible, llamar mañana"
550,2,2026-07-02T14:23:00-05:00,telefono,Fundación Valle del Lili,Dr. Andrés Caicedo,"Cama no disponible, llamar mañana"
550,3,2026-07-02T18:55:00-05:00,plataforma,Clínica Sebastián de Belalcázar,Dr. Andrés Caicedo,No hay especialista disponible
550,4,2026-07-02T23:48:00-05:00,telefono,Clínica Sebastián de Belalcázar,Enf. Jhon Fredy Balanta,Pendiente valoración del especialista de turno
551,1,2026-06-08T07:37:00-05:00,telefono,Clínica Farallones,Dra. Carolina Ararat,Sin cupo en UCI
551,2,2026-06-08T10:08:00-05:00,plataforma,Fundación Valle del Lili,Enf. Luz Mery Rivas,Servicio de hemodinamia sin disponibilidad
551,3,2026-06-08T14:53:00-05:00,telefono,Clínica Imbanaco,Dra. Paola Muñoz,"En estudio, solicitan enviar historia clínica"
552,1,2026-08-03T08:51:00-05:00,telefono,Hospital San Juan de Dios Cali,Enf. Luz Mery Rivas,No hay especialista disponible
552,2,2026-08-03T10:23:00-05:00,plataforma,Clínica Sebastián de Belalcázar,Enf. Luz Mery Rivas,Sin respuesta en la línea de referencia
552,3,2026-08-03T13:02:00-05:00,correo,Clínica Versalles,Enf. Jhon Fredy Balanta,Sin cupo en UCI
552,4,2026-08-03T15:49:00-05:00,telefono,Hospital San Juan de Dios Cali,Dra. Paola Muñoz,Pendiente valoración del especialista de turno
553,1,2026-05-18T02:53:00-05:00,telefono,Clínica Nuestra Señora de los Remedios,Dra. Carolina Ararat,Servicio de hemodinamia sin disponibilidad
553,2,2026-05-18T05:15:00-05:00,plataforma,Clínica Colombia Cali,Dr. Andrés Caicedo,Sin cupo en UCI
553,3,2026-05-18T06:27:00-05:00,telefono,Fundación Valle del Lili,Dra. Paola Muñoz,No hay especialista disponible
553,4,2026-05-18T08:23:00-05:00,telefono,Clínica de Occidente,Enf. Luz Mery Rivas,"En estudio, solicitan enviar historia clínica"
554,1,2026-09-11T15:55:00-05:00,telefono,Hospital San Juan de Dios Cali,Dra. Paola Muñoz,"Acepta paciente, enviar en ambulancia medicalizada"
555,1,2026-08-17T21:39:00-05:00,correo,Clínica Sebastián de Belalcázar,Dr. Andrés Caicedo,"Cama no disponible, llamar mañana"
555,2,2026-08-18T02:33:00-05:00,telefono,Fundación Valle del Lili,Dr. Andrés Caicedo,Sin respuesta en la línea de referencia
555,3,2026-08-18T05:30:00-05:00,telefono,Hospital Universitario del Valle,Dr. Julián Mosquera,Llamar en 2 horas para confirmar cupo
556,1,2026-08-17T05:52:00-05:00,plataforma,Clínica Farallones,Dra. Carolina Ararat,"Cama no disponible, llamar mañana"
556,2,2026-08-17T08:10:00-05:00,correo,Clínica Versalles,Dr. Julián Mosquera,No hay especialista disponible
556,3,2026-08-17T10:42:00-05:00,telefono,Clínica Colombia Cali,Dr. Julián Mosquera,Solicitan autorización de la EPS antes de aceptar
557,1,2026-05-03T17:03:00-05:00,telefono,Clínica de Occidente,Dr. Andrés Caicedo,No hay convenio con la EPS del paciente
557,2,2026-05-03T18:32:00-05:00,telefono,Fundación Valle del Lili,Dr. Andrés Caicedo,Acepta paciente en UCI
558,1,2026-03-23T20:10:00-05:00,plataforma,Clínica Farallones,Enf. Luz Mery Rivas,Rechazan por no tener autorización de la EPS
558,2,2026-03-23T21:58:00-05:00,telefono,Clínica Nuestra Señora de los Remedios,Enf. Jhon Fredy Balanta,No hay convenio con la EPS del paciente
558,3,2026-03-23T23:06:00-05:00,telefono,Hospital Universitario del Valle,Dra. Paola Muñoz,Pendiente valoración del especialista de turno
559,1,2026-05-09T05:29:00-05:00,plataforma,Clínica Farallones,Enf. Jhon Fredy Balanta,No hay especialista disponible
559,2,2026-05-09T10:57:00-05:00,plataforma,Clínica Imbanaco,Enf. Jhon Fredy Balanta,"Cama no disponible, llamar mañana"
559,3,2026-05-09T16:09:00-05:00,plataforma,Fundación Valle del Lili,Dr. Andrés Caicedo,Pendiente valoración del especialista de turno
560,1,2026-04-10T13:53:00-05:00,telefono,Fundación Valle del Lili,Enf. Jhon Fredy Balanta,Servicio de hemodinamia sin disponibilidad
560,2,2026-04-10T15:09:00-05:00,telefono,Clínica Versalles,Enf. Jhon Fredy Balanta,Servicio de hemodinamia sin disponibilidad
560,3,2026-04-10T18:09:00-05:00,plataforma,Clínica Imbanaco,Enf. Jhon Fredy Balanta,"Cama no disponible, llamar mañana"
560,4,2026-04-10T19:26:00-05:00,telefono,Clínica de Occidente,Dra. Paola Muñoz,Sin respuesta en la línea de referencia
560,5,2026-04-10T21:14:00-05:00,telefono,Clínica Nuestra Señora de los Remedios,Dr. Julián Mosquera,Sin cupo en UCI
561,1,2026-07-17T11:51:00-05:00,plataforma,Fundación Valle del Lili,Enf. Jhon Fredy Balanta,No hay especialista disponible
561,2,2026-07-17T17:51:00-05:00,telefono,Hospital Universitario del Valle,Enf. Jhon Fredy Balanta,No hay convenio con la EPS del paciente
561,3,2026-07-17T21:42:00-05:00,plataforma,Clínica Nuestra Señora de los Remedios,Dr. Andrés Caicedo,Servicio de hemodinamia sin disponibilidad
561,4,2026-07-17T23:25:00-05:00,telefono,Hospital Universitario del Valle,Dr. Andrés Caicedo,Rechazan por no tener autorización de la EPS
562,1,2026-09-09T16:18:00-05:00,telefono,Clínica Nuestra Señora de los Remedios,Dr. Julián Mosquera,Acepta paciente para valoración por especialista
563,1,2026-05-27T00:49:00-05:00,plataforma,Clínica Colombia Cali,Dra. Paola Muñoz,Servicio de hemodinamia sin disponibilidad
563,2,2026-05-27T04:30:00-05:00,telefono,Hospital Universitario del Valle,Dra. Paola Muñoz,"Cama no disponible, llamar mañana"
563,3,2026-05-27T07:18:00-05:00,plataforma,Clínica Nuestra Señora de los Remedios,Dra. Carolina Ararat,Sin respuesta en la línea de referencia
563,4,2026-05-27T14:33:00-05:00,telefono,Clínica Farallones,Dra. Paola Muñoz,Sin cupo en UCI
563,5,2026-05-27T19:09:00-05:00,correo,Hospital San Juan de Dios Cali,Dra. Paola Muñoz,Sin cupo en UCI
563,6,2026-05-28T02:35:00-05:00,telefono,Hospital Universitario del Valle,Dr. Andrés Caicedo,Sin cupo en UCI
564,1,2026-06-24T07:44:00-05:00,telefono,Clínica Farallones,Dra. Paola Muñoz,Acepta paciente para valoración por especialista
565,1,2026-03-11T02:02:00-05:00,plataforma,Clínica Sebastián de Belalcázar,Dra. Paola Muñoz,No hay convenio con la EPS del paciente
565,2,2026-03-11T03:50:00-05:00,telefono,Hospital Universitario San José (Popayán),Dr. Julián Mosquera,No hay especialista disponible
565,3,2026-03-11T08:44:00-05:00,plataforma,Clínica Versalles,Dr. Andrés Caicedo,Sin cupo en UCI
565,4,2026-03-11T13:21:00-05:00,plataforma,Clínica de Occidente,Dr. Julián Mosquera,Solicitan autorización de la EPS antes de aceptar
566,1,2026-07-11T11:33:00-05:00,plataforma,Clínica Sebastián de Belalcázar,Dra. Carolina Ararat,No hay convenio con la EPS del paciente
566,2,2026-07-11T15:55:00-05:00,plataforma,Hospital San Juan de Dios Cali,Enf. Jhon Fredy Balanta,Servicio de hemodinamia sin disponibilidad
566,3,2026-07-11T20:55:00-05:00,plataforma,Clínica Sebastián de Belalcázar,Dr. Andrés Caicedo,Pendiente valoración del especialista de turno
567,1,2026-07-15T15:22:00-05:00,telefono,Clínica Colombia Cali,Enf. Jhon Fredy Balanta,Servicio de hemodinamia sin disponibilidad
567,2,2026-07-15T21:02:00-05:00,telefono,Hospital San Juan de Dios Cali,Dra. Paola Muñoz,Sin cupo en UCI
567,3,2026-07-15T23:25:00-05:00,plataforma,Clínica Farallones,Dr. Andrés Caicedo,No hay especialista disponible
567,4,2026-07-16T04:34:00-05:00,telefono,Clínica Versalles,Enf. Jhon Fredy Balanta,No hay especialista disponible
567,5,2026-07-16T11:26:00-05:00,plataforma,Clínica de Occidente,Enf. Jhon Fredy Balanta,Sin cupo en UCI
568,1,2026-06-30T05:34:00-05:00,telefono,Clínica Sebastián de Belalcázar,Enf. Jhon Fredy Balanta,Sin cupo en UCI
568,2,2026-06-30T06:36:00-05:00,telefono,Clínica Nuestra Señora de los Remedios,Dra. Carolina Ararat,Sin cupo en UCI
568,3,2026-06-30T07:56:00-05:00,telefono,Clínica Imbanaco,Dr. Andrés Caicedo,"Cama no disponible, llamar mañana"
568,4,2026-06-30T13:45:00-05:00,plataforma,Hospital Universitario del Valle,Dra. Paola Muñoz,"En estudio, solicitan enviar historia clínica"
569,1,2026-05-04T11:49:00-05:00,telefono,Hospital Universitario del Valle,Dr. Andrés Caicedo,Acepta paciente en UCI
570,1,2026-09-11T02:06:00-05:00,telefono,Hospital Universitario San José (Popayán),Dr. Julián Mosquera,Rechazan por no tener autorización de la EPS
570,2,2026-09-11T05:45:00-05:00,telefono,Hospital San Juan de Dios Cali,Dr. Julián Mosquera,Servicio de hemodinamia sin disponibilidad
570,3,2026-09-11T09:21:00-05:00,telefono,Clínica Versalles,Dr. Andrés Caicedo,Sin cupo en UCI
570,4,2026-09-11T12:08:00-05:00,plataforma,Hospital San Juan de Dios Cali,Dra. Carolina Ararat,Sin cupo en UCI
571,1,2026-06-09T01:56:00-05:00,telefono,Clínica Sebastián de Belalcázar,Dra. Paola Muñoz,"Acepta paciente, cama asignada"
572,1,2026-09-19T00:31:00-05:00,correo,Clínica de Occidente,Enf. Luz Mery Rivas,Sin cupo en UCI
572,2,2026-09-19T03:44:00-05:00,telefono,Clínica Farallones,Dr. Julián Mosquera,"Cama no disponible, llamar mañana"
572,3,2026-09-19T07:21:00-05:00,telefono,Hospital Universitario San José (Popayán),Enf. Jhon Fredy Balanta,Rechazan por no tener autorización de la EPS
572,4,2026-09-19T12:34:00-05:00,correo,Clínica Nuestra Señora de los Remedios,Enf. Luz Mery Rivas,"En estudio, solicitan enviar historia clínica"
573,1,2026-03-31T03:44:00-05:00,telefono,Fundación Valle del Lili,Dr. Andrés Caicedo,No hay especialista disponible
573,2,2026-03-31T08:10:00-05:00,telefono,Hospital Universitario San José (Popayán),Dra. Paola Muñoz,Rechazan por no tener autorización de la EPS
573,3,2026-03-31T12:02:00-05:00,telefono,Clínica de Occidente,Dr. Julián Mosquera,Rechazan por no tener autorización de la EPS
573,4,2026-03-31T13:10:00-05:00,plataforma,Clínica Sebastián de Belalcázar,Enf. Jhon Fredy Balanta,Servicio de hemodinamia sin disponibilidad
573,5,2026-03-31T17:23:00-05:00,telefono,Clínica Imbanaco,Dr. Julián Mosquera,Sin respuesta en la línea de referencia
573,6,2026-03-31T23:09:00-05:00,telefono,Hospital Universitario del Valle,Dra. Paola Muñoz,Servicio de hemodinamia sin disponibilidad
574,1,2026-06-06T14:33:00-05:00,telefono,Clínica Nuestra Señora de los Remedios,Enf. Luz Mery Rivas,No hay especialista disponible
574,2,2026-06-06T16:34:00-05:00,correo,Clínica Imbanaco,Dra. Carolina Ararat,No hay especialista disponible
574,3,2026-06-07T00:15:00-05:00,telefono,Clínica Farallones,Dr. Julián Mosquera,Sin cupo en UCI
574,4,2026-06-07T05:44:00-05:00,plataforma,Clínica Versalles,Enf. Luz Mery Rivas,Sin cupo en UCI
574,5,2026-06-07T08:36:00-05:00,telefono,Hospital San Juan de Dios Cali,Dr. Andrés Caicedo,"Cama no disponible, llamar mañana"
575,1,2026-08-04T12:45:00-05:00,plataforma,Clínica Farallones,Enf. Luz Mery Rivas,No hay convenio con la EPS del paciente
575,2,2026-08-04T15:15:00-05:00,plataforma,Clínica de Occidente,Enf. Luz Mery Rivas,No hay convenio con la EPS del paciente
575,3,2026-08-04T17:23:00-05:00,telefono,Clínica Nuestra Señora de los Remedios,Enf. Luz Mery Rivas,Servicio de hemodinamia sin disponibilidad
575,4,2026-08-04T20:27:00-05:00,telefono,Hospital San Juan de Dios Cali,Dr. Andrés Caicedo,Rechazan por no tener autorización de la EPS
575,5,2026-08-05T03:20:00-05:00,telefono,Clínica Versalles,Dr. Julián Mosquera,"Cama no disponible, llamar mañana"
576,1,2026-04-02T03:50:00-05:00,telefono,Clínica Imbanaco,Dra. Paola Muñoz,"Cama no disponible, llamar mañana"
576,2,2026-04-02T08:22:00-05:00,telefono,Hospital Universitario San José (Popayán),Dr. Andrés Caicedo,Rechazan por no tener autorización de la EPS
576,3,2026-04-02T14:21:00-05:00,correo,Fundación Valle del Lili,Enf. Jhon Fredy Balanta,Sin respuesta en la línea de referencia
576,4,2026-04-02T21:32:00-05:00,telefono,Clínica Sebastián de Belalcázar,Dr. Julián Mosquera,Sin respuesta en la línea de referencia
576,5,2026-04-02T23:09:00-05:00,telefono,Clínica Nuestra Señora de los Remedios,Enf. Jhon Fredy Balanta,Rechazan por no tener autorización de la EPS
576,6,2026-04-03T01:08:00-05:00,telefono,Hospital San Juan de Dios Cali,Dra. Paola Muñoz,No hay especialista disponible
576,7,2026-04-03T08:06:00-05:00,telefono,Clínica Colombia Cali,Dra. Carolina Ararat,No hay convenio con la EPS del paciente
577,1,2026-07-31T03:27:00-05:00,correo,Clínica Sebastián de Belalcázar,Dra. Carolina Ararat,No hay especialista disponible
577,2,2026-07-31T06:11:00-05:00,telefono,Clínica Farallones,Dra. Carolina Ararat,Sin cupo en UCI
577,3,2026-07-31T11:00:00-05:00,telefono,Hospital Universitario San José (Popayán),Dr. Julián Mosquera,No hay especialista disponible
577,4,2026-07-31T16:35:00-05:00,telefono,Clínica Colombia Cali,Dr. Andrés Caicedo,Llamar en 2 horas para confirmar cupo
578,1,2026-05-24T15:52:00-05:00,telefono,Hospital Universitario San José (Popayán),Dr. Julián Mosquera,Sin respuesta en la línea de referencia
578,2,2026-05-24T20:01:00-05:00,telefono,Clínica de Occidente,Dra. Carolina Ararat,Sin respuesta en la línea de referencia
578,3,2026-05-25T03:16:00-05:00,correo,Fundación Valle del Lili,Enf. Luz Mery Rivas,Rechazan por no tener autorización de la EPS
578,4,2026-05-25T05:16:00-05:00,telefono,Clínica Farallones,Enf. Luz Mery Rivas,"Cama no disponible, llamar mañana"
579,1,2026-07-03T18:26:00-05:00,plataforma,Fundación Valle del Lili,Dr. Andrés Caicedo,No hay especialista disponible
579,2,2026-07-03T19:31:00-05:00,telefono,Clínica Nuestra Señora de los Remedios,Enf. Luz Mery Rivas,No hay convenio con la EPS del paciente
579,3,2026-07-04T00:38:00-05:00,telefono,Clínica Sebastián de Belalcázar,Dra. Carolina Ararat,Sin respuesta en la línea de referencia
579,4,2026-07-04T04:20:00-05:00,telefono,Hospital Universitario del Valle,Dr. Julián Mosquera,No hay especialista disponible
580,1,2026-03-30T18:27:00-05:00,correo,Clínica Colombia Cali,Enf. Luz Mery Rivas,No hay especialista disponible
580,2,2026-03-30T20:08:00-05:00,plataforma,Clínica Farallones,Enf. Jhon Fredy Balanta,Rechazan por no tener autorización de la EPS
580,3,2026-03-30T22:12:00-05:00,telefono,Hospital San Juan de Dios Cali,Dr. Julián Mosquera,Llamar en 2 horas para confirmar cupo
581,1,2026-03-06T04:42:00-05:00,telefono,Clínica Imbanaco,Enf. Jhon Fredy Balanta,"Acepta paciente, cama asignada"
582,1,2026-07-11T03:26:00-05:00,plataforma,Clínica Colombia Cali,Enf. Jhon Fredy Balanta,Servicio de hemodinamia sin disponibilidad
582,2,2026-07-11T07:06:00-05:00,telefono,Clínica Farallones,Enf. Jhon Fredy Balanta,Sin cupo en UCI
582,3,2026-07-11T09:30:00-05:00,plataforma,Clínica Nuestra Señora de los Remedios,Enf. Jhon Fredy Balanta,Solicitan autorización de la EPS antes de aceptar
583,1,2026-03-19T11:03:00-05:00,correo,Hospital San Juan de Dios Cali,Dra. Paola Muñoz,"Acepta paciente, cama asignada"
584,1,2026-07-24T17:47:00-05:00,telefono,Fundación Valle del Lili,Enf. Luz Mery Rivas,Servicio de hemodinamia sin disponibilidad
584,2,2026-07-24T23:16:00-05:00,telefono,Hospital Universitario del Valle,Dra. Carolina Ararat,"Cama no disponible, llamar mañana"
584,3,2026-07-25T05:04:00-05:00,telefono,Clínica Farallones,Dr. Andrés Caicedo,No hay convenio con la EPS del paciente
584,4,2026-07-25T09:06:00-05:00,plataforma,Clínica Imbanaco,Dr. Julián Mosquera,Rechazan por no tener autorización de la EPS
584,5,2026-07-25T15:45:00-05:00,telefono,Clínica de Occidente,Enf. Luz Mery Rivas,Servicio de hemodinamia sin disponibilidad
584,6,2026-07-25T19:48:00-05:00,plataforma,Hospital Universitario del Valle,Dra. Carolina Ararat,No hay convenio con la EPS del paciente
585,1,2026-07-14T14:54:00-05:00,plataforma,Hospital San Juan de Dios Cali,Dra. Carolina Ararat,Acepta paciente en UCI
586,1,2026-05-16T13:40:00-05:00,telefono,Hospital Universitario del Valle,Dra. Carolina Ararat,Acepta paciente en UCI
587,1,2026-04-05T09:04:00-05:00,telefono,Hospital San Juan de Dios Cali,Dra. Carolina Ararat,Sin cupo en UCI
587,2,2026-04-05T10:45:00-05:00,plataforma,Clínica Sebastián de Belalcázar,Dr. Julián Mosquera,"Acepta paciente, enviar en ambulancia medicalizada"
588,1,2026-09-03T02:28:00-05:00,telefono,Fundación Valle del Lili,Dra. Paola Muñoz,Sin cupo en UCI
588,2,2026-09-03T06:02:00-05:00,plataforma,Clínica Nuestra Señora de los Remedios,Enf. Luz Mery Rivas,Sin cupo en UCI
588,3,2026-09-03T09:24:00-05:00,correo,Clínica Colombia Cali,Dr. Andrés Caicedo,No hay especialista disponible
588,4,2026-09-03T10:53:00-05:00,telefono,Hospital Universitario del Valle,Dra. Paola Muñoz,No hay especialista disponible
589,1,2026-03-26T12:06:00-05:00,telefono,Clínica Farallones,Dra. Paola Muñoz,"Cama no disponible, llamar mañana"
589,2,2026-03-26T15:02:00-05:00,telefono,Clínica de Occidente,Enf. Jhon Fredy Balanta,Servicio de hemodinamia sin disponibilidad
589,3,2026-03-26T16:05:00-05:00,telefono,Clínica Versalles,Dr. Julián Mosquera,No hay especialista disponible
589,4,2026-03-26T19:22:00-05:00,plataforma,Clínica Imbanaco,Dra. Carolina Ararat,Llamar en 2 horas para confirmar cupo
590,1,2026-09-04T04:46:00-05:00,telefono,Clínica Versalles,Dra. Paola Muñoz,Sin respuesta en la línea de referencia
590,2,2026-09-04T06:48:00-05:00,telefono,Clínica Nuestra Señora de los Remedios,Enf. Jhon Fredy Balanta,Servicio de hemodinamia sin disponibilidad
590,3,2026-09-04T11:50:00-05:00,correo,Clínica de Occidente,Dra. Paola Muñoz,Solicitan autorización de la EPS antes de aceptar
591,1,2026-08-23T06:26:00-05:00,plataforma,Clínica Versalles,Dr. Andrés Caicedo,No hay convenio con la EPS del paciente
591,2,2026-08-23T10:00:00-05:00,plataforma,Clínica Imbanaco,Enf. Luz Mery Rivas,"Cama no disponible, llamar mañana"
591,3,2026-08-23T12:24:00-05:00,telefono,Fundación Valle del Lili,Dr. Andrés Caicedo,Solicitan autorización de la EPS antes de aceptar
592,1,2026-06-15T05:41:00-05:00,plataforma,Hospital Universitario del Valle,Enf. Jhon Fredy Balanta,No hay convenio con la EPS del paciente
592,2,2026-06-15T08:23:00-05:00,telefono,Hospital Universitario San José (Popayán),Dr. Julián Mosquera,Sin cupo en UCI
592,3,2026-06-15T12:40:00-05:00,plataforma,Hospital Universitario del Valle,Dr. Julián Mosquera,"En estudio, solicitan enviar historia clínica"
593,1,2026-03-28T10:09:00-05:00,telefono,Clínica de Occidente,Dr. Julián Mosquera,Sin cupo en UCI
593,2,2026-03-28T12:05:00-05:00,telefono,Clínica Nuestra Señora de los Remedios,Dr. Julián Mosquera,No hay especialista disponible
593,3,2026-03-28T16:58:00-05:00,telefono,Clínica Imbanaco,Dra. Paola Muñoz,No hay especialista disponible
593,4,2026-03-28T21:24:00-05:00,telefono,Clínica Nuestra Señora de los Remedios,Dr. Julián Mosquera,"En estudio, solicitan enviar historia clínica"
594,1,2026-06-14T15:42:00-05:00,telefono,Clínica Farallones,Dra. Paola Muñoz,Sin respuesta en la línea de referencia
594,2,2026-06-14T20:31:00-05:00,plataforma,Clínica Sebastián de Belalcázar,Dr. Andrés Caicedo,Servicio de hemodinamia sin disponibilidad
594,3,2026-06-14T23:12:00-05:00,telefono,Fundación Valle del Lili,Dr. Julián Mosquera,"Cama no disponible, llamar mañana"
594,4,2026-06-15T01:46:00-05:00,telefono,Clínica Nuestra Señora de los Remedios,Enf. Luz Mery Rivas,Llamar en 2 horas para confirmar cupo
595,1,2026-06-08T13:28:00-05:00,plataforma,Clínica de Occidente,Dra. Paola Muñoz,No hay especialista disponible
595,2,2026-06-08T16:34:00-05:00,plataforma,Clínica Versalles,Dra. Paola Muñoz,No hay convenio con la EPS del paciente
595,3,2026-06-08T20:50:00-05:00,telefono,Fundación Valle del Lili,Dr. Andrés Caicedo,Sin respuesta en la línea de referencia
595,4,2026-06-09T00:53:00-05:00,telefono,Clínica Farallones,Dra. Paola Muñoz,Sin cupo en UCI
595,5,2026-06-09T02:40:00-05:00,correo,Clínica Sebastián de Belalcázar,Dra. Paola Muñoz,No hay especialista disponible
595,6,2026-06-09T09:29:00-05:00,telefono,Clínica Versalles,Dra. Carolina Ararat,Sin respuesta en la línea de referencia
596,1,2026-06-28T06:03:00-05:00,plataforma,Hospital Universitario del Valle,Dra. Paola Muñoz,"Acepta paciente, enviar en ambulancia medicalizada"
597,1,2026-05-14T04:48:00-05:00,telefono,Hospital Universitario San José (Popayán),Enf. Jhon Fredy Balanta,Sin respuesta en la línea de referencia
597,2,2026-05-14T05:50:00-05:00,telefono,Clínica de Occidente,Dra. Paola Muñoz,Sin respuesta en la línea de referencia
597,3,2026-05-14T08:25:00-05:00,telefono,Clínica Imbanaco,Dra. Carolina Ararat,No hay convenio con la EPS del paciente
597,4,2026-05-14T14:09:00-05:00,telefono,Hospital Universitario del Valle,Dra. Carolina Ararat,Pendiente valoración del especialista de turno
598,1,2026-08-13T11:36:00-05:00,correo,Clínica Imbanaco,Enf. Luz Mery Rivas,Servicio de hemodinamia sin disponibilidad
598,2,2026-08-13T16:43:00-05:00,telefono,Clínica Nuestra Señora de los Remedios,Dr. Julián Mosquera,No hay convenio con la EPS del paciente
598,3,2026-08-13T18:28:00-05:00,correo,Clínica Sebastián de Belalcázar,Enf. Jhon Fredy Balanta,"En estudio, solicitan enviar historia clínica"
599,1,2026-09-13T06:25:00-05:00,telefono,Clínica Imbanaco,Dr. Julián Mosquera,No hay convenio con la EPS del paciente
599,2,2026-09-13T08:15:00-05:00,telefono,Fundación Valle del Lili,Enf. Luz Mery Rivas,Sin cupo en UCI
599,3,2026-09-13T15:23:00-05:00,plataforma,Clínica Sebastián de Belalcázar,Dra. Carolina Ararat,Sin cupo en UCI
599,4,2026-09-13T19:17:00-05:00,telefono,Hospital Universitario del Valle,Enf. Luz Mery Rivas,"Cama no disponible, llamar mañana"
600,1,2026-09-01T08:59:00-05:00,telefono,Clínica Farallones,Dr. Andrés Caicedo,Sin cupo en UCI
600,2,2026-09-01T10:31:00-05:00,telefono,Hospital Universitario del Valle,Dr. Julián Mosquera,"Acepta paciente, cama asignada"
