remision_ref,tipo,codigo_loinc,valor,unidad,fecha_observacion
1,Frecuencia cardiaca,8867-4,122,/min,2026-04-20T11:48:00-05:00
1,Presión arterial sistólica,8480-6,80,mm[Hg],2026-04-20T11:48:00-05:00
1,Presión arterial diastólica,8462-4,63,mm[Hg],2026-04-20T11:48:00-05:00
1,Frecuencia respiratoria,9279-1,22,/min,2026-04-20T11:48:00-05:00
1,Saturación de oxígeno,59408-5,92,%,2026-04-20T11:48:00-05:00
1,Temperatura corporal,8310-5,39.2,Cel,2026-04-20T11:48:00-05:00
1,Escala de Glasgow,9269-2,10,{score},2026-04-20T11:48:00-05:00
2,Frecuencia cardiaca,8867-4,111,/min,2026-05-30T12:46:00-05:00
2,Presión arterial sistólica,8480-6,105,mm[Hg],2026-05-30T12:46:00-05:00
2,Presión arterial diastólica,8462-4,67,mm[Hg],2026-05-30T12:46:00-05:00
2,Frecuencia respiratoria,9279-1,25,/min,2026-05-30T12:46:00-05:00
2,Saturación de oxígeno,59408-5,86,%,2026-05-30T12:46:00-05:00
2,Temperatura corporal,8310-5,37.1,Cel,2026-05-30T12:46:00-05:00
2,Escala de Glasgow,9269-2,9,{score},2026-05-30T12:46:00-05:00
3,Frecuencia cardiaca,8867-4,83,/min,2026-04-13T16:43:00-05:00
3,Presión arterial sistólica,8480-6,120,mm[Hg],2026-04-13T16:43:00-05:00
3,Presión arterial diastólica,8462-4,98,mm[Hg],2026-04-13T16:43:00-05:00
3,Frecuencia respiratoria,9279-1,19,/min,2026-04-13T16:43:00-05:00
3,Saturación de oxígeno,59408-5,98,%,2026-04-13T16:43:00-05:00
3,Temperatura corporal,8310-5,37.2,Cel,2026-04-13T16:43:00-05:00
3,Escala de Glasgow,9269-2,14,{score},2026-04-13T16:43:00-05:00
4,Frecuencia cardiaca,8867-4,87,/min,2026-05-04T16:53:00-05:00
4,Presión arterial sistólica,8480-6,123,mm[Hg],2026-05-04T16:53:00-05:00
4,Presión arterial diastólica,8462-4,69,mm[Hg],2026-05-04T16:53:00-05:00
4,Frecuencia respiratoria,9279-1,13,/min,2026-05-04T16:53:00-05:00
4,Saturación de oxígeno,59408-5,94,%,2026-05-04T16:53:00-05:00
4,Temperatura corporal,8310-5,37.5,Cel,2026-05-04T16:53:00-05:00
4,Escala de Glasgow,9269-2,14,{score},2026-05-04T16:53:00-05:00
5,Frecuencia cardiaca,8867-4,136,/min,2026-09-11T20:06:00-05:00
5,Presión arterial sistólica,8480-6,90,mm[Hg],2026-09-11T20:06:00-05:00
5,Presión arterial diastólica,8462-4,75,mm[Hg],2026-09-11T20:06:00-05:00
5,Frecuencia respiratoria,9279-1,22,/min,2026-09-11T20:06:00-05:00
5,Saturación de oxígeno,59408-5,86,%,2026-09-11T20:06:00-05:00
5,Temperatura corporal,8310-5,38.2,Cel,2026-09-11T20:06:00-05:00
5,Escala de Glasgow,9269-2,14,{score},2026-09-11T20:06:00-05:00
6,Frecuencia cardiaca,8867-4,125,/min,2026-04-02T01:48:00-05:00
6,Presión arterial sistólica,8480-6,102,mm[Hg],2026-04-02T01:48:00-05:00
6,Presión arterial diastólica,8462-4,65,mm[Hg],2026-04-02T01:48:00-05:00
6,Frecuencia respiratoria,9279-1,23,/min,2026-04-02T01:48:00-05:00
6,Saturación de oxígeno,59408-5,84,%,2026-04-02T01:48:00-05:00
6,Temperatura corporal,8310-5,37.9,Cel,2026-04-02T01:48:00-05:00
6,Escala de Glasgow,9269-2,11,{score},2026-04-02T01:48:00-05:00
7,Frecuencia cardiaca,8867-4,98,/min,2026-07-16T14:54:00-05:00
7,Presión arterial sistólica,8480-6,118,mm[Hg],2026-07-16T14:54:00-05:00
7,Presión arterial diastólica,8462-4,63,mm[Hg],2026-07-16T14:54:00-05:00
7,Frecuencia respiratoria,9279-1,27,/min,2026-07-16T14:54:00-05:00
7,Saturación de oxígeno,59408-5,95,%,2026-07-16T14:54:00-05:00
7,Temperatura corporal,8310-5,37.2,Cel,2026-07-16T14:54:00-05:00
7,Escala de Glasgow,9269-2,9,{score},2026-07-16T14:54:00-05:00
8,Frecuencia cardiaca,8867-4,107,/min,2026-06-25T17:20:00-05:00
8,Presión arterial sistólica,8480-6,111,mm[Hg],2026-06-25T17:20:00-05:00
8,Presión arterial diastólica,8462-4,44,mm[Hg],2026-06-25T17:20:00-05:00
8,Frecuencia respiratoria,9279-1,25,/min,2026-06-25T17:20:00-05:00
8,Saturación de oxígeno,59408-5,93,%,2026-06-25T17:20:00-05:00
8,Temperatura corporal,8310-5,36.4,Cel,2026-06-25T17:20:00-05:00
8,Escala de Glasgow,9269-2,12,{score},2026-06-25T17:20:00-05:00
9,Frecuencia cardiaca,8867-4,118,/min,2026-04-13T00:02:00-05:00
9,Presión arterial sistólica,8480-6,91,mm[Hg],2026-04-13T00:02:00-05:00
9,Presión arterial diastólica,8462-4,56,mm[Hg],2026-04-13T00:02:00-05:00
9,Frecuencia respiratoria,9279-1,25,/min,2026-04-13T00:02:00-05:00
9,Saturación de oxígeno,59408-5,96,%,2026-04-13T00:02:00-05:00
9,Temperatura corporal,8310-5,37.7,Cel,2026-04-13T00:02:00-05:00
9,Escala de Glasgow,9269-2,11,{score},2026-04-13T00:02:00-05:00
10,Frecuencia cardiaca,8867-4,78,/min,2026-07-12T06:37:00-05:00
10,Presión arterial sistólica,8480-6,132,mm[Hg],2026-07-12T06:37:00-05:00
10,Presión arterial diastólica,8462-4,80,mm[Hg],2026-07-12T06:37:00-05:00
10,Frecuencia respiratoria,9279-1,17,/min,2026-07-12T06:37:00-05:00
10,Saturación de oxígeno,59408-5,96,%,2026-07-12T06:37:00-05:00
10,Temperatura corporal,8310-5,38.2,Cel,2026-07-12T06:37:00-05:00
10,Escala de Glasgow,9269-2,15,{score},2026-07-12T06:37:00-05:00
11,Frecuencia cardiaca,8867-4,136,/min,2026-08-09T17:42:00-05:00
11,Presión arterial sistólica,8480-6,119,mm[Hg],2026-08-09T17:42:00-05:00
11,Presión arterial diastólica,8462-4,82,mm[Hg],2026-08-09T17:42:00-05:00
11,Frecuencia respiratoria,9279-1,21,/min,2026-08-09T17:42:00-05:00
11,Saturación de oxígeno,59408-5,93,%,2026-08-09T17:42:00-05:00
11,Temperatura corporal,8310-5,36.9,Cel,2026-08-09T17:42:00-05:00
11,Escala de Glasgow,9269-2,15,{score},2026-08-09T17:42:00-05:00
12,Frecuencia cardiaca,8867-4,76,/min,2026-07-16T13:24:00-05:00
12,Presión arterial sistólica,8480-6,110,mm[Hg],2026-07-16T13:24:00-05:00
12,Presión arterial diastólica,8462-4,74,mm[Hg],2026-07-16T13:24:00-05:00
12,Frecuencia respiratoria,9279-1,17,/min,2026-07-16T13:24:00-05:00
12,Saturación de oxígeno,59408-5,95,%,2026-07-16T13:24:00-05:00
12,Temperatura corporal,8310-5,37.2,Cel,2026-07-16T13:24:00-05:00
12,Escala de Glasgow,9269-2,15,{score},2026-07-16T13:24:00-05:00
13,Frecuencia cardiaca,8867-4,82,/min,2026-06-30T05:31:00-05:00
13,Presión arterial sistólica,8480-6,122,mm[Hg],2026-06-30T05:31:00-05:00
13,Presión arterial diastólica,8462-4,79,mm[Hg],2026-06-30T05:31:00-05:00
13,Frecuencia respiratoria,9279-1,17,/min,2026-06-30T05:31:00-05:00
13,Saturación de oxígeno,59408-5,95,%,2026-06-30T05:31:00-05:00
13,Temperatura corporal,8310-5,36.3,Cel,2026-06-30T05:31:00-05:00
13,Escala de Glasgow,9269-2,14,{score},2026-06-30T05:31:00-05:00
14,Frecuencia cardiaca,8867-4,106,/min,2026-05-27T14:37:00-05:00
14,Presión arterial sistólica,8480-6,120,mm[Hg],2026-05-27T14:37:00-05:00
14,Presión arterial diastólica,8462-4,68,mm[Hg],2026-05-27T14:37:00-05:00
14,Frecuencia respiratoria,9279-1,26,/min,2026-05-27T14:37:00-05:00
14,Saturación de oxígeno,59408-5,86,%,2026-05-27T14:37:00-05:00
14,Temperatura corporal,8310-5,39.9,Cel,2026-05-27T14:37:00-05:00
14,Escala de Glasgow,9269-2,9,{score},2026-05-27T14:37:00-05:00
15,Frecuencia cardiaca,8867-4,96,/min,2026-06-14T03:39:00-05:00
15,Presión arterial sistólica,8480-6,107,mm[Hg],2026-06-14T03:39:00-05:00
15,Presión arterial diastólica,8462-4,75,mm[Hg],2026-06-14T03:39:00-05:00
15,Frecuencia respiratoria,9279-1,22,/min,2026-06-14T03:39:00-05:00
15,Saturación de oxígeno,59408-5,100,%,2026-06-14T03:39:00-05:00
15,Temperatura corporal,8310-5,37.3,Cel,2026-06-14T03:39:00-05:00
15,Escala de Glasgow,9269-2,13,{score},2026-06-14T03:39:00-05:00
16,Frecuencia cardiaca,8867-4,106,/min,2026-04-13T12:40:00-05:00
16,Presión arterial sistólica,8480-6,119,mm[Hg],2026-04-13T12:40:00-05:00
16,Presión arterial diastólica,8462-4,77,mm[Hg],2026-04-13T12:40:00-05:00
16,Frecuencia respiratoria,9279-1,18,/min,2026-04-13T12:40:00-05:00
16,Saturación de oxígeno,59408-5,96,%,2026-04-13T12:40:00-05:00
16,Temperatura corporal,8310-5,36.6,Cel,2026-04-13T12:40:00-05:00
16,Escala de Glasgow,9269-2,14,{score},2026-04-13T12:40:00-05:00
17,Frecuencia cardiaca,8867-4,106,/min,2026-06-08T07:35:00-05:00
17,Presión arterial sistólica,8480-6,89,mm[Hg],2026-06-08T07:35:00-05:00
17,Presión arterial diastólica,8462-4,59,mm[Hg],2026-06-08T07:35:00-05:00
17,Frecuencia respiratoria,9279-1,18,/min,2026-06-08T07:35:00-05:00
17,Saturación de oxígeno,59408-5,90,%,2026-06-08T07:35:00-05:00
17,Temperatura corporal,8310-5,38.4,Cel,2026-06-08T07:35:00-05:00
17,Escala de Glasgow,9269-2,9,{score},2026-06-08T07:35:00-05:00
18,Frecuencia cardiaca,8867-4,119,/min,2026-06-28T17:50:00-05:00
18,Presión arterial sistólica,8480-6,128,mm[Hg],2026-06-28T17:50:00-05:00
18,Presión arterial diastólica,8462-4,58,mm[Hg],2026-06-28T17:50:00-05:00
18,Frecuencia respiratoria,9279-1,27,/min,2026-06-28T17:50:00-05:00
18,Saturación de oxígeno,59408-5,89,%,2026-06-28T17:50:00-05:00
18,Temperatura corporal,8310-5,36.5,Cel,2026-06-28T17:50:00-05:00
18,Escala de Glasgow,9269-2,12,{score},2026-06-28T17:50:00-05:00
19,Frecuencia cardiaca,8867-4,108,/min,2026-09-09T18:49:00-05:00
19,Presión arterial sistólica,8480-6,87,mm[Hg],2026-09-09T18:49:00-05:00
19,Presión arterial diastólica,8462-4,72,mm[Hg],2026-09-09T18:49:00-05:00
19,Frecuencia respiratoria,9279-1,20,/min,2026-09-09T18:49:00-05:00
19,Saturación de oxígeno,59408-5,86,%,2026-09-09T18:49:00-05:00
19,Temperatura corporal,8310-5,39.3,Cel,2026-09-09T18:49:00-05:00
19,Escala de Glasgow,9269-2,10,{score},2026-09-09T18:49:00-05:00
20,Frecuencia cardiaca,8867-4,83,/min,2026-08-13T03:23:00-05:00
20,Presión arterial sistólica,8480-6,154,mm[Hg],2026-08-13T03:23:00-05:00
20,Presión arterial diastólica,8462-4,56,mm[Hg],2026-08-13T03:23:00-05:00
20,Frecuencia respiratoria,9279-1,18,/min,2026-08-13T03:23:00-05:00
20,Saturación de oxígeno,59408-5,93,%,2026-08-13T03:23:00-05:00
20,Temperatura corporal,8310-5,36.8,Cel,2026-08-13T03:23:00-05:00
20,Escala de Glasgow,9269-2,15,{score},2026-08-13T03:23:00-05:00
21,Frecuencia cardiaca,8867-4,89,/min,2026-03-30T08:00:00-05:00
21,Presión arterial sistólica,8480-6,129,mm[Hg],2026-03-30T08:00:00-05:00
21,Presión arterial diastólica,8462-4,77,mm[Hg],2026-03-30T08:00:00-05:00
21,Frecuencia respiratoria,9279-1,19,/min,2026-03-30T08:00:00-05:00
21,Saturación de oxígeno,59408-5,93,%,2026-03-30T08:00:00-05:00
21,Temperatura corporal,8310-5,37.7,Cel,2026-03-30T08:00:00-05:00
21,Escala de Glasgow,9269-2,14,{score},2026-03-30T08:00:00-05:00
22,Frecuencia cardiaca,8867-4,94,/min,2026-03-10T09:26:00-05:00
22,Presión arterial sistólica,8480-6,128,mm[Hg],2026-03-10T09:26:00-05:00
22,Presión arterial diastólica,8462-4,63,mm[Hg],2026-03-10T09:26:00-05:00
22,Frecuencia respiratoria,9279-1,24,/min,2026-03-10T09:26:00-05:00
22,Saturación de oxígeno,59408-5,89,%,2026-03-10T09:26:00-05:00
22,Temperatura corporal,8310-5,38.3,Cel,2026-03-10T09:26:00-05:00
22,Escala de Glasgow,9269-2,12,{score},2026-03-10T09:26:00-05:00
23,Frecuencia cardiaca,8867-4,120,/min,2026-07-13T10:10:00-05:00
23,Presión arterial sistólica,8480-6,71,mm[Hg],2026-07-13T10:10:00-05:00
23,Presión arterial diastólica,8462-4,56,mm[Hg],2026-07-13T10:10:00-05:00
23,Frecuencia respiratoria,9279-1,26,/min,2026-07-13T10:10:00-05:00
23,Saturación de oxígeno,59408-5,86,%,2026-07-13T10:10:00-05:00
23,Temperatura corporal,8310-5,38.2,Cel,2026-07-13T10:10:00-05:00
23,Escala de Glasgow,9269-2,10,{score},2026-07-13T10:10:00-05:00
24,Frecuencia cardiaca,8867-4,107,/min,2026-03-17T17:03:00-05:00
24,Presión arterial sistólica,8480-6,125,mm[Hg],2026-03-17T17:03:00-05:00
24,Presión arterial diastólica,8462-4,67,mm[Hg],2026-03-17T17:03:00-05:00
24,Frecuencia respiratoria,9279-1,27,/min,2026-03-17T17:03:00-05:00
24,Saturación de oxígeno,59408-5,90,%,2026-03-17T17:03:00-05:00
24,Temperatura corporal,8310-5,36.0,Cel,2026-03-17T17:03:00-05:00
24,Escala de Glasgow,9269-2,14,{score},2026-03-17T17:03:00-05:00
25,Frecuencia cardiaca,8867-4,106,/min,2026-05-21T16:53:00-05:00
25,Presión arterial sistólica,8480-6,107,mm[Hg],2026-05-21T16:53:00-05:00
25,Presión arterial diastólica,8462-4,60,mm[Hg],2026-05-21T16:53:00-05:00
25,Frecuencia respiratoria,9279-1,23,/min,2026-05-21T16:53:00-05:00
25,Saturación de oxígeno,59408-5,84,%,2026-05-21T16:53:00-05:00
25,Temperatura corporal,8310-5,39.0,Cel,2026-05-21T16:53:00-05:00
25,Escala de Glasgow,9269-2,10,{score},2026-05-21T16:53:00-05:00
26,Frecuencia cardiaca,8867-4,60,/min,2026-04-01T05:25:00-05:00
26,Presión arterial sistólica,8480-6,152,mm[Hg],2026-04-01T05:25:00-05:00
26,Presión arterial diastólica,8462-4,64,mm[Hg],2026-04-01T05:25:00-05:00
26,Frecuencia respiratoria,9279-1,19,/min,2026-04-01T05:25:00-05:00
26,Saturación de oxígeno,59408-5,96,%,2026-04-01T05:25:00-05:00
26,Temperatura corporal,8310-5,36.7,Cel,2026-04-01T05:25:00-05:00
26,Escala de Glasgow,9269-2,14,{score},2026-04-01T05:25:00-05:00
27,Frecuencia cardiaca,8867-4,111,/min,2026-05-07T10:35:00-05:00
27,Presión arterial sistólica,8480-6,116,mm[Hg],2026-05-07T10:35:00-05:00
27,Presión arterial diastólica,8462-4,68,mm[Hg],2026-05-07T10:35:00-05:00
27,Frecuencia respiratoria,9279-1,23,/min,2026-05-07T10:35:00-05:00
27,Saturación de oxígeno,59408-5,94,%,2026-05-07T10:35:00-05:00
27,Temperatura corporal,8310-5,38.6,Cel,2026-05-07T10:35:00-05:00
27,Escala de Glasgow,9269-2,13,{score},2026-05-07T10:35:00-05:00
28,Frecuencia cardiaca,8867-4,98,/min,2026-05-03T07:16:00-05:00
28,Presión arterial sistólica,8480-6,116,mm[Hg],2026-05-03T07:16:00-05:00
28,Presión arterial diastólica,8462-4,72,mm[Hg],2026-05-03T07:16:00-05:00
28,Frecuencia respiratoria,9279-1,15,/min,2026-05-03T07:16:00-05:00
28,Saturación de oxígeno,59408-5,92,%,2026-05-03T07:16:00-05:00
28,Temperatura corporal,8310-5,36.6,Cel,2026-05-03T07:16:00-05:00
28,Escala de Glasgow,9269-2,15,{score},2026-05-03T07:16:00-05:00
29,Frecuencia cardiaca,8867-4,101,/min,2026-09-06T01:40:00-05:00
29,Presión arterial sistólica,8480-6,118,mm[Hg],2026-09-06T01:40:00-05:00
29,Presión arterial diastólica,8462-4,71,mm[Hg],2026-09-06T01:40:00-05:00
29,Frecuencia respiratoria,9279-1,22,/min,2026-09-06T01:40:00-05:00
29,Saturación de oxígeno,59408-5,99,%,2026-09-06T01:40:00-05:00
29,Temperatura corporal,8310-5,37.8,Cel,2026-09-06T01:40:00-05:00
29,Escala de Glasgow,9269-2,12,{score},2026-09-06T01:40:00-05:00
30,Frecuencia cardiaca,8867-4,89,/min,2026-03-08T09:00:00-05:00
30,Presión arterial sistólica,8480-6,123,mm[Hg],2026-03-08T09:00:00-05:00
30,Presión arterial diastólica,8462-4,76,mm[Hg],2026-03-08T09:00:00-05:00
30,Frecuencia respiratoria,9279-1,20,/min,2026-03-08T09:00:00-05:00
30,Saturación de oxígeno,59408-5,96,%,2026-03-08T09:00:00-05:00
30,Temperatura corporal,8310-5,37.2,Cel,2026-03-08T09:00:00-05:00
30,Escala de Glasgow,9269-2,15,{score},2026-03-08T09:00:00-05:00
31,Frecuencia cardiaca,8867-4,99,/min,2026-03-24T14:30:00-05:00
31,Presión arterial sistólica,8480-6,126,mm[Hg],2026-03-24T14:30:00-05:00
31,Presión arterial diastólica,8462-4,63,mm[Hg],2026-03-24T14:30:00-05:00
31,Frecuencia respiratoria,9279-1,18,/min,2026-03-24T14:30:00-05:00
31,Saturación de oxígeno,59408-5,93,%,2026-03-24T14:30:00-05:00
31,Temperatura corporal,8310-5,36.6,Cel,2026-03-24T14:30:00-05:00
31,Escala de Glasgow,9269-2,15,{score},2026-03-24T14:30:00-05:00
32,Frecuencia cardiaca,8867-4,110,/min,2026-06-29T10:03:00-05:00
32,Presión arterial sistólica,8480-6,91,mm[Hg],2026-06-29T10:03:00-05:00
32,Presión arterial diastólica,8462-4,76,mm[Hg],2026-06-29T10:03:00-05:00
32,Frecuencia respiratoria,9279-1,18,/min,2026-06-29T10:03:00-05:00
32,Saturación de oxígeno,59408-5,97,%,2026-06-29T10:03:00-05:00
32,Temperatura corporal,8310-5,36.6,Cel,2026-06-29T10:03:00-05:00
32,Escala de Glasgow,9269-2,15,{score},2026-06-29T10:03:00-05:00
33,Frecuencia cardiaca,8867-4,93,/min,2026-06-05T13:25:00-05:00
33,Presión arterial sistólica,8480-6,108,mm[Hg],2026-06-05T13:25:00-05:00
33,Presión arterial diastólica,8462-4,78,mm[Hg],2026-06-05T13:25:00-05:00
33,Frecuencia respiratoria,9279-1,19,/min,2026-06-05T13:25:00-05:00
33,Saturación de oxígeno,59408-5,94,%,2026-06-05T13:25:00-05:00
33,Temperatura corporal,8310-5,36.4,Cel,2026-06-05T13:25:00-05:00
33,Escala de Glasgow,9269-2,15,{score},2026-06-05T13:25:00-05:00
34,Frecuencia cardiaca,8867-4,118,/min,2026-08-13T00:19:00-05:00
34,Presión arterial sistólica,8480-6,105,mm[Hg],2026-08-13T00:19:00-05:00
34,Presión arterial diastólica,8462-4,64,mm[Hg],2026-08-13T00:19:00-05:00
34,Frecuencia respiratoria,9279-1,27,/min,2026-08-13T00:19:00-05:00
34,Saturación de oxígeno,59408-5,87,%,2026-08-13T00:19:00-05:00
34,Temperatura corporal,8310-5,38.6,Cel,2026-08-13T00:19:00-05:00
34,Escala de Glasgow,9269-2,12,{score},2026-08-13T00:19:00-05:00
35,Frecuencia cardiaca,8867-4,110,/min,2026-04-02T10:02:00-05:00
35,Presión arterial sistólica,8480-6,135,mm[Hg],2026-04-02T10:02:00-05:00
35,Presión arterial diastólica,8462-4,77,mm[Hg],2026-04-02T10:02:00-05:00
35,Frecuencia respiratoria,9279-1,16,/min,2026-04-02T10:02:00-05:00
35,Saturación de oxígeno,59408-5,95,%,2026-04-02T10:02:00-05:00
35,Temperatura corporal,8310-5,35.6,Cel,2026-04-02T10:02:00-05:00
35,Escala de Glasgow,9269-2,15,{score},2026-04-02T10:02:00-05:00
36,Frecuencia cardiaca,8867-4,91,/min,2026-09-14T02:02:00-05:00
36,Presión arterial sistólica,8480-6,131,mm[Hg],2026-09-14T02:02:00-05:00
36,Presión arterial diastólica,8462-4,89,mm[Hg],2026-09-14T02:02:00-05:00
36,Frecuencia respiratoria,9279-1,20,/min,2026-09-14T02:02:00-05:00
36,Saturación de oxígeno,59408-5,96,%,2026-09-14T02:02:00-05:00
36,Temperatura corporal,8310-5,37.2,Cel,2026-09-14T02:02:00-05:00
36,Escala de Glasgow,9269-2,15,{score},2026-09-14T02:02:00-05:00
37,Frecuencia cardiaca,8867-4,74,/min,2026-03-30T06:32:00-05:00
37,Presión arterial sistólica,8480-6,135,mm[Hg],2026-03-30T06:32:00-05:00
37,Presión arterial diastólica,8462-4,81,mm[Hg],2026-03-30T06:32:00-05:00
37,Frecuencia respiratoria,9279-1,15,/min,2026-03-30T06:32:00-05:00
37,Saturación de oxígeno,59408-5,96,%,2026-03-30T06:32:00-05:00
37,Temperatura corporal,8310-5,37.2,Cel,2026-03-30T06:32:00-05:00
37,Escala de Glasgow,9269-2,15,{score},2026-03-30T06:32:00-05:00
38,Frecuencia cardiaca,8867-4,109,/min,2026-07-12T04:16:00-05:00
38,Presión arterial sistólica,8480-6,110,mm[Hg],2026-07-12T04:16:00-05:00
38,Presión arterial diastólica,8462-4,68,mm[Hg],2026-07-12T04:16:00-05:00
38,Frecuencia respiratoria,9279-1,25,/min,2026-07-12T04:16:00-05:00
38,Saturación de oxígeno,59408-5,97,%,2026-07-12T04:16:00-05:00
38,Temperatura corporal,8310-5,37.8,Cel,2026-07-12T04:16:00-05:00
38,Escala de Glasgow,9269-2,10,{score},2026-07-12T04:16:00-05:00
39,Frecuencia cardiaca,8867-4,86,/min,2026-07-02T19:25:00-05:00
39,Presión arterial sistólica,8480-6,135,mm[Hg],2026-07-02T19:25:00-05:00
39,Presión arterial diastólica,8462-4,81,mm[Hg],2026-07-02T19:25:00-05:00
39,Frecuencia respiratoria,9279-1,16,/min,2026-07-02T19:25:00-05:00
39,Saturación de oxígeno,59408-5,97,%,2026-07-02T19:25:00-05:00
39,Temperatura corporal,8310-5,36.1,Cel,2026-07-02T19:25:00-05:00
39,Escala de Glasgow,9269-2,15,{score},2026-07-02T19:25:00-05:00
40,Frecuencia cardiaca,8867-4,119,/min,2026-03-15T01:42:00-05:00
40,Presión arterial sistólica,8480-6,111,mm[Hg],2026-03-15T01:42:00-05:00
40,Presión arterial diastólica,8462-4,57,mm[Hg],2026-03-15T01:42:00-05:00
40,Frecuencia respiratoria,9279-1,19,/min,2026-03-15T01:42:00-05:00
40,Saturación de oxígeno,59408-5,91,%,2026-03-15T01:42:00-05:00
40,Temperatura corporal,8310-5,39.2,Cel,2026-03-15T01:42:00-05:00
40,Escala de Glasgow,9269-2,12,{score},2026-03-15T01:42:00-05:00
41,Frecuencia cardiaca,8867-4,104,/min,2026-08-27T08:54:00-05:00
41,Presión arterial sistólica,8480-6,116,mm[Hg],2026-08-27T08:54:00-05:00
41,Presión arterial diastólica,8462-4,59,mm[Hg],2026-08-27T08:54:00-05:00
41,Frecuencia respiratoria,9279-1,23,/min,2026-08-27T08:54:00-05:00
41,Saturación de oxígeno,59408-5,87,%,2026-08-27T08:54:00-05:00
41,Temperatura corporal,8310-5,38.2,Cel,2026-08-27T08:54:00-05:00
41,Escala de Glasgow,9269-2,13,{score},2026-08-27T08:54:00-05:00
42,Frecuencia cardiaca,8867-4,127,/min,2026-07-26T06:10:00-05:00
42,Presión arterial sistólica,8480-6,124,mm[Hg],2026-07-26T06:10:00-05:00
42,Presión arterial diastólica,8462-4,67,mm[Hg],2026-07-26T06:10:00-05:00
42,Frecuencia respiratoria,9279-1,25,/min,2026-07-26T06:10:00-05:00
42,Saturación de oxígeno,59408-5,83,%,2026-07-26T06:10:00-05:00
42,Temperatura corporal,8310-5,38.5,Cel,2026-07-26T06:10:00-05:00
42,Escala de Glasgow,9269-2,11,{score},2026-07-26T06:10:00-05:00
43,Frecuencia cardiaca,8867-4,125,/min,2026-04-25T13:55:00-05:00
43,Presión arterial sistólica,8480-6,71,mm[Hg],2026-04-25T13:55:00-05:00
43,Presión arterial diastólica,8462-4,56,mm[Hg],2026-04-25T13:55:00-05:00
43,Frecuencia respiratoria,9279-1,24,/min,2026-04-25T13:55:00-05:00
43,Saturación de oxígeno,59408-5,96,%,2026-04-25T13:55:00-05:00
43,Temperatura corporal,8310-5,38.1,Cel,2026-04-25T13:55:00-05:00
43,Escala de Glasgow,9269-2,13,{score},2026-04-25T13:55:00-05:00
44,Frecuencia cardiaca,8867-4,125,/min,2026-08-03T02:58:00-05:00
44,Presión arterial sistólica,8480-6,105,mm[Hg],2026-08-03T02:58:00-05:00
44,Presión arterial diastólica,8462-4,60,mm[Hg],2026-08-03T02:58:00-05:00
44,Frecuencia respiratoria,9279-1,31,/min,2026-08-03T02:58:00-05:00
44,Saturación de oxígeno,59408-5,92,%,2026-08-03T02:58:00-05:00
44,Temperatura corporal,8310-5,38.7,Cel,2026-08-03T02:58:00-05:00
44,Escala de Glasgow,9269-2,10,{score},2026-08-03T02:58:00-05:00
45,Frecuencia cardiaca,8867-4,112,/min,2026-07-23T16:20:00-05:00
45,Presión arterial sistólica,8480-6,102,mm[Hg],2026-07-23T16:20:00-05:00
45,Presión arterial diastólica,8462-4,67,mm[Hg],2026-07-23T16:20:00-05:00
45,Frecuencia respiratoria,9279-1,25,/min,2026-07-23T16:20:00-05:00
45,Saturación de oxígeno,59408-5,94,%,2026-07-23T16:20:00-05:00
45,Temperatura corporal,8310-5,37.1,Cel,2026-07-23T16:20:00-05:00
45,Escala de Glasgow,9269-2,12,{score},2026-07-23T16:20:00-05:00
46,Frecuencia cardiaca,8867-4,113,/min,2026-08-27T20:39:00-05:00
46,Presión arterial sistólica,8480-6,102,mm[Hg],2026-08-27T20:39:00-05:00
46,Presión arterial diastólica,8462-4,67,mm[Hg],2026-08-27T20:39:00-05:00
46,Frecuencia respiratoria,9279-1,21,/min,2026-08-27T20:39:00-05:00
46,Saturación de oxígeno,59408-5,93,%,2026-08-27T20:39:00-05:00
46,Temperatura corporal,8310-5,38.5,Cel,2026-08-27T20:39:00-05:00
46,Escala de Glasgow,9269-2,14,{score},2026-08-27T20:39:00-05:00
47,Frecuencia cardiaca,8867-4,127,/min,2026-06-18T13:14:00-05:00
47,Presión arterial sistólica,8480-6,107,mm[Hg],2026-06-18T13:14:00-05:00
47,Presión arterial diastólica,8462-4,67,mm[Hg],2026-06-18T13:14:00-05:00
47,Frecuencia respiratoria,9279-1,20,/min,2026-06-18T13:14:00-05:00
47,Saturación de oxígeno,59408-5,92,%,2026-06-18T13:14:00-05:00
47,Temperatura corporal,8310-5,36.3,Cel,2026-06-18T13:14:00-05:00
47,Escala de Glasgow,9269-2,10,{score},2026-06-18T13:14:00-05:00
48,Frecuencia cardiaca,8867-4,66,/min,2026-07-05T03:31:00-05:00
48,Presión arterial sistólica,8480-6,93,mm[Hg],2026-07-05T03:31:00-05:00
48,Presión arterial diastólica,8462-4,62,mm[Hg],2026-07-05T03:31:00-05:00
48,Frecuencia respiratoria,9279-1,25,/min,2026-07-05T03:31:00-05:00
48,Saturación de oxígeno,59408-5,90,%,2026-07-05T03:31:00-05:00
48,Temperatura corporal,8310-5,36.9,Cel,2026-07-05T03:31:00-05:00
48,Escala de Glasgow,9269-2,13,{score},2026-07-05T03:31:00-05:00
49,Frecuencia cardiaca,8867-4,103,/min,2026-03-11T00:04:00-05:00
49,Presión arterial sistólica,8480-6,90,mm[Hg],2026-03-11T00:04:00-05:00
49,Presión arterial diastólica,8462-4,67,mm[Hg],2026-03-11T00:04:00-05:00
49,Frecuencia respiratoria,9279-1,21,/min,2026-03-11T00:04:00-05:00
49,Saturación de oxígeno,59408-5,89,%,2026-03-11T00:04:00-05:00
49,Temperatura corporal,8310-5,38.8,Cel,2026-03-11T00:04:00-05:00
49,Escala de Glasgow,9269-2,10,{score},2026-03-11T00:04:00-05:00
50,Frecuencia cardiaca,8867-4,129,/min,2026-05-23T20:32:00-05:00
50,Presión arterial sistólica,8480-6,80,mm[Hg],2026-05-23T20:32:00-05:00
50,Presión arterial diastólica,8462-4,63,mm[Hg],2026-05-23T20:32:00-05:00
50,Frecuencia respiratoria,9279-1,19,/min,2026-05-23T20:32:00-05:00
50,Saturación de oxígeno,59408-5,89,%,2026-05-23T20:32:00-05:00
50,Temperatura corporal,8310-5,37.9,Cel,2026-05-23T20:32:00-05:00
50,Escala de Glasgow,9269-2,9,{score},2026-05-23T20:32:00-05:00
51,Frecuencia cardiaca,8867-4,125,/min,2026-05-12T02:50:00-05:00
51,Presión arterial sistólica,8480-6,60,mm[Hg],2026-05-12T02:50:00-05:00
51,Presión arterial diastólica,8462-4,45,mm[Hg],2026-05-12T02:50:00-05:00
51,Frecuencia respiratoria,9279-1,28,/min,2026-05-12T02:50:00-05:00
51,Saturación de oxígeno,59408-5,87,%,2026-05-12T02:50:00-05:00
51,Temperatura corporal,8310-5,37.8,Cel,2026-05-12T02:50:00-05:00
51,Escala de Glasgow,9269-2,14,{score},2026-05-12T02:50:00-05:00
52,Frecuencia cardiaca,8867-4,135,/min,2026-08-08T09:52:00-05:00
52,Presión arterial sistólica,8480-6,71,mm[Hg],2026-08-08T09:52:00-05:00
52,Presión arterial diastólica,8462-4,56,mm[Hg],2026-08-08T09:52:00-05:00
52,Frecuencia respiratoria,9279-1,30,/min,2026-08-08T09:52:00-05:00
52,Saturación de oxígeno,59408-5,87,%,2026-08-08T09:52:00-05:00
52,Temperatura corporal,8310-5,38.3,Cel,2026-08-08T09:52:00-05:00
52,Escala de Glasgow,9269-2,12,{score},2026-08-08T09:52:00-05:00
53,Frecuencia cardiaca,8867-4,89,/min,2026-06-21T17:53:00-05:00
53,Presión arterial sistólica,8480-6,135,mm[Hg],2026-06-21T17:53:00-05:00
53,Presión arterial diastólica,8462-4,69,mm[Hg],2026-06-21T17:53:00-05:00
53,Frecuencia respiratoria,9279-1,18,/min,2026-06-21T17:53:00-05:00
53,Saturación de oxígeno,59408-5,94,%,2026-06-21T17:53:00-05:00
53,Temperatura corporal,8310-5,37.5,Cel,2026-06-21T17:53:00-05:00
53,Escala de Glasgow,9269-2,15,{score},2026-06-21T17:53:00-05:00
54,Frecuencia cardiaca,8867-4,110,/min,2026-04-24T14:23:00-05:00
54,Presión arterial sistólica,8480-6,123,mm[Hg],2026-04-24T14:23:00-05:00
54,Presión arterial diastólica,8462-4,77,mm[Hg],2026-04-24T14:23:00-05:00
54,Frecuencia respiratoria,9279-1,23,/min,2026-04-24T14:23:00-05:00
54,Saturación de oxígeno,59408-5,88,%,2026-04-24T14:23:00-05:00
54,Temperatura corporal,8310-5,37.3,Cel,2026-04-24T14:23:00-05:00
54,Escala de Glasgow,9269-2,11,{score},2026-04-24T14:23:00-05:00
55,Frecuencia cardiaca,8867-4,120,/min,2026-05-15T20:35:00-05:00
55,Presión arterial sistólica,8480-6,84,mm[Hg],2026-05-15T20:35:00-05:00
55,Presión arterial diastólica,8462-4,66,mm[Hg],2026-05-15T20:35:00-05:00
55,Frecuencia respiratoria,9279-1,28,/min,2026-05-15T20:35:00-05:00
55,Saturación de oxígeno,59408-5,86,%,2026-05-15T20:35:00-05:00
55,Temperatura corporal,8310-5,37.2,Cel,2026-05-15T20:35:00-05:00
55,Escala de Glasgow,9269-2,9,{score},2026-05-15T20:35:00-05:00
56,Frecuencia cardiaca,8867-4,93,/min,2026-06-08T15:24:00-05:00
56,Presión arterial sistólica,8480-6,120,mm[Hg],2026-06-08T15:24:00-05:00
56,Presión arterial diastólica,8462-4,84,mm[Hg],2026-06-08T15:24:00-05:00
56,Frecuencia respiratoria,9279-1,15,/min,2026-06-08T15:24:00-05:00
56,Saturación de oxígeno,59408-5,96,%,2026-06-08T15:24:00-05:00
56,Temperatura corporal,8310-5,36.4,Cel,2026-06-08T15:24:00-05:00
56,Escala de Glasgow,9269-2,15,{score},2026-06-08T15:24:00-05:00
57,Frecuencia cardiaca,8867-4,87,/min,2026-03-12T14:21:00-05:00
57,Presión arterial sistólica,8480-6,139,mm[Hg],2026-03-12T14:21:00-05:00
57,Presión arterial diastólica,8462-4,99,mm[Hg],2026-03-12T14:21:00-05:00
57,Frecuencia respiratoria,9279-1,23,/min,2026-03-12T14:21:00-05:00
57,Saturación de oxígeno,59408-5,93,%,2026-03-12T14:21:00-05:00
57,Temperatura corporal,8310-5,37.0,Cel,2026-03-12T14:21:00-05:00
57,Escala de Glasgow,9269-2,15,{score},2026-03-12T14:21:00-05:00
58,Frecuencia cardiaca,8867-4,96,/min,2026-04-30T01:20:00-05:00
58,Presión arterial sistólica,8480-6,116,mm[Hg],2026-04-30T01:20:00-05:00
58,Presión arterial diastólica,8462-4,89,mm[Hg],2026-04-30T01:20:00-05:00
58,Frecuencia respiratoria,9279-1,20,/min,2026-04-30T01:20:00-05:00
58,Saturación de oxígeno,59408-5,95,%,2026-04-30T01:20:00-05:00
58,Temperatura corporal,8310-5,37.3,Cel,2026-04-30T01:20:00-05:00
58,Escala de Glasgow,9269-2,15,{score},2026-04-30T01:20:00-05:00
59,Frecuencia cardiaca,8867-4,128,/min,2026-06-25T11:05:00-05:00
59,Presión arterial sistólica,8480-6,62,mm[Hg],2026-06-25T11:05:00-05:00
59,Presión arterial diastólica,8462-4,47,mm[Hg],2026-06-25T11:05:00-05:00
59,Frecuencia respiratoria,9279-1,24,/min,2026-06-25T11:05:00-05:00
59,Saturación de oxígeno,59408-5,84,%,2026-06-25T11:05:00-05:00
59,Temperatura corporal,8310-5,38.9,Cel,2026-06-25T11:05:00-05:00
59,Escala de Glasgow,9269-2,10,{score},2026-06-25T11:05:00-05:00
60,Frecuencia cardiaca,8867-4,96,/min,2026-09-15T09:39:00-05:00
60,Presión arterial sistólica,8480-6,90,mm[Hg],2026-09-15T09:39:00-05:00
60,Presión arterial diastólica,8462-4,64,mm[Hg],2026-09-15T09:39:00-05:00
60,Frecuencia respiratoria,9279-1,24,/min,2026-09-15T09:39:00-05:00
60,Saturación de oxígeno,59408-5,94,%,2026-09-15T09:39:00-05:00
60,Temperatura corporal,8310-5,37.9,Cel,2026-09-15T09:39:00-05:00
60,Escala de Glasgow,9269-2,10,{score},2026-09-15T09:39:00-05:00
61,Frecuencia cardiaca,8867-4,86,/min,2026-09-02T19:42:00-05:00
61,Presión arterial sistólica,8480-6,99,mm[Hg],2026-09-02T19:42:00-05:00
61,Presión arterial diastólica,8462-4,60,mm[Hg],2026-09-02T19:42:00-05:00
61,Frecuencia respiratoria,9279-1,20,/min,2026-09-02T19:42:00-05:00
61,Saturación de oxígeno,59408-5,93,%,2026-09-02T19:42:00-05:00
61,Temperatura corporal,8310-5,37.5,Cel,2026-09-02T19:42:00-05:00
61,Escala de Glasgow,9269-2,12,{score},2026-09-02T19:42:00-05:00
62,Frecuencia cardiaca,8867-4,93,/min,2026-06-17T17:05:00-05:00
62,Presión arterial sistólica,8480-6,127,mm[Hg],2026-06-17T17:05:00-05:00
62,Presión arterial diastólica,8462-4,72,mm[Hg],2026-06-17T17:05:00-05:00
62,Frecuencia respiratoria,9279-1,24,/min,2026-06-17T17:05:00-05:00
62,Saturación de oxígeno,59408-5,98,%,2026-06-17T17:05:00-05:00
62,Temperatura corporal,8310-5,37.2,Cel,2026-06-17T17:05:00-05:00
62,Escala de Glasgow,9269-2,15,{score},2026-06-17T17:05:00-05:00
63,Frecuencia cardiaca,8867-4,96,/min,2026-07-01T11:02:00-05:00
63,Presión arterial sistólica,8480-6,144,mm[Hg],2026-07-01T11:02:00-05:00
63,Presión arterial diastólica,8462-4,64,mm[Hg],2026-07-01T11:02:00-05:00
63,Frecuencia respiratoria,9279-1,18,/min,2026-07-01T11:02:00-05:00
63,Saturación de oxígeno,59408-5,96,%,2026-07-01T11:02:00-05:00
63,Temperatura corporal,8310-5,36.5,Cel,2026-07-01T11:02:00-05:00
63,Escala de Glasgow,9269-2,15,{score},2026-07-01T11:02:00-05:00
64,Frecuencia cardiaca,8867-4,82,/min,2026-03-16T15:55:00-05:00
64,Presión arterial sistólica,8480-6,129,mm[Hg],2026-03-16T15:55:00-05:00
64,Presión arterial diastólica,8462-4,75,mm[Hg],2026-03-16T15:55:00-05:00
64,Frecuencia respiratoria,9279-1,21,/min,2026-03-16T15:55:00-05:00
64,Saturación de oxígeno,59408-5,94,%,2026-03-16T15:55:00-05:00
64,Temperatura corporal,8310-5,36.1,Cel,2026-03-16T15:55:00-05:00
64,Escala de Glasgow,9269-2,15,{score},2026-03-16T15:55:00-05:00
65,Frecuencia cardiaca,8867-4,92,/min,2026-06-22T02:57:00-05:00
65,Presión arterial sistólica,8480-6,132,mm[Hg],2026-06-22T02:57:00-05:00
65,Presión arterial diastólica,8462-4,67,mm[Hg],2026-06-22T02:57:00-05:00
65,Frecuencia respiratoria,9279-1,15,/min,2026-06-22T02:57:00-05:00
65,Saturación de oxígeno,59408-5,94,%,2026-06-22T02:57:00-05:00
65,Temperatura corporal,8310-5,37.4,Cel,2026-06-22T02:57:00-05:00
65,Escala de Glasgow,9269-2,15,{score},2026-06-22T02:57:00-05:00
66,Frecuencia cardiaca,8867-4,120,/min,2026-06-02T04:57:00-05:00
66,Presión arterial sistólica,8480-6,73,mm[Hg],2026-06-02T04:57:00-05:00
66,Presión arterial diastólica,8462-4,58,mm[Hg],2026-06-02T04:57:00-05:00
66,Frecuencia respiratoria,9279-1,26,/min,2026-06-02T04:57:00-05:00
66,Saturación de oxígeno,59408-5,90,%,2026-06-02T04:57:00-05:00
66,Temperatura corporal,8310-5,37.6,Cel,2026-06-02T04:57:00-05:00
66,Escala de Glasgow,9269-2,8,{score},2026-06-02T04:57:00-05:00
67,Frecuencia cardiaca,8867-4,91,/min,2026-05-12T07:07:00-05:00
67,Presión arterial sistólica,8480-6,112,mm[Hg],2026-05-12T07:07:00-05:00
67,Presión arterial diastólica,8462-4,67,mm[Hg],2026-05-12T07:07:00-05:00
67,Frecuencia respiratoria,9279-1,19,/min,2026-05-12T07:07:00-05:00
67,Saturación de oxígeno,59408-5,99,%,2026-05-12T07:07:00-05:00
67,Temperatura corporal,8310-5,37.7,Cel,2026-05-12T07:07:00-05:00
67,Escala de Glasgow,9269-2,14,{score},2026-05-12T07:07:00-05:00
68,Frecuencia cardiaca,8867-4,97,/min,2026-06-14T08:02:00-05:00
68,Presión arterial sistólica,8480-6,121,mm[Hg],2026-06-14T08:02:00-05:00
68,Presión arterial diastólica,8462-4,73,mm[Hg],2026-06-14T08:02:00-05:00
68,Frecuencia respiratoria,9279-1,20,/min,2026-06-14T08:02:00-05:00
68,Saturación de oxígeno,59408-5,93,%,2026-06-14T08:02:00-05:00
68,Temperatura corporal,8310-5,38.6,Cel,2026-06-14T08:02:00-05:00
68,Escala de Glasgow,9269-2,10,{score},2026-06-14T08:02:00-05:00
69,Frecuencia cardiaca,8867-4,119,/min,2026-05-18T20:58:00-05:00
69,Presión arterial sistólica,8480-6,99,mm[Hg],2026-05-18T20:58:00-05:00
69,Presión arterial diastólica,8462-4,78,mm[Hg],2026-05-18T20:58:00-05:00
69,Frecuencia respiratoria,9279-1,27,/min,2026-05-18T20:58:00-05:00
69,Saturación de oxígeno,59408-5,85,%,2026-05-18T20:58:00-05:00
69,Temperatura corporal,8310-5,38.2,Cel,2026-05-18T20:58:00-05:00
69,Escala de Glasgow,9269-2,12,{score},2026-05-18T20:58:00-05:00
70,Frecuencia cardiaca,8867-4,71,/min,2026-03-09T04:19:00-05:00
70,Presión arterial sistólica,8480-6,101,mm[Hg],2026-03-09T04:19:00-05:00
70,Presión arterial diastólica,8462-4,69,mm[Hg],2026-03-09T04:19:00-05:00
70,Frecuencia respiratoria,9279-1,20,/min,2026-03-09T04:19:00-05:00
70,Saturación de oxígeno,59408-5,96,%,2026-03-09T04:19:00-05:00
70,Temperatura corporal,8310-5,36.6,Cel,2026-03-09T04:19:00-05:00
70,Escala de Glasgow,9269-2,15,{score},2026-03-09T04:19:00-05:00
71,Frecuencia cardiaca,8867-4,93,/min,2026-05-28T03:00:00-05:00
71,Presión arterial sistólica,8480-6,128,mm[Hg],2026-05-28T03:00:00-05:00
71,Presión arterial diastólica,8462-4,62,mm[Hg],2026-05-28T03:00:00-05:00
71,Frecuencia respiratoria,9279-1,19,/min,2026-05-28T03:00:00-05:00
71,Saturación de oxígeno,59408-5,96,%,2026-05-28T03:00:00-05:00
71,Temperatura corporal,8310-5,37.4,Cel,2026-05-28T03:00:00-05:00
71,Escala de Glasgow,9269-2,14,{score},2026-05-28T03:00:00-05:00
72,Frecuencia cardiaca,8867-4,136,/min,2026-05-08T16:27:00-05:00
72,Presión arterial sistólica,8480-6,78,mm[Hg],2026-05-08T16:27:00-05:00
72,Presión arterial diastólica,8462-4,52,mm[Hg],2026-05-08T16:27:00-05:00
72,Frecuencia respiratoria,9279-1,19,/min,2026-05-08T16:27:00-05:00
72,Saturación de oxígeno,59408-5,93,%,2026-05-08T16:27:00-05:00
72,Temperatura corporal,8310-5,39.0,Cel,2026-05-08T16:27:00-05:00
72,Escala de Glasgow,9269-2,8,{score},2026-05-08T16:27:00-05:00
73,Frecuencia cardiaca,8867-4,92,/min,2026-08-27T11:43:00-05:00
73,Presión arterial sistólica,8480-6,125,mm[Hg],2026-08-27T11:43:00-05:00
73,Presión arterial diastólica,8462-4,82,mm[Hg],2026-08-27T11:43:00-05:00
73,Frecuencia respiratoria,9279-1,15,/min,2026-08-27T11:43:00-05:00
73,Saturación de oxígeno,59408-5,97,%,2026-08-27T11:43:00-05:00
73,Temperatura corporal,8310-5,37.1,Cel,2026-08-27T11:43:00-05:00
73,Escala de Glasgow,9269-2,14,{score},2026-08-27T11:43:00-05:00
74,Frecuencia cardiaca,8867-4,100,/min,2026-09-05T08:44:00-05:00
74,Presión arterial sistólica,8480-6,124,mm[Hg],2026-09-05T08:44:00-05:00
74,Presión arterial diastólica,8462-4,75,mm[Hg],2026-09-05T08:44:00-05:00
74,Frecuencia respiratoria,9279-1,17,/min,2026-09-05T08:44:00-05:00
74,Saturación de oxígeno,59408-5,90,%,2026-09-05T08:44:00-05:00
74,Temperatura corporal,8310-5,37.4,Cel,2026-09-05T08:44:00-05:00
74,Escala de Glasgow,9269-2,15,{score},2026-09-05T08:44:00-05:00
75,Frecuencia cardiaca,8867-4,128,/min,2026-04-30T09:27:00-05:00
75,Presión arterial sistólica,8480-6,74,mm[Hg],2026-04-30T09:27:00-05:00
75,Presión arterial diastólica,8462-4,33,mm[Hg],2026-04-30T09:27:00-05:00
75,Frecuencia respiratoria,9279-1,26,/min,2026-04-30T09:27:00-05:00
75,Saturación de oxígeno,59408-5,87,%,2026-04-30T09:27:00-05:00
75,Temperatura corporal,8310-5,36.9,Cel,2026-04-30T09:27:00-05:00
75,Escala de Glasgow,9269-2,10,{score},2026-04-30T09:27:00-05:00
76,Frecuencia cardiaca,8867-4,89,/min,2026-07-06T06:49:00-05:00
76,Presión arterial sistólica,8480-6,136,mm[Hg],2026-07-06T06:49:00-05:00
76,Presión arterial diastólica,8462-4,68,mm[Hg],2026-07-06T06:49:00-05:00
76,Frecuencia respiratoria,9279-1,21,/min,2026-07-06T06:49:00-05:00
76,Saturación de oxígeno,59408-5,93,%,2026-07-06T06:49:00-05:00
76,Temperatura corporal,8310-5,37.3,Cel,2026-07-06T06:49:00-05:00
76,Escala de Glasgow,9269-2,15,{score},2026-07-06T06:49:00-05:00
77,Frecuencia cardiaca,8867-4,91,/min,2026-04-13T15:33:00-05:00
77,Presión arterial sistólica,8480-6,127,mm[Hg],2026-04-13T15:33:00-05:00
77,Presión arterial diastólica,8462-4,75,mm[Hg],2026-04-13T15:33:00-05:00
77,Frecuencia respiratoria,9279-1,14,/min,2026-04-13T15:33:00-05:00
77,Saturación de oxígeno,59408-5,91,%,2026-04-13T15:33:00-05:00
77,Temperatura corporal,8310-5,36.4,Cel,2026-04-13T15:33:00-05:00
77,Escala de Glasgow,9269-2,13,{score},2026-04-13T15:33:00-05:00
78,Frecuencia cardiaca,8867-4,92,/min,2026-09-02T19:46:00-05:00
78,Presión arterial sistólica,8480-6,89,mm[Hg],2026-09-02T19:46:00-05:00
78,Presión arterial diastólica,8462-4,61,mm[Hg],2026-09-02T19:46:00-05:00
78,Frecuencia respiratoria,9279-1,18,/min,2026-09-02T19:46:00-05:00
78,Saturación de oxígeno,59408-5,88,%,2026-09-02T19:46:00-05:00
78,Temperatura corporal,8310-5,36.2,Cel,2026-09-02T19:46:00-05:00
78,Escala de Glasgow,9269-2,15,{score},2026-09-02T19:46:00-05:00
79,Frecuencia cardiaca,8867-4,106,/min,2026-09-13T06:23:00-05:00
79,Presión arterial sistólica,8480-6,157,mm[Hg],2026-09-13T06:23:00-05:00
79,Presión arterial diastólica,8462-4,62,mm[Hg],2026-09-13T06:23:00-05:00
79,Frecuencia respiratoria,9279-1,21,/min,2026-09-13T06:23:00-05:00
79,Saturación de oxígeno,59408-5,92,%,2026-09-13T06:23:00-05:00
79,Temperatura corporal,8310-5,36.9,Cel,2026-09-13T06:23:00-05:00
79,Escala de Glasgow,9269-2,11,{score},2026-09-13T06:23:00-05:00
80,Frecuencia cardiaca,8867-4,116,/min,2026-03-23T10:44:00-05:00
80,Presión arterial sistólica,8480-6,128,mm[Hg],2026-03-23T10:44:00-05:00
80,Presión arterial diastólica,8462-4,81,mm[Hg],2026-03-23T10:44:00-05:00
80,Frecuencia respiratoria,9279-1,21,/min,2026-03-23T10:44:00-05:00
80,Saturación de oxígeno,59408-5,91,%,2026-03-23T10:44:00-05:00
80,Temperatura corporal,8310-5,37.4,Cel,2026-03-23T10:44:00-05:00
80,Escala de Glasgow,9269-2,14,{score},2026-03-23T10:44:00-05:00
81,Frecuencia cardiaca,8867-4,113,/min,2026-06-25T03:33:00-05:00
81,Presión arterial sistólica,8480-6,100,mm[Hg],2026-06-25T03:33:00-05:00
81,Presión arterial diastólica,8462-4,67,mm[Hg],2026-06-25T03:33:00-05:00
81,Frecuencia respiratoria,9279-1,16,/min,2026-06-25T03:33:00-05:00
81,Saturación de oxígeno,59408-5,94,%,2026-06-25T03:33:00-05:00
81,Temperatura corporal,8310-5,38.0,Cel,2026-06-25T03:33:00-05:00
81,Escala de Glasgow,9269-2,14,{score},2026-06-25T03:33:00-05:00
82,Frecuencia cardiaca,8867-4,85,/min,2026-03-20T10:30:00-05:00
82,Presión arterial sistólica,8480-6,141,mm[Hg],2026-03-20T10:30:00-05:00
82,Presión arterial diastólica,8462-4,75,mm[Hg],2026-03-20T10:30:00-05:00
82,Frecuencia respiratoria,9279-1,14,/min,2026-03-20T10:30:00-05:00
82,Saturación de oxígeno,59408-5,96,%,2026-03-20T10:30:00-05:00
82,Temperatura corporal,8310-5,36.7,Cel,2026-03-20T10:30:00-05:00
82,Escala de Glasgow,9269-2,14,{score},2026-03-20T10:30:00-05:00
83,Frecuencia cardiaca,8867-4,130,/min,2026-06-04T07:02:00-05:00
83,Presión arterial sistólica,8480-6,94,mm[Hg],2026-06-04T07:02:00-05:00
83,Presión arterial diastólica,8462-4,57,mm[Hg],2026-06-04T07:02:00-05:00
83,Frecuencia respiratoria,9279-1,25,/min,2026-06-04T07:02:00-05:00
83,Saturación de oxígeno,59408-5,84,%,2026-06-04T07:02:00-05:00
83,Temperatura corporal,8310-5,38.2,Cel,2026-06-04T07:02:00-05:00
83,Escala de Glasgow,9269-2,15,{score},2026-06-04T07:02:00-05:00
84,Frecuencia cardiaca,8867-4,124,/min,2026-06-25T00:17:00-05:00
84,Presión arterial sistólica,8480-6,122,mm[Hg],2026-06-25T00:17:00-05:00
84,Presión arterial diastólica,8462-4,65,mm[Hg],2026-06-25T00:17:00-05:00
84,Frecuencia respiratoria,9279-1,29,/min,2026-06-25T00:17:00-05:00
84,Saturación de oxígeno,59408-5,81,%,2026-06-25T00:17:00-05:00
84,Temperatura corporal,8310-5,38.7,Cel,2026-06-25T00:17:00-05:00
84,Escala de Glasgow,9269-2,6,{score},2026-06-25T00:17:00-05:00
85,Frecuencia cardiaca,8867-4,120,/min,2026-08-11T15:02:00-05:00
85,Presión arterial sistólica,8480-6,130,mm[Hg],2026-08-11T15:02:00-05:00
85,Presión arterial diastólica,8462-4,59,mm[Hg],2026-08-11T15:02:00-05:00
85,Frecuencia respiratoria,9279-1,32,/min,2026-08-11T15:02:00-05:00
85,Saturación de oxígeno,59408-5,93,%,2026-08-11T15:02:00-05:00
85,Temperatura corporal,8310-5,38.3,Cel,2026-08-11T15:02:00-05:00
85,Escala de Glasgow,9269-2,10,{score},2026-08-11T15:02:00-05:00
86,Frecuencia cardiaca,8867-4,114,/min,2026-05-22T11:39:00-05:00
86,Presión arterial sistólica,8480-6,130,mm[Hg],2026-05-22T11:39:00-05:00
86,Presión arterial diastólica,8462-4,88,mm[Hg],2026-05-22T11:39:00-05:00
86,Frecuencia respiratoria,9279-1,21,/min,2026-05-22T11:39:00-05:00
86,Saturación de oxígeno,59408-5,93,%,2026-05-22T11:39:00-05:00
86,Temperatura corporal,8310-5,38.2,Cel,2026-05-22T11:39:00-05:00
86,Escala de Glasgow,9269-2,15,{score},2026-05-22T11:39:00-05:00
87,Frecuencia cardiaca,8867-4,122,/min,2026-06-08T03:57:00-05:00
87,Presión arterial sistólica,8480-6,60,mm[Hg],2026-06-08T03:57:00-05:00
87,Presión arterial diastólica,8462-4,45,mm[Hg],2026-06-08T03:57:00-05:00
87,Frecuencia respiratoria,9279-1,33,/min,2026-06-08T03:57:00-05:00
87,Saturación de oxígeno,59408-5,88,%,2026-06-08T03:57:00-05:00
87,Temperatura corporal,8310-5,39.3,Cel,2026-06-08T03:57:00-05:00
87,Escala de Glasgow,9269-2,7,{score},2026-06-08T03:57:00-05:00
88,Frecuencia cardiaca,8867-4,129,/min,2026-08-15T06:40:00-05:00
88,Presión arterial sistólica,8480-6,97,mm[Hg],2026-08-15T06:40:00-05:00
88,Presión arterial diastólica,8462-4,54,mm[Hg],2026-08-15T06:40:00-05:00
88,Frecuencia respiratoria,9279-1,35,/min,2026-08-15T06:40:00-05:00
88,Saturación de oxígeno,59408-5,85,%,2026-08-15T06:40:00-05:00
88,Temperatura corporal,8310-5,37.4,Cel,2026-08-15T06:40:00-05:00
88,Escala de Glasgow,9269-2,11,{score},2026-08-15T06:40:00-05:00
89,Frecuencia cardiaca,8867-4,90,/min,2026-05-02T00:32:00-05:00
89,Presión arterial sistólica,8480-6,118,mm[Hg],2026-05-02T00:32:00-05:00
89,Presión arterial diastólica,8462-4,60,mm[Hg],2026-05-02T00:32:00-05:00
89,Frecuencia respiratoria,9279-1,21,/min,2026-05-02T00:32:00-05:00
89,Saturación de oxígeno,59408-5,97,%,2026-05-02T00:32:00-05:00
89,Temperatura corporal,8310-5,36.9,Cel,2026-05-02T00:32:00-05:00
89,Escala de Glasgow,9269-2,14,{score},2026-05-02T00:32:00-05:00
90,Frecuencia cardiaca,8867-4,84,/min,2026-06-06T11:17:00-05:00
90,Presión arterial sistólica,8480-6,112,mm[Hg],2026-06-06T11:17:00-05:00
90,Presión arterial diastólica,8462-4,69,mm[Hg],2026-06-06T11:17:00-05:00
90,Frecuencia respiratoria,9279-1,25,/min,2026-06-06T11:17:00-05:00
90,Saturación de oxígeno,59408-5,85,%,2026-06-06T11:17:00-05:00
90,Temperatura corporal,8310-5,38.2,Cel,2026-06-06T11:17:00-05:00
90,Escala de Glasgow,9269-2,15,{score},2026-06-06T11:17:00-05:00
91,Frecuencia cardiaca,8867-4,87,/min,2026-05-06T15:00:00-05:00
91,Presión arterial sistólica,8480-6,126,mm[Hg],2026-05-06T15:00:00-05:00
91,Presión arterial diastólica,8462-4,81,mm[Hg],2026-05-06T15:00:00-05:00
91,Frecuencia respiratoria,9279-1,17,/min,2026-05-06T15:00:00-05:00
91,Saturación de oxígeno,59408-5,100,%,2026-05-06T15:00:00-05:00
91,Temperatura corporal,8310-5,36.4,Cel,2026-05-06T15:00:00-05:00
91,Escala de Glasgow,9269-2,15,{score},2026-05-06T15:00:00-05:00
92,Frecuencia cardiaca,8867-4,142,/min,2026-07-21T09:54:00-05:00
92,Presión arterial sistólica,8480-6,61,mm[Hg],2026-07-21T09:54:00-05:00
92,Presión arterial diastólica,8462-4,46,mm[Hg],2026-07-21T09:54:00-05:00
92,Frecuencia respiratoria,9279-1,33,/min,2026-07-21T09:54:00-05:00
92,Saturación de oxígeno,59408-5,91,%,2026-07-21T09:54:00-05:00
92,Temperatura corporal,8310-5,37.9,Cel,2026-07-21T09:54:00-05:00
92,Escala de Glasgow,9269-2,7,{score},2026-07-21T09:54:00-05:00
93,Frecuencia cardiaca,8867-4,137,/min,2026-07-27T00:15:00-05:00
93,Presión arterial sistólica,8480-6,106,mm[Hg],2026-07-27T00:15:00-05:00
93,Presión arterial diastólica,8462-4,75,mm[Hg],2026-07-27T00:15:00-05:00
93,Frecuencia respiratoria,9279-1,21,/min,2026-07-27T00:15:00-05:00
93,Saturación de oxígeno,59408-5,90,%,2026-07-27T00:15:00-05:00
93,Temperatura corporal,8310-5,37.3,Cel,2026-07-27T00:15:00-05:00
93,Escala de Glasgow,9269-2,13,{score},2026-07-27T00:15:00-05:00
94,Frecuencia cardiaca,8867-4,87,/min,2026-06-20T05:54:00-05:00
94,Presión arterial sistólica,8480-6,148,mm[Hg],2026-06-20T05:54:00-05:00
94,Presión arterial diastólica,8462-4,89,mm[Hg],2026-06-20T05:54:00-05:00
94,Frecuencia respiratoria,9279-1,19,/min,2026-06-20T05:54:00-05:00
94,Saturación de oxígeno,59408-5,93,%,2026-06-20T05:54:00-05:00
94,Temperatura corporal,8310-5,36.8,Cel,2026-06-20T05:54:00-05:00
94,Escala de Glasgow,9269-2,15,{score},2026-06-20T05:54:00-05:00
95,Frecuencia cardiaca,8867-4,81,/min,2026-03-23T04:59:00-05:00
95,Presión arterial sistólica,8480-6,141,mm[Hg],2026-03-23T04:59:00-05:00
95,Presión arterial diastólica,8462-4,77,mm[Hg],2026-03-23T04:59:00-05:00
95,Frecuencia respiratoria,9279-1,24,/min,2026-03-23T04:59:00-05:00
95,Saturación de oxígeno,59408-5,94,%,2026-03-23T04:59:00-05:00
95,Temperatura corporal,8310-5,36.9,Cel,2026-03-23T04:59:00-05:00
95,Escala de Glasgow,9269-2,15,{score},2026-03-23T04:59:00-05:00
96,Frecuencia cardiaca,8867-4,107,/min,2026-08-26T12:41:00-05:00
96,Presión arterial sistólica,8480-6,88,mm[Hg],2026-08-26T12:41:00-05:00
96,Presión arterial diastólica,8462-4,49,mm[Hg],2026-08-26T12:41:00-05:00
96,Frecuencia respiratoria,9279-1,29,/min,2026-08-26T12:41:00-05:00
96,Saturación de oxígeno,59408-5,93,%,2026-08-26T12:41:00-05:00
96,Temperatura corporal,8310-5,37.6,Cel,2026-08-26T12:41:00-05:00
96,Escala de Glasgow,9269-2,14,{score},2026-08-26T12:41:00-05:00
97,Frecuencia cardiaca,8867-4,88,/min,2026-05-26T10:13:00-05:00
97,Presión arterial sistólica,8480-6,141,mm[Hg],2026-05-26T10:13:00-05:00
97,Presión arterial diastólica,8462-4,83,mm[Hg],2026-05-26T10:13:00-05:00
97,Frecuencia respiratoria,9279-1,20,/min,2026-05-26T10:13:00-05:00
97,Saturación de oxígeno,59408-5,95,%,2026-05-26T10:13:00-05:00
97,Temperatura corporal,8310-5,36.6,Cel,2026-05-26T10:13:00-05:00
97,Escala de Glasgow,9269-2,15,{score},2026-05-26T10:13:00-05:00
98,Frecuencia cardiaca,8867-4,77,/min,2026-08-04T04:38:00-05:00
98,Presión arterial sistólica,8480-6,111,mm[Hg],2026-08-04T04:38:00-05:00
98,Presión arterial diastólica,8462-4,69,mm[Hg],2026-08-04T04:38:00-05:00
98,Frecuencia respiratoria,9279-1,20,/min,2026-08-04T04:38:00-05:00
98,Saturación de oxígeno,59408-5,96,%,2026-08-04T04:38:00-05:00
98,Temperatura corporal,8310-5,36.8,Cel,2026-08-04T04:38:00-05:00
98,Escala de Glasgow,9269-2,15,{score},2026-08-04T04:38:00-05:00
99,Frecuencia cardiaca,8867-4,98,/min,2026-03-17T01:42:00-05:00
99,Presión arterial sistólica,8480-6,134,mm[Hg],2026-03-17T01:42:00-05:00
99,Presión arterial diastólica,8462-4,82,mm[Hg],2026-03-17T01:42:00-05:00
99,Frecuencia respiratoria,9279-1,12,/min,2026-03-17T01:42:00-05:00
99,Saturación de oxígeno,59408-5,94,%,2026-03-17T01:42:00-05:00
99,Temperatura corporal,8310-5,38.0,Cel,2026-03-17T01:42:00-05:00
99,Escala de Glasgow,9269-2,15,{score},2026-03-17T01:42:00-05:00
100,Frecuencia cardiaca,8867-4,76,/min,2026-04-29T06:35:00-05:00
100,Presión arterial sistólica,8480-6,135,mm[Hg],2026-04-29T06:35:00-05:00
100,Presión arterial diastólica,8462-4,81,mm[Hg],2026-04-29T06:35:00-05:00
100,Frecuencia respiratoria,9279-1,17,/min,2026-04-29T06:35:00-05:00
100,Saturación de oxígeno,59408-5,95,%,2026-04-29T06:35:00-05:00
100,Temperatura corporal,8310-5,36.9,Cel,2026-04-29T06:35:00-05:00
100,Escala de Glasgow,9269-2,15,{score},2026-04-29T06:35:00-05:00
101,Frecuencia cardiaca,8867-4,55,/min,2026-06-21T06:56:00-05:00
101,Presión arterial sistólica,8480-6,132,mm[Hg],2026-06-21T06:56:00-05:00
101,Presión arterial diastólica,8462-4,83,mm[Hg],2026-06-21T06:56:00-05:00
101,Frecuencia respiratoria,9279-1,15,/min,2026-06-21T06:56:00-05:00
101,Saturación de oxígeno,59408-5,95,%,2026-06-21T06:56:00-05:00
101,Temperatura corporal,8310-5,37.0,Cel,2026-06-21T06:56:00-05:00
101,Escala de Glasgow,9269-2,14,{score},2026-06-21T06:56:00-05:00
102,Frecuencia cardiaca,8867-4,112,/min,2026-06-22T11:22:00-05:00
102,Presión arterial sistólica,8480-6,94,mm[Hg],2026-06-22T11:22:00-05:00
102,Presión arterial diastólica,8462-4,69,mm[Hg],2026-06-22T11:22:00-05:00
102,Frecuencia respiratoria,9279-1,22,/min,2026-06-22T11:22:00-05:00
102,Saturación de oxígeno,59408-5,90,%,2026-06-22T11:22:00-05:00
102,Temperatura corporal,8310-5,39.5,Cel,2026-06-22T11:22:00-05:00
102,Escala de Glasgow,9269-2,11,{score},2026-06-22T11:22:00-05:00
103,Frecuencia cardiaca,8867-4,121,/min,2026-03-24T10:22:00-05:00
103,Presión arterial sistólica,8480-6,137,mm[Hg],2026-03-24T10:22:00-05:00
103,Presión arterial diastólica,8462-4,70,mm[Hg],2026-03-24T10:22:00-05:00
103,Frecuencia respiratoria,9279-1,17,/min,2026-03-24T10:22:00-05:00
103,Saturación de oxígeno,59408-5,91,%,2026-03-24T10:22:00-05:00
103,Temperatura corporal,8310-5,38.3,Cel,2026-03-24T10:22:00-05:00
103,Escala de Glasgow,9269-2,15,{score},2026-03-24T10:22:00-05:00
104,Frecuencia cardiaca,8867-4,115,/min,2026-04-10T10:19:00-05:00
104,Presión arterial sistólica,8480-6,98,mm[Hg],2026-04-10T10:19:00-05:00
104,Presión arterial diastólica,8462-4,65,mm[Hg],2026-04-10T10:19:00-05:00
104,Frecuencia respiratoria,9279-1,25,/min,2026-04-10T10:19:00-05:00
104,Saturación de oxígeno,59408-5,90,%,2026-04-10T10:19:00-05:00
104,Temperatura corporal,8310-5,36.8,Cel,2026-04-10T10:19:00-05:00
104,Escala de Glasgow,9269-2,15,{score},2026-04-10T10:19:00-05:00
105,Frecuencia cardiaca,8867-4,105,/min,2026-08-17T11:56:00-05:00
105,Presión arterial sistólica,8480-6,121,mm[Hg],2026-08-17T11:56:00-05:00
105,Presión arterial diastólica,8462-4,79,mm[Hg],2026-08-17T11:56:00-05:00
105,Frecuencia respiratoria,9279-1,27,/min,2026-08-17T11:56:00-05:00
105,Saturación de oxígeno,59408-5,89,%,2026-08-17T11:56:00-05:00
105,Temperatura corporal,8310-5,38.8,Cel,2026-08-17T11:56:00-05:00
105,Escala de Glasgow,9269-2,14,{score},2026-08-17T11:56:00-05:00
106,Frecuencia cardiaca,8867-4,113,/min,2026-09-18T18:37:00-05:00
106,Presión arterial sistólica,8480-6,109,mm[Hg],2026-09-18T18:37:00-05:00
106,Presión arterial diastólica,8462-4,75,mm[Hg],2026-09-18T18:37:00-05:00
106,Frecuencia respiratoria,9279-1,29,/min,2026-09-18T18:37:00-05:00
106,Saturación de oxígeno,59408-5,96,%,2026-09-18T18:37:00-05:00
106,Temperatura corporal,8310-5,38.8,Cel,2026-09-18T18:37:00-05:00
106,Escala de Glasgow,9269-2,13,{score},2026-09-18T18:37:00-05:00
107,Frecuencia cardiaca,8867-4,116,/min,2026-03-28T03:03:00-05:00
107,Presión arterial sistólica,8480-6,115,mm[Hg],2026-03-28T03:03:00-05:00
107,Presión arterial diastólica,8462-4,74,mm[Hg],2026-03-28T03:03:00-05:00
107,Frecuencia respiratoria,9279-1,27,/min,2026-03-28T03:03:00-05:00
107,Saturación de oxígeno,59408-5,92,%,2026-03-28T03:03:00-05:00
107,Temperatura corporal,8310-5,38.2,Cel,2026-03-28T03:03:00-05:00
107,Escala de Glasgow,9269-2,11,{score},2026-03-28T03:03:00-05:00
108,Frecuencia cardiaca,8867-4,142,/min,2026-04-23T02:38:00-05:00
108,Presión arterial sistólica,8480-6,95,mm[Hg],2026-04-23T02:38:00-05:00
108,Presión arterial diastólica,8462-4,61,mm[Hg],2026-04-23T02:38:00-05:00
108,Frecuencia respiratoria,9279-1,26,/min,2026-04-23T02:38:00-05:00
108,Saturación de oxígeno,59408-5,89,%,2026-04-23T02:38:00-05:00
108,Temperatura corporal,8310-5,38.7,Cel,2026-04-23T02:38:00-05:00
108,Escala de Glasgow,9269-2,10,{score},2026-04-23T02:38:00-05:00
109,Frecuencia cardiaca,8867-4,98,/min,2026-03-07T05:07:00-05:00
109,Presión arterial sistólica,8480-6,116,mm[Hg],2026-03-07T05:07:00-05:00
109,Presión arterial diastólica,8462-4,64,mm[Hg],2026-03-07T05:07:00-05:00
109,Frecuencia respiratoria,9279-1,28,/min,2026-03-07T05:07:00-05:00
109,Saturación de oxígeno,59408-5,94,%,2026-03-07T05:07:00-05:00
109,Temperatura corporal,8310-5,37.3,Cel,2026-03-07T05:07:00-05:00
109,Escala de Glasgow,9269-2,13,{score},2026-03-07T05:07:00-05:00
110,Frecuencia cardiaca,8867-4,113,/min,2026-07-12T00:16:00-05:00
110,Presión arterial sistólica,8480-6,127,mm[Hg],2026-07-12T00:16:00-05:00
110,Presión arterial diastólica,8462-4,65,mm[Hg],2026-07-12T00:16:00-05:00
110,Frecuencia respiratoria,9279-1,25,/min,2026-07-12T00:16:00-05:00
110,Saturación de oxígeno,59408-5,95,%,2026-07-12T00:16:00-05:00
110,Temperatura corporal,8310-5,38.0,Cel,2026-07-12T00:16:00-05:00
110,Escala de Glasgow,9269-2,13,{score},2026-07-12T00:16:00-05:00
111,Frecuencia cardiaca,8867-4,137,/min,2026-03-02T07:43:00-05:00
111,Presión arterial sistólica,8480-6,102,mm[Hg],2026-03-02T07:43:00-05:00
111,Presión arterial diastólica,8462-4,48,mm[Hg],2026-03-02T07:43:00-05:00
111,Frecuencia respiratoria,9279-1,25,/min,2026-03-02T07:43:00-05:00
111,Saturación de oxígeno,59408-5,86,%,2026-03-02T07:43:00-05:00
111,Temperatura corporal,8310-5,38.4,Cel,2026-03-02T07:43:00-05:00
111,Escala de Glasgow,9269-2,13,{score},2026-03-02T07:43:00-05:00
112,Frecuencia cardiaca,8867-4,95,/min,2026-03-29T12:09:00-05:00
112,Presión arterial sistólica,8480-6,140,mm[Hg],2026-03-29T12:09:00-05:00
112,Presión arterial diastólica,8462-4,71,mm[Hg],2026-03-29T12:09:00-05:00
112,Frecuencia respiratoria,9279-1,14,/min,2026-03-29T12:09:00-05:00
112,Saturación de oxígeno,59408-5,97,%,2026-03-29T12:09:00-05:00
112,Temperatura corporal,8310-5,37.1,Cel,2026-03-29T12:09:00-05:00
112,Escala de Glasgow,9269-2,15,{score},2026-03-29T12:09:00-05:00
113,Frecuencia cardiaca,8867-4,103,/min,2026-06-10T10:54:00-05:00
113,Presión arterial sistólica,8480-6,118,mm[Hg],2026-06-10T10:54:00-05:00
113,Presión arterial diastólica,8462-4,79,mm[Hg],2026-06-10T10:54:00-05:00
113,Frecuencia respiratoria,9279-1,24,/min,2026-06-10T10:54:00-05:00
113,Saturación de oxígeno,59408-5,94,%,2026-06-10T10:54:00-05:00
113,Temperatura corporal,8310-5,38.6,Cel,2026-06-10T10:54:00-05:00
113,Escala de Glasgow,9269-2,13,{score},2026-06-10T10:54:00-05:00
114,Frecuencia cardiaca,8867-4,100,/min,2026-07-29T19:42:00-05:00
114,Presión arterial sistólica,8480-6,125,mm[Hg],2026-07-29T19:42:00-05:00
114,Presión arterial diastólica,8462-4,74,mm[Hg],2026-07-29T19:42:00-05:00
114,Frecuencia respiratoria,9279-1,17,/min,2026-07-29T19:42:00-05:00
114,Saturación de oxígeno,59408-5,94,%,2026-07-29T19:42:00-05:00
114,Temperatura corporal,8310-5,37.4,Cel,2026-07-29T19:42:00-05:00
114,Escala de Glasgow,9269-2,14,{score},2026-07-29T19:42:00-05:00
115,Frecuencia cardiaca,8867-4,121,/min,2026-08-17T19:01:00-05:00
115,Presión arterial sistólica,8480-6,117,mm[Hg],2026-08-17T19:01:00-05:00
115,Presión arterial diastólica,8462-4,77,mm[Hg],2026-08-17T19:01:00-05:00
115,Frecuencia respiratoria,9279-1,21,/min,2026-08-17T19:01:00-05:00
115,Saturación de oxígeno,59408-5,88,%,2026-08-17T19:01:00-05:00
115,Temperatura corporal,8310-5,37.9,Cel,2026-08-17T19:01:00-05:00
115,Escala de Glasgow,9269-2,14,{score},2026-08-17T19:01:00-05:00
116,Frecuencia cardiaca,8867-4,129,/min,2026-04-14T06:38:00-05:00
116,Presión arterial sistólica,8480-6,97,mm[Hg],2026-04-14T06:38:00-05:00
116,Presión arterial diastólica,8462-4,62,mm[Hg],2026-04-14T06:38:00-05:00
116,Frecuencia respiratoria,9279-1,35,/min,2026-04-14T06:38:00-05:00
116,Saturación de oxígeno,59408-5,89,%,2026-04-14T06:38:00-05:00
116,Temperatura corporal,8310-5,38.1,Cel,2026-04-14T06:38:00-05:00
116,Escala de Glasgow,9269-2,15,{score},2026-04-14T06:38:00-05:00
117,Frecuencia cardiaca,8867-4,116,/min,2026-09-19T11:45:00-05:00
117,Presión arterial sistólica,8480-6,116,mm[Hg],2026-09-19T11:45:00-05:00
117,Presión arterial diastólica,8462-4,89,mm[Hg],2026-09-19T11:45:00-05:00
117,Frecuencia respiratoria,9279-1,19,/min,2026-09-19T11:45:00-05:00
117,Saturación de oxígeno,59408-5,92,%,2026-09-19T11:45:00-05:00
117,Temperatura corporal,8310-5,37.7,Cel,2026-09-19T11:45:00-05:00
117,Escala de Glasgow,9269-2,15,{score},2026-09-19T11:45:00-05:00
118,Frecuencia cardiaca,8867-4,110,/min,2026-08-17T08:38:00-05:00
118,Presión arterial sistólica,8480-6,112,mm[Hg],2026-08-17T08:38:00-05:00
118,Presión arterial diastólica,8462-4,57,mm[Hg],2026-08-17T08:38:00-05:00
118,Frecuencia respiratoria,9279-1,26,/min,2026-08-17T08:38:00-05:00
118,Saturación de oxígeno,59408-5,85,%,2026-08-17T08:38:00-05:00
118,Temperatura corporal,8310-5,38.0,Cel,2026-08-17T08:38:00-05:00
118,Escala de Glasgow,9269-2,11,{score},2026-08-17T08:38:00-05:00
119,Frecuencia cardiaca,8867-4,72,/min,2026-08-10T03:21:00-05:00
119,Presión arterial sistólica,8480-6,101,mm[Hg],2026-08-10T03:21:00-05:00
119,Presión arterial diastólica,8462-4,74,mm[Hg],2026-08-10T03:21:00-05:00
119,Frecuencia respiratoria,9279-1,19,/min,2026-08-10T03:21:00-05:00
119,Saturación de oxígeno,59408-5,98,%,2026-08-10T03:21:00-05:00
119,Temperatura corporal,8310-5,36.7,Cel,2026-08-10T03:21:00-05:00
119,Escala de Glasgow,9269-2,15,{score},2026-08-10T03:21:00-05:00
120,Frecuencia cardiaca,8867-4,128,/min,2026-04-17T03:07:00-05:00
120,Presión arterial sistólica,8480-6,105,mm[Hg],2026-04-17T03:07:00-05:00
120,Presión arterial diastólica,8462-4,81,mm[Hg],2026-04-17T03:07:00-05:00
120,Frecuencia respiratoria,9279-1,20,/min,2026-04-17T03:07:00-05:00
120,Saturación de oxígeno,59408-5,97,%,2026-04-17T03:07:00-05:00
120,Temperatura corporal,8310-5,37.6,Cel,2026-04-17T03:07:00-05:00
120,Escala de Glasgow,9269-2,15,{score},2026-04-17T03:07:00-05:00
121,Frecuencia cardiaca,8867-4,85,/min,2026-06-11T05:06:00-05:00
121,Presión arterial sistólica,8480-6,107,mm[Hg],2026-06-11T05:06:00-05:00
121,Presión arterial diastólica,8462-4,71,mm[Hg],2026-06-11T05:06:00-05:00
121,Frecuencia respiratoria,9279-1,27,/min,2026-06-11T05:06:00-05:00
121,Saturación de oxígeno,59408-5,88,%,2026-06-11T05:06:00-05:00
121,Temperatura corporal,8310-5,37.6,Cel,2026-06-11T05:06:00-05:00
121,Escala de Glasgow,9269-2,11,{score},2026-06-11T05:06:00-05:00
122,Frecuencia cardiaca,8867-4,120,/min,2026-05-26T17:33:00-05:00
122,Presión arterial sistólica,8480-6,100,mm[Hg],2026-05-26T17:33:00-05:00
122,Presión arterial diastólica,8462-4,80,mm[Hg],2026-05-26T17:33:00-05:00
122,Frecuencia respiratoria,9279-1,28,/min,2026-05-26T17:33:00-05:00
122,Saturación de oxígeno,59408-5,92,%,2026-05-26T17:33:00-05:00
122,Temperatura corporal,8310-5,37.8,Cel,2026-05-26T17:33:00-05:00
122,Escala de Glasgow,9269-2,12,{score},2026-05-26T17:33:00-05:00
123,Frecuencia cardiaca,8867-4,98,/min,2026-07-09T04:18:00-05:00
123,Presión arterial sistólica,8480-6,119,mm[Hg],2026-07-09T04:18:00-05:00
123,Presión arterial diastólica,8462-4,82,mm[Hg],2026-07-09T04:18:00-05:00
123,Frecuencia respiratoria,9279-1,26,/min,2026-07-09T04:18:00-05:00
123,Saturación de oxígeno,59408-5,95,%,2026-07-09T04:18:00-05:00
123,Temperatura corporal,8310-5,36.9,Cel,2026-07-09T04:18:00-05:00
123,Escala de Glasgow,9269-2,13,{score},2026-07-09T04:18:00-05:00
124,Frecuencia cardiaca,8867-4,93,/min,2026-03-10T00:23:00-05:00
124,Presión arterial sistólica,8480-6,155,mm[Hg],2026-03-10T00:23:00-05:00
124,Presión arterial diastólica,8462-4,84,mm[Hg],2026-03-10T00:23:00-05:00
124,Frecuencia respiratoria,9279-1,22,/min,2026-03-10T00:23:00-05:00
124,Saturación de oxígeno,59408-5,97,%,2026-03-10T00:23:00-05:00
124,Temperatura corporal,8310-5,36.4,Cel,2026-03-10T00:23:00-05:00
124,Escala de Glasgow,9269-2,14,{score},2026-03-10T00:23:00-05:00
125,Frecuencia cardiaca,8867-4,79,/min,2026-05-06T06:15:00-05:00
125,Presión arterial sistólica,8480-6,138,mm[Hg],2026-05-06T06:15:00-05:00
125,Presión arterial diastólica,8462-4,87,mm[Hg],2026-05-06T06:15:00-05:00
125,Frecuencia respiratoria,9279-1,15,/min,2026-05-06T06:15:00-05:00
125,Saturación de oxígeno,59408-5,96,%,2026-05-06T06:15:00-05:00
125,Temperatura corporal,8310-5,38.0,Cel,2026-05-06T06:15:00-05:00
125,Escala de Glasgow,9269-2,15,{score},2026-05-06T06:15:00-05:00
126,Frecuencia cardiaca,8867-4,86,/min,2026-08-16T16:28:00-05:00
126,Presión arterial sistólica,8480-6,146,mm[Hg],2026-08-16T16:28:00-05:00
126,Presión arterial diastólica,8462-4,87,mm[Hg],2026-08-16T16:28:00-05:00
126,Frecuencia respiratoria,9279-1,18,/min,2026-08-16T16:28:00-05:00
126,Saturación de oxígeno,59408-5,98,%,2026-08-16T16:28:00-05:00
126,Temperatura corporal,8310-5,38.0,Cel,2026-08-16T16:28:00-05:00
126,Escala de Glasgow,9269-2,14,{score},2026-08-16T16:28:00-05:00
127,Frecuencia cardiaca,8867-4,95,/min,2026-04-05T06:30:00-05:00
127,Presión arterial sistólica,8480-6,132,mm[Hg],2026-04-05T06:30:00-05:00
127,Presión arterial diastólica,8462-4,75,mm[Hg],2026-04-05T06:30:00-05:00
127,Frecuencia respiratoria,9279-1,17,/min,2026-04-05T06:30:00-05:00
127,Saturación de oxígeno,59408-5,96,%,2026-04-05T06:30:00-05:00
127,Temperatura corporal,8310-5,37.8,Cel,2026-04-05T06:30:00-05:00
127,Escala de Glasgow,9269-2,15,{score},2026-04-05T06:30:00-05:00
128,Frecuencia cardiaca,8867-4,118,/min,2026-03-18T01:16:00-05:00
128,Presión arterial sistólica,8480-6,118,mm[Hg],2026-03-18T01:16:00-05:00
128,Presión arterial diastólica,8462-4,56,mm[Hg],2026-03-18T01:16:00-05:00
128,Frecuencia respiratoria,9279-1,19,/min,2026-03-18T01:16:00-05:00
128,Saturación de oxígeno,59408-5,89,%,2026-03-18T01:16:00-05:00
128,Temperatura corporal,8310-5,37.6,Cel,2026-03-18T01:16:00-05:00
128,Escala de Glasgow,9269-2,10,{score},2026-03-18T01:16:00-05:00
129,Frecuencia cardiaca,8867-4,116,/min,2026-08-20T13:15:00-05:00
129,Presión arterial sistólica,8480-6,119,mm[Hg],2026-08-20T13:15:00-05:00
129,Presión arterial diastólica,8462-4,71,mm[Hg],2026-08-20T13:15:00-05:00
129,Frecuencia respiratoria,9279-1,24,/min,2026-08-20T13:15:00-05:00
129,Saturación de oxígeno,59408-5,89,%,2026-08-20T13:15:00-05:00
129,Temperatura corporal,8310-5,37.4,Cel,2026-08-20T13:15:00-05:00
129,Escala de Glasgow,9269-2,15,{score},2026-08-20T13:15:00-05:00
130,Frecuencia cardiaca,8867-4,102,/min,2026-03-12T17:41:00-05:00
130,Presión arterial sistólica,8480-6,82,mm[Hg],2026-03-12T17:41:00-05:00
130,Presión arterial diastólica,8462-4,67,mm[Hg],2026-03-12T17:41:00-05:00
130,Frecuencia respiratoria,9279-1,24,/min,2026-03-12T17:41:00-05:00
130,Saturación de oxígeno,59408-5,94,%,2026-03-12T17:41:00-05:00
130,Temperatura corporal,8310-5,37.8,Cel,2026-03-12T17:41:00-05:00
130,Escala de Glasgow,9269-2,14,{score},2026-03-12T17:41:00-05:00
131,Frecuencia cardiaca,8867-4,86,/min,2026-04-20T00:02:00-05:00
131,Presión arterial sistólica,8480-6,117,mm[Hg],2026-04-20T00:02:00-05:00
131,Presión arterial diastólica,8462-4,81,mm[Hg],2026-04-20T00:02:00-05:00
131,Frecuencia respiratoria,9279-1,21,/min,2026-04-20T00:02:00-05:00
131,Saturación de oxígeno,59408-5,90,%,2026-04-20T00:02:00-05:00
131,Temperatura corporal,8310-5,37.0,Cel,2026-04-20T00:02:00-05:00
131,Escala de Glasgow,9269-2,15,{score},2026-04-20T00:02:00-05:00
132,Frecuencia cardiaca,8867-4,94,/min,2026-04-02T12:54:00-05:00
132,Presión arterial sistólica,8480-6,114,mm[Hg],2026-04-02T12:54:00-05:00
132,Presión arterial diastólica,8462-4,84,mm[Hg],2026-04-02T12:54:00-05:00
132,Frecuencia respiratoria,9279-1,17,/min,2026-04-02T12:54:00-05:00
132,Saturación de oxígeno,59408-5,97,%,2026-04-02T12:54:00-05:00
132,Temperatura corporal,8310-5,37.6,Cel,2026-04-02T12:54:00-05:00
132,Escala de Glasgow,9269-2,15,{score},2026-04-02T12:54:00-05:00
133,Frecuencia cardiaca,8867-4,70,/min,2026-09-20T19:29:00-05:00
133,Presión arterial sistólica,8480-6,131,mm[Hg],2026-09-20T19:29:00-05:00
133,Presión arterial diastólica,8462-4,81,mm[Hg],2026-09-20T19:29:00-05:00
133,Frecuencia respiratoria,9279-1,21,/min,2026-09-20T19:29:00-05:00
133,Saturación de oxígeno,59408-5,96,%,2026-09-20T19:29:00-05:00
133,Temperatura corporal,8310-5,36.6,Cel,2026-09-20T19:29:00-05:00
133,Escala de Glasgow,9269-2,14,{score},2026-09-20T19:29:00-05:00
134,Frecuencia cardiaca,8867-4,105,/min,2026-08-22T13:10:00-05:00
134,Presión arterial sistólica,8480-6,108,mm[Hg],2026-08-22T13:10:00-05:00
134,Presión arterial diastólica,8462-4,72,mm[Hg],2026-08-22T13:10:00-05:00
134,Frecuencia respiratoria,9279-1,18,/min,2026-08-22T13:10:00-05:00
134,Saturación de oxígeno,59408-5,91,%,2026-08-22T13:10:00-05:00
134,Temperatura corporal,8310-5,37.8,Cel,2026-08-22T13:10:00-05:00
134,Escala de Glasgow,9269-2,11,{score},2026-08-22T13:10:00-05:00
135,Frecuencia cardiaca,8867-4,105,/min,2026-03-05T08:18:00-05:00
135,Presión arterial sistólica,8480-6,76,mm[Hg],2026-03-05T08:18:00-05:00
135,Presión arterial diastólica,8462-4,43,mm[Hg],2026-03-05T08:18:00-05:00
135,Frecuencia respiratoria,9279-1,23,/min,2026-03-05T08:18:00-05:00
135,Saturación de oxígeno,59408-5,89,%,2026-03-05T08:18:00-05:00
135,Temperatura corporal,8310-5,38.1,Cel,2026-03-05T08:18:00-05:00
135,Escala de Glasgow,9269-2,10,{score},2026-03-05T08:18:00-05:00
136,Frecuencia cardiaca,8867-4,103,/min,2026-07-31T02:37:00-05:00
136,Presión arterial sistólica,8480-6,104,mm[Hg],2026-07-31T02:37:00-05:00
136,Presión arterial diastólica,8462-4,63,mm[Hg],2026-07-31T02:37:00-05:00
136,Frecuencia respiratoria,9279-1,25,/min,2026-07-31T02:37:00-05:00
136,Saturación de oxígeno,59408-5,90,%,2026-07-31T02:37:00-05:00
136,Temperatura corporal,8310-5,37.1,Cel,2026-07-31T02:37:00-05:00
136,Escala de Glasgow,9269-2,13,{score},2026-07-31T02:37:00-05:00
137,Frecuencia cardiaca,8867-4,111,/min,2026-05-05T12:20:00-05:00
137,Presión arterial sistólica,8480-6,131,mm[Hg],2026-05-05T12:20:00-05:00
137,Presión arterial diastólica,8462-4,82,mm[Hg],2026-05-05T12:20:00-05:00
137,Frecuencia respiratoria,9279-1,18,/min,2026-05-05T12:20:00-05:00
137,Saturación de oxígeno,59408-5,91,%,2026-05-05T12:20:00-05:00
137,Temperatura corporal,8310-5,36.9,Cel,2026-05-05T12:20:00-05:00
137,Escala de Glasgow,9269-2,15,{score},2026-05-05T12:20:00-05:00
138,Frecuencia cardiaca,8867-4,95,/min,2026-09-11T12:01:00-05:00
138,Presión arterial sistólica,8480-6,138,mm[Hg],2026-09-11T12:01:00-05:00
138,Presión arterial diastólica,8462-4,89,mm[Hg],2026-09-11T12:01:00-05:00
138,Frecuencia respiratoria,9279-1,12,/min,2026-09-11T12:01:00-05:00
138,Saturación de oxígeno,59408-5,93,%,2026-09-11T12:01:00-05:00
138,Temperatura corporal,8310-5,37.0,Cel,2026-09-11T12:01:00-05:00
138,Escala de Glasgow,9269-2,15,{score},2026-09-11T12:01:00-05:00
139,Frecuencia cardiaca,8867-4,104,/min,2026-08-26T14:13:00-05:00
139,Presión arterial sistólica,8480-6,127,mm[Hg],2026-08-26T14:13:00-05:00
139,Presión arterial diastólica,8462-4,66,mm[Hg],2026-08-26T14:13:00-05:00
139,Frecuencia respiratoria,9279-1,23,/min,2026-08-26T14:13:00-05:00
139,Saturación de oxígeno,59408-5,91,%,2026-08-26T14:13:00-05:00
139,Temperatura corporal,8310-5,37.4,Cel,2026-08-26T14:13:00-05:00
139,Escala de Glasgow,9269-2,12,{score},2026-08-26T14:13:00-05:00
140,Frecuencia cardiaca,8867-4,81,/min,2026-03-15T07:25:00-05:00
140,Presión arterial sistólica,8480-6,130,mm[Hg],2026-03-15T07:25:00-05:00
140,Presión arterial diastólica,8462-4,72,mm[Hg],2026-03-15T07:25:00-05:00
140,Frecuencia respiratoria,9279-1,26,/min,2026-03-15T07:25:00-05:00
140,Saturación de oxígeno,59408-5,97,%,2026-03-15T07:25:00-05:00
140,Temperatura corporal,8310-5,35.7,Cel,2026-03-15T07:25:00-05:00
140,Escala de Glasgow,9269-2,15,{score},2026-03-15T07:25:00-05:00
141,Frecuencia cardiaca,8867-4,81,/min,2026-09-08T06:18:00-05:00
141,Presión arterial sistólica,8480-6,125,mm[Hg],2026-09-08T06:18:00-05:00
141,Presión arterial diastólica,8462-4,75,mm[Hg],2026-09-08T06:18:00-05:00
141,Frecuencia respiratoria,9279-1,18,/min,2026-09-08T06:18:00-05:00
141,Saturación de oxígeno,59408-5,94,%,2026-09-08T06:18:00-05:00
141,Temperatura corporal,8310-5,36.5,Cel,2026-09-08T06:18:00-05:00
141,Escala de Glasgow,9269-2,14,{score},2026-09-08T06:18:00-05:00
142,Frecuencia cardiaca,8867-4,104,/min,2026-06-14T00:08:00-05:00
142,Presión arterial sistólica,8480-6,134,mm[Hg],2026-06-14T00:08:00-05:00
142,Presión arterial diastólica,8462-4,83,mm[Hg],2026-06-14T00:08:00-05:00
142,Frecuencia respiratoria,9279-1,18,/min,2026-06-14T00:08:00-05:00
142,Saturación de oxígeno,59408-5,99,%,2026-06-14T00:08:00-05:00
142,Temperatura corporal,8310-5,37.0,Cel,2026-06-14T00:08:00-05:00
142,Escala de Glasgow,9269-2,14,{score},2026-06-14T00:08:00-05:00
143,Frecuencia cardiaca,8867-4,89,/min,2026-05-11T15:38:00-05:00
143,Presión arterial sistólica,8480-6,113,mm[Hg],2026-05-11T15:38:00-05:00
143,Presión arterial diastólica,8462-4,74,mm[Hg],2026-05-11T15:38:00-05:00
143,Frecuencia respiratoria,9279-1,18,/min,2026-05-11T15:38:00-05:00
143,Saturación de oxígeno,59408-5,97,%,2026-05-11T15:38:00-05:00
143,Temperatura corporal,8310-5,37.2,Cel,2026-05-11T15:38:00-05:00
143,Escala de Glasgow,9269-2,15,{score},2026-05-11T15:38:00-05:00
144,Frecuencia cardiaca,8867-4,132,/min,2026-04-10T11:05:00-05:00
144,Presión arterial sistólica,8480-6,60,mm[Hg],2026-04-10T11:05:00-05:00
144,Presión arterial diastólica,8462-4,45,mm[Hg],2026-04-10T11:05:00-05:00
144,Frecuencia respiratoria,9279-1,29,/min,2026-04-10T11:05:00-05:00
144,Saturación de oxígeno,59408-5,84,%,2026-04-10T11:05:00-05:00
144,Temperatura corporal,8310-5,37.2,Cel,2026-04-10T11:05:00-05:00
144,Escala de Glasgow,9269-2,13,{score},2026-04-10T11:05:00-05:00
145,Frecuencia cardiaca,8867-4,89,/min,2026-09-11T01:22:00-05:00
145,Presión arterial sistólica,8480-6,92,mm[Hg],2026-09-11T01:22:00-05:00
145,Presión arterial diastólica,8462-4,66,mm[Hg],2026-09-11T01:22:00-05:00
145,Frecuencia respiratoria,9279-1,31,/min,2026-09-11T01:22:00-05:00
145,Saturación de oxígeno,59408-5,87,%,2026-09-11T01:22:00-05:00
145,Temperatura corporal,8310-5,36.6,Cel,2026-09-11T01:22:00-05:00
145,Escala de Glasgow,9269-2,9,{score},2026-09-11T01:22:00-05:00
146,Frecuencia cardiaca,8867-4,131,/min,2026-05-17T09:41:00-05:00
146,Presión arterial sistólica,8480-6,108,mm[Hg],2026-05-17T09:41:00-05:00
146,Presión arterial diastólica,8462-4,47,mm[Hg],2026-05-17T09:41:00-05:00
146,Frecuencia respiratoria,9279-1,22,/min,2026-05-17T09:41:00-05:00
146,Saturación de oxígeno,59408-5,95,%,2026-05-17T09:41:00-05:00
146,Temperatura corporal,8310-5,40.0,Cel,2026-05-17T09:41:00-05:00
146,Escala de Glasgow,9269-2,13,{score},2026-05-17T09:41:00-05:00
147,Frecuencia cardiaca,8867-4,98,/min,2026-06-04T00:56:00-05:00
147,Presión arterial sistólica,8480-6,134,mm[Hg],2026-06-04T00:56:00-05:00
147,Presión arterial diastólica,8462-4,73,mm[Hg],2026-06-04T00:56:00-05:00
147,Frecuencia respiratoria,9279-1,30,/min,2026-06-04T00:56:00-05:00
147,Saturación de oxígeno,59408-5,94,%,2026-06-04T00:56:00-05:00
147,Temperatura corporal,8310-5,38.3,Cel,2026-06-04T00:56:00-05:00
147,Escala de Glasgow,9269-2,14,{score},2026-06-04T00:56:00-05:00
148,Frecuencia cardiaca,8867-4,120,/min,2026-07-07T14:59:00-05:00
148,Presión arterial sistólica,8480-6,122,mm[Hg],2026-07-07T14:59:00-05:00
148,Presión arterial diastólica,8462-4,64,mm[Hg],2026-07-07T14:59:00-05:00
148,Frecuencia respiratoria,9279-1,32,/min,2026-07-07T14:59:00-05:00
148,Saturación de oxígeno,59408-5,85,%,2026-07-07T14:59:00-05:00
148,Temperatura corporal,8310-5,37.8,Cel,2026-07-07T14:59:00-05:00
148,Escala de Glasgow,9269-2,11,{score},2026-07-07T14:59:00-05:00
149,Frecuencia cardiaca,8867-4,130,/min,2026-07-16T06:47:00-05:00
149,Presión arterial sistólica,8480-6,89,mm[Hg],2026-07-16T06:47:00-05:00
149,Presión arterial diastólica,8462-4,70,mm[Hg],2026-07-16T06:47:00-05:00
149,Frecuencia respiratoria,9279-1,28,/min,2026-07-16T06:47:00-05:00
149,Saturación de oxígeno,59408-5,87,%,2026-07-16T06:47:00-05:00
149,Temperatura corporal,8310-5,37.2,Cel,2026-07-16T06:47:00-05:00
149,Escala de Glasgow,9269-2,14,{score},2026-07-16T06:47:00-05:00
150,Frecuencia cardiaca,8867-4,65,/min,2026-03-10T01:27:00-05:00
150,Presión arterial sistólica,8480-6,130,mm[Hg],2026-03-10T01:27:00-05:00
150,Presión arterial diastólica,8462-4,85,mm[Hg],2026-03-10T01:27:00-05:00
150,Frecuencia respiratoria,9279-1,18,/min,2026-03-10T01:27:00-05:00
150,Saturación de oxígeno,59408-5,99,%,2026-03-10T01:27:00-05:00
150,Temperatura corporal,8310-5,36.6,Cel,2026-03-10T01:27:00-05:00
150,Escala de Glasgow,9269-2,15,{score},2026-03-10T01:27:00-05:00
151,Frecuencia cardiaca,8867-4,99,/min,2026-03-26T08:41:00-05:00
151,Presión arterial sistólica,8480-6,81,mm[Hg],2026-03-26T08:41:00-05:00
151,Presión arterial diastólica,8462-4,66,mm[Hg],2026-03-26T08:41:00-05:00
151,Frecuencia respiratoria,9279-1,30,/min,2026-03-26T08:41:00-05:00
151,Saturación de oxígeno,59408-5,95,%,2026-03-26T08:41:00-05:00
151,Temperatura corporal,8310-5,37.6,Cel,2026-03-26T08:41:00-05:00
151,Escala de Glasgow,9269-2,13,{score},2026-03-26T08:41:00-05:00
152,Frecuencia cardiaca,8867-4,137,/min,2026-03-17T02:04:00-05:00
152,Presión arterial sistólica,8480-6,123,mm[Hg],2026-03-17T02:04:00-05:00
152,Presión arterial diastólica,8462-4,56,mm[Hg],2026-03-17T02:04:00-05:00
152,Frecuencia respiratoria,9279-1,26,/min,2026-03-17T02:04:00-05:00
152,Saturación de oxígeno,59408-5,85,%,2026-03-17T02:04:00-05:00
152,Temperatura corporal,8310-5,36.7,Cel,2026-03-17T02:04:00-05:00
152,Escala de Glasgow,9269-2,12,{score},2026-03-17T02:04:00-05:00
153,Frecuencia cardiaca,8867-4,120,/min,2026-03-21T18:14:00-05:00
153,Presión arterial sistólica,8480-6,123,mm[Hg],2026-03-21T18:14:00-05:00
153,Presión arterial diastólica,8462-4,68,mm[Hg],2026-03-21T18:14:00-05:00
153,Frecuencia respiratoria,9279-1,31,/min,2026-03-21T18:14:00-05:00
153,Saturación de oxígeno,59408-5,88,%,2026-03-21T18:14:00-05:00
153,Temperatura corporal,8310-5,37.8,Cel,2026-03-21T18:14:00-05:00
153,Escala de Glasgow,9269-2,7,{score},2026-03-21T18:14:00-05:00
154,Frecuencia cardiaca,8867-4,80,/min,2026-07-27T14:53:00-05:00
154,Presión arterial sistólica,8480-6,113,mm[Hg],2026-07-27T14:53:00-05:00
154,Presión arterial diastólica,8462-4,71,mm[Hg],2026-07-27T14:53:00-05:00
154,Frecuencia respiratoria,9279-1,14,/min,2026-07-27T14:53:00-05:00
154,Saturación de oxígeno,59408-5,98,%,2026-07-27T14:53:00-05:00
154,Temperatura corporal,8310-5,37.1,Cel,2026-07-27T14:53:00-05:00
154,Escala de Glasgow,9269-2,15,{score},2026-07-27T14:53:00-05:00
155,Frecuencia cardiaca,8867-4,106,/min,2026-03-12T09:30:00-05:00
155,Presión arterial sistólica,8480-6,96,mm[Hg],2026-03-12T09:30:00-05:00
155,Presión arterial diastólica,8462-4,67,mm[Hg],2026-03-12T09:30:00-05:00
155,Frecuencia respiratoria,9279-1,22,/min,2026-03-12T09:30:00-05:00
155,Saturación de oxígeno,59408-5,87,%,2026-03-12T09:30:00-05:00
155,Temperatura corporal,8310-5,39.7,Cel,2026-03-12T09:30:00-05:00
155,Escala de Glasgow,9269-2,10,{score},2026-03-12T09:30:00-05:00
156,Frecuencia cardiaca,8867-4,76,/min,2026-05-17T19:58:00-05:00
156,Presión arterial sistólica,8480-6,115,mm[Hg],2026-05-17T19:58:00-05:00
156,Presión arterial diastólica,8462-4,89,mm[Hg],2026-05-17T19:58:00-05:00
156,Frecuencia respiratoria,9279-1,21,/min,2026-05-17T19:58:00-05:00
156,Saturación de oxígeno,59408-5,94,%,2026-05-17T19:58:00-05:00
156,Temperatura corporal,8310-5,36.6,Cel,2026-05-17T19:58:00-05:00
156,Escala de Glasgow,9269-2,14,{score},2026-05-17T19:58:00-05:00
157,Frecuencia cardiaca,8867-4,127,/min,2026-06-28T11:44:00-05:00
157,Presión arterial sistólica,8480-6,85,mm[Hg],2026-06-28T11:44:00-05:00
157,Presión arterial diastólica,8462-4,70,mm[Hg],2026-06-28T11:44:00-05:00
157,Frecuencia respiratoria,9279-1,23,/min,2026-06-28T11:44:00-05:00
157,Saturación de oxígeno,59408-5,90,%,2026-06-28T11:44:00-05:00
157,Temperatura corporal,8310-5,36.8,Cel,2026-06-28T11:44:00-05:00
157,Escala de Glasgow,9269-2,13,{score},2026-06-28T11:44:00-05:00
158,Frecuencia cardiaca,8867-4,90,/min,2026-03-17T05:37:00-05:00
158,Presión arterial sistólica,8480-6,147,mm[Hg],2026-03-17T05:37:00-05:00
158,Presión arterial diastólica,8462-4,80,mm[Hg],2026-03-17T05:37:00-05:00
158,Frecuencia respiratoria,9279-1,22,/min,2026-03-17T05:37:00-05:00
158,Saturación de oxígeno,59408-5,96,%,2026-03-17T05:37:00-05:00
158,Temperatura corporal,8310-5,37.3,Cel,2026-03-17T05:37:00-05:00
158,Escala de Glasgow,9269-2,15,{score},2026-03-17T05:37:00-05:00
159,Frecuencia cardiaca,8867-4,109,/min,2026-06-29T03:18:00-05:00
159,Presión arterial sistólica,8480-6,99,mm[Hg],2026-06-29T03:18:00-05:00
159,Presión arterial diastólica,8462-4,62,mm[Hg],2026-06-29T03:18:00-05:00
159,Frecuencia respiratoria,9279-1,28,/min,2026-06-29T03:18:00-05:00
159,Saturación de oxígeno,59408-5,90,%,2026-06-29T03:18:00-05:00
159,Temperatura corporal,8310-5,39.2,Cel,2026-06-29T03:18:00-05:00
159,Escala de Glasgow,9269-2,11,{score},2026-06-29T03:18:00-05:00
160,Frecuencia cardiaca,8867-4,127,/min,2026-04-12T16:32:00-05:00
160,Presión arterial sistólica,8480-6,91,mm[Hg],2026-04-12T16:32:00-05:00
160,Presión arterial diastólica,8462-4,60,mm[Hg],2026-04-12T16:32:00-05:00
160,Frecuencia respiratoria,9279-1,24,/min,2026-04-12T16:32:00-05:00
160,Saturación de oxígeno,59408-5,85,%,2026-04-12T16:32:00-05:00
160,Temperatura corporal,8310-5,39.0,Cel,2026-04-12T16:32:00-05:00
160,Escala de Glasgow,9269-2,13,{score},2026-04-12T16:32:00-05:00
161,Frecuencia cardiaca,8867-4,121,/min,2026-09-11T07:49:00-05:00
161,Presión arterial sistólica,8480-6,98,mm[Hg],2026-09-11T07:49:00-05:00
161,Presión arterial diastólica,8462-4,65,mm[Hg],2026-09-11T07:49:00-05:00
161,Frecuencia respiratoria,9279-1,26,/min,2026-09-11T07:49:00-05:00
161,Saturación de oxígeno,59408-5,90,%,2026-09-11T07:49:00-05:00
161,Temperatura corporal,8310-5,36.7,Cel,2026-09-11T07:49:00-05:00
161,Escala de Glasgow,9269-2,12,{score},2026-09-11T07:49:00-05:00
162,Frecuencia cardiaca,8867-4,125,/min,2026-03-30T20:26:00-05:00
162,Presión arterial sistólica,8480-6,98,mm[Hg],2026-03-30T20:26:00-05:00
162,Presión arterial diastólica,8462-4,60,mm[Hg],2026-03-30T20:26:00-05:00
162,Frecuencia respiratoria,9279-1,25,/min,2026-03-30T20:26:00-05:00
162,Saturación de oxígeno,59408-5,87,%,2026-03-30T20:26:00-05:00
162,Temperatura corporal,8310-5,37.2,Cel,2026-03-30T20:26:00-05:00
162,Escala de Glasgow,9269-2,13,{score},2026-03-30T20:26:00-05:00
163,Frecuencia cardiaca,8867-4,91,/min,2026-04-10T20:19:00-05:00
163,Presión arterial sistólica,8480-6,86,mm[Hg],2026-04-10T20:19:00-05:00
163,Presión arterial diastólica,8462-4,71,mm[Hg],2026-04-10T20:19:00-05:00
163,Frecuencia respiratoria,9279-1,17,/min,2026-04-10T20:19:00-05:00
163,Saturación de oxígeno,59408-5,94,%,2026-04-10T20:19:00-05:00
163,Temperatura corporal,8310-5,37.3,Cel,2026-04-10T20:19:00-05:00
163,Escala de Glasgow,9269-2,14,{score},2026-04-10T20:19:00-05:00
164,Frecuencia cardiaca,8867-4,106,/min,2026-05-02T11:42:00-05:00
164,Presión arterial sistólica,8480-6,75,mm[Hg],2026-05-02T11:42:00-05:00
164,Presión arterial diastólica,8462-4,60,mm[Hg],2026-05-02T11:42:00-05:00
164,Frecuencia respiratoria,9279-1,23,/min,2026-05-02T11:42:00-05:00
164,Saturación de oxígeno,59408-5,87,%,2026-05-02T11:42:00-05:00
164,Temperatura corporal,8310-5,37.6,Cel,2026-05-02T11:42:00-05:00
164,Escala de Glasgow,9269-2,14,{score},2026-05-02T11:42:00-05:00
165,Frecuencia cardiaca,8867-4,123,/min,2026-07-15T06:46:00-05:00
165,Presión arterial sistólica,8480-6,162,mm[Hg],2026-07-15T06:46:00-05:00
165,Presión arterial diastólica,8462-4,63,mm[Hg],2026-07-15T06:46:00-05:00
165,Frecuencia respiratoria,9279-1,21,/min,2026-07-15T06:46:00-05:00
165,Saturación de oxígeno,59408-5,90,%,2026-07-15T06:46:00-05:00
165,Temperatura corporal,8310-5,37.3,Cel,2026-07-15T06:46:00-05:00
165,Escala de Glasgow,9269-2,14,{score},2026-07-15T06:46:00-05:00
166,Frecuencia cardiaca,8867-4,104,/min,2026-05-15T07:24:00-05:00
166,Presión arterial sistólica,8480-6,128,mm[Hg],2026-05-15T07:24:00-05:00
166,Presión arterial diastólica,8462-4,86,mm[Hg],2026-05-15T07:24:00-05:00
166,Frecuencia respiratoria,9279-1,14,/min,2026-05-15T07:24:00-05:00
166,Saturación de oxígeno,59408-5,93,%,2026-05-15T07:24:00-05:00
166,Temperatura corporal,8310-5,36.5,Cel,2026-05-15T07:24:00-05:00
166,Escala de Glasgow,9269-2,14,{score},2026-05-15T07:24:00-05:00
167,Frecuencia cardiaca,8867-4,93,/min,2026-03-20T13:32:00-05:00
167,Presión arterial sistólica,8480-6,72,mm[Hg],2026-03-20T13:32:00-05:00
167,Presión arterial diastólica,8462-4,57,mm[Hg],2026-03-20T13:32:00-05:00
167,Frecuencia respiratoria,9279-1,19,/min,2026-03-20T13:32:00-05:00
167,Saturación de oxígeno,59408-5,91,%,2026-03-20T13:32:00-05:00
167,Temperatura corporal,8310-5,37.8,Cel,2026-03-20T13:32:00-05:00
167,Escala de Glasgow,9269-2,13,{score},2026-03-20T13:32:00-05:00
168,Frecuencia cardiaca,8867-4,76,/min,2026-05-19T05:38:00-05:00
168,Presión arterial sistólica,8480-6,133,mm[Hg],2026-05-19T05:38:00-05:00
168,Presión arterial diastólica,8462-4,69,mm[Hg],2026-05-19T05:38:00-05:00
168,Frecuencia respiratoria,9279-1,18,/min,2026-05-19T05:38:00-05:00
168,Saturación de oxígeno,59408-5,93,%,2026-05-19T05:38:00-05:00
168,Temperatura corporal,8310-5,36.6,Cel,2026-05-19T05:38:00-05:00
168,Escala de Glasgow,9269-2,14,{score},2026-05-19T05:38:00-05:00
169,Frecuencia cardiaca,8867-4,96,/min,2026-04-11T05:05:00-05:00
169,Presión arterial sistólica,8480-6,86,mm[Hg],2026-04-11T05:05:00-05:00
169,Presión arterial diastólica,8462-4,71,mm[Hg],2026-04-11T05:05:00-05:00
169,Frecuencia respiratoria,9279-1,20,/min,2026-04-11T05:05:00-05:00
169,Saturación de oxígeno,59408-5,90,%,2026-04-11T05:05:00-05:00
169,Temperatura corporal,8310-5,38.5,Cel,2026-04-11T05:05:00-05:00
169,Escala de Glasgow,9269-2,15,{score},2026-04-11T05:05:00-05:00
170,Frecuencia cardiaca,8867-4,70,/min,2026-06-01T02:28:00-05:00
170,Presión arterial sistólica,8480-6,140,mm[Hg],2026-06-01T02:28:00-05:00
170,Presión arterial diastólica,8462-4,77,mm[Hg],2026-06-01T02:28:00-05:00
170,Frecuencia respiratoria,9279-1,20,/min,2026-06-01T02:28:00-05:00
170,Saturación de oxígeno,59408-5,95,%,2026-06-01T02:28:00-05:00
170,Temperatura corporal,8310-5,37.0,Cel,2026-06-01T02:28:00-05:00
170,Escala de Glasgow,9269-2,15,{score},2026-06-01T02:28:00-05:00
171,Frecuencia cardiaca,8867-4,85,/min,2026-08-29T16:18:00-05:00
171,Presión arterial sistólica,8480-6,106,mm[Hg],2026-08-29T16:18:00-05:00
171,Presión arterial diastólica,8462-4,64,mm[Hg],2026-08-29T16:18:00-05:00
171,Frecuencia respiratoria,9279-1,20,/min,2026-08-29T16:18:00-05:00
171,Saturación de oxígeno,59408-5,92,%,2026-08-29T16:18:00-05:00
171,Temperatura corporal,8310-5,37.3,Cel,2026-08-29T16:18:00-05:00
171,Escala de Glasgow,9269-2,14,{score},2026-08-29T16:18:00-05:00
172,Frecuencia cardiaca,8867-4,107,/min,2026-03-18T01:21:00-05:00
172,Presión arterial sistólica,8480-6,118,mm[Hg],2026-03-18T01:21:00-05:00
172,Presión arterial diastólica,8462-4,83,mm[Hg],2026-03-18T01:21:00-05:00
172,Frecuencia respiratoria,9279-1,17,/min,2026-03-18T01:21:00-05:00
172,Saturación de oxígeno,59408-5,95,%,2026-03-18T01:21:00-05:00
172,Temperatura corporal,8310-5,36.7,Cel,2026-03-18T01:21:00-05:00
172,Escala de Glasgow,9269-2,15,{score},2026-03-18T01:21:00-05:00
173,Frecuencia cardiaca,8867-4,97,/min,2026-06-14T18:29:00-05:00
173,Presión arterial sistólica,8480-6,96,mm[Hg],2026-06-14T18:29:00-05:00
173,Presión arterial diastólica,8462-4,74,mm[Hg],2026-06-14T18:29:00-05:00
173,Frecuencia respiratoria,9279-1,25,/min,2026-06-14T18:29:00-05:00
173,Saturación de oxígeno,59408-5,91,%,2026-06-14T18:29:00-05:00
173,Temperatura corporal,8310-5,37.2,Cel,2026-06-14T18:29:00-05:00
173,Escala de Glasgow,9269-2,15,{score},2026-06-14T18:29:00-05:00
174,Frecuencia cardiaca,8867-4,105,/min,2026-09-08T01:26:00-05:00
174,Presión arterial sistólica,8480-6,121,mm[Hg],2026-09-08T01:26:00-05:00
174,Presión arterial diastólica,8462-4,59,mm[Hg],2026-09-08T01:26:00-05:00
174,Frecuencia respiratoria,9279-1,20,/min,2026-09-08T01:26:00-05:00
174,Saturación de oxígeno,59408-5,89,%,2026-09-08T01:26:00-05:00
174,Temperatura corporal,8310-5,38.5,Cel,2026-09-08T01:26:00-05:00
174,Escala de Glasgow,9269-2,13,{score},2026-09-08T01:26:00-05:00
175,Frecuencia cardiaca,8867-4,143,/min,2026-07-17T09:38:00-05:00
175,Presión arterial sistólica,8480-6,111,mm[Hg],2026-07-17T09:38:00-05:00
175,Presión arterial diastólica,8462-4,83,mm[Hg],2026-07-17T09:38:00-05:00
175,Frecuencia respiratoria,9279-1,27,/min,2026-07-17T09:38:00-05:00
175,Saturación de oxígeno,59408-5,92,%,2026-07-17T09:38:00-05:00
175,Temperatura corporal,8310-5,37.1,Cel,2026-07-17T09:38:00-05:00
175,Escala de Glasgow,9269-2,12,{score},2026-07-17T09:38:00-05:00
176,Frecuencia cardiaca,8867-4,104,/min,2026-07-24T03:49:00-05:00
176,Presión arterial sistólica,8480-6,109,mm[Hg],2026-07-24T03:49:00-05:00
176,Presión arterial diastólica,8462-4,57,mm[Hg],2026-07-24T03:49:00-05:00
176,Frecuencia respiratoria,9279-1,20,/min,2026-07-24T03:49:00-05:00
176,Saturación de oxígeno,59408-5,83,%,2026-07-24T03:49:00-05:00
176,Temperatura corporal,8310-5,38.5,Cel,2026-07-24T03:49:00-05:00
176,Escala de Glasgow,9269-2,10,{score},2026-07-24T03:49:00-05:00
177,Frecuencia cardiaca,8867-4,78,/min,2026-05-03T08:00:00-05:00
177,Presión arterial sistólica,8480-6,142,mm[Hg],2026-05-03T08:00:00-05:00
177,Presión arterial diastólica,8462-4,74,mm[Hg],2026-05-03T08:00:00-05:00
177,Frecuencia respiratoria,9279-1,22,/min,2026-05-03T08:00:00-05:00
177,Saturación de oxígeno,59408-5,95,%,2026-05-03T08:00:00-05:00
177,Temperatura corporal,8310-5,36.8,Cel,2026-05-03T08:00:00-05:00
177,Escala de Glasgow,9269-2,15,{score},2026-05-03T08:00:00-05:00
178,Frecuencia cardiaca,8867-4,113,/min,2026-08-23T09:39:00-05:00
178,Presión arterial sistólica,8480-6,67,mm[Hg],2026-08-23T09:39:00-05:00
178,Presión arterial diastólica,8462-4,52,mm[Hg],2026-08-23T09:39:00-05:00
178,Frecuencia respiratoria,9279-1,25,/min,2026-08-23T09:39:00-05:00
178,Saturación de oxígeno,59408-5,85,%,2026-08-23T09:39:00-05:00
178,Temperatura corporal,8310-5,38.8,Cel,2026-08-23T09:39:00-05:00
178,Escala de Glasgow,9269-2,11,{score},2026-08-23T09:39:00-05:00
179,Frecuencia cardiaca,8867-4,110,/min,2026-03-19T02:43:00-05:00
179,Presión arterial sistólica,8480-6,105,mm[Hg],2026-03-19T02:43:00-05:00
179,Presión arterial diastólica,8462-4,78,mm[Hg],2026-03-19T02:43:00-05:00
179,Frecuencia respiratoria,9279-1,21,/min,2026-03-19T02:43:00-05:00
179,Saturación de oxígeno,59408-5,95,%,2026-03-19T02:43:00-05:00
179,Temperatura corporal,8310-5,37.3,Cel,2026-03-19T02:43:00-05:00
179,Escala de Glasgow,9269-2,15,{score},2026-03-19T02:43:00-05:00
180,Frecuencia cardiaca,8867-4,109,/min,2026-08-13T09:29:00-05:00
180,Presión arterial sistólica,8480-6,115,mm[Hg],2026-08-13T09:29:00-05:00
180,Presión arterial diastólica,8462-4,73,mm[Hg],2026-08-13T09:29:00-05:00
180,Frecuencia respiratoria,9279-1,23,/min,2026-08-13T09:29:00-05:00
180,Saturación de oxígeno,59408-5,91,%,2026-08-13T09:29:00-05:00
180,Temperatura corporal,8310-5,37.2,Cel,2026-08-13T09:29:00-05:00
180,Escala de Glasgow,9269-2,11,{score},2026-08-13T09:29:00-05:00
181,Frecuencia cardiaca,8867-4,92,/min,2026-07-10T09:55:00-05:00
181,Presión arterial sistólica,8480-6,100,mm[Hg],2026-07-10T09:55:00-05:00
181,Presión arterial diastólica,8462-4,85,mm[Hg],2026-07-10T09:55:00-05:00
181,Frecuencia respiratoria,9279-1,23,/min,2026-07-10T09:55:00-05:00
181,Saturación de oxígeno,59408-5,96,%,2026-07-10T09:55:00-05:00
181,Temperatura corporal,8310-5,36.9,Cel,2026-07-10T09:55:00-05:00
181,Escala de Glasgow,9269-2,15,{score},2026-07-10T09:55:00-05:00
182,Frecuencia cardiaca,8867-4,135,/min,2026-03-18T05:41:00-05:00
182,Presión arterial sistólica,8480-6,112,mm[Hg],2026-03-18T05:41:00-05:00
182,Presión arterial diastólica,8462-4,73,mm[Hg],2026-03-18T05:41:00-05:00
182,Frecuencia respiratoria,9279-1,26,/min,2026-03-18T05:41:00-05:00
182,Saturación de oxígeno,59408-5,86,%,2026-03-18T05:41:00-05:00
182,Temperatura corporal,8310-5,38.9,Cel,2026-03-18T05:41:00-05:00
182,Escala de Glasgow,9269-2,13,{score},2026-03-18T05:41:00-05:00
183,Frecuencia cardiaca,8867-4,121,/min,2026-08-16T13:43:00-05:00
183,Presión arterial sistólica,8480-6,91,mm[Hg],2026-08-16T13:43:00-05:00
183,Presión arterial diastólica,8462-4,52,mm[Hg],2026-08-16T13:43:00-05:00
183,Frecuencia respiratoria,9279-1,25,/min,2026-08-16T13:43:00-05:00
183,Saturación de oxígeno,59408-5,88,%,2026-08-16T13:43:00-05:00
183,Temperatura corporal,8310-5,37.8,Cel,2026-08-16T13:43:00-05:00
183,Escala de Glasgow,9269-2,9,{score},2026-08-16T13:43:00-05:00
184,Frecuencia cardiaca,8867-4,101,/min,2026-08-30T00:23:00-05:00
184,Presión arterial sistólica,8480-6,130,mm[Hg],2026-08-30T00:23:00-05:00
184,Presión arterial diastólica,8462-4,66,mm[Hg],2026-08-30T00:23:00-05:00
184,Frecuencia respiratoria,9279-1,18,/min,2026-08-30T00:23:00-05:00
184,Saturación de oxígeno,59408-5,96,%,2026-08-30T00:23:00-05:00
184,Temperatura corporal,8310-5,37.2,Cel,2026-08-30T00:23:00-05:00
184,Escala de Glasgow,9269-2,15,{score},2026-08-30T00:23:00-05:00
185,Frecuencia cardiaca,8867-4,132,/min,2026-04-07T15:27:00-05:00
185,Presión arterial sistólica,8480-6,103,mm[Hg],2026-04-07T15:27:00-05:00
185,Presión arterial diastólica,8462-4,52,mm[Hg],2026-04-07T15:27:00-05:00
185,Frecuencia respiratoria,9279-1,29,/min,2026-04-07T15:27:00-05:00
185,Saturación de oxígeno,59408-5,93,%,2026-04-07T15:27:00-05:00
185,Temperatura corporal,8310-5,37.1,Cel,2026-04-07T15:27:00-05:00
185,Escala de Glasgow,9269-2,9,{score},2026-04-07T15:27:00-05:00
186,Frecuencia cardiaca,8867-4,87,/min,2026-06-04T17:55:00-05:00
186,Presión arterial sistólica,8480-6,96,mm[Hg],2026-06-04T17:55:00-05:00
186,Presión arterial diastólica,8462-4,78,mm[Hg],2026-06-04T17:55:00-05:00
186,Frecuencia respiratoria,9279-1,23,/min,2026-06-04T17:55:00-05:00
186,Saturación de oxígeno,59408-5,89,%,2026-06-04T17:55:00-05:00
186,Temperatura corporal,8310-5,36.9,Cel,2026-06-04T17:55:00-05:00
186,Escala de Glasgow,9269-2,13,{score},2026-06-04T17:55:00-05:00
187,Frecuencia cardiaca,8867-4,86,/min,2026-09-02T12:53:00-05:00
187,Presión arterial sistólica,8480-6,91,mm[Hg],2026-09-02T12:53:00-05:00
187,Presión arterial diastólica,8462-4,52,mm[Hg],2026-09-02T12:53:00-05:00
187,Frecuencia respiratoria,9279-1,28,/min,2026-09-02T12:53:00-05:00
187,Saturación de oxígeno,59408-5,91,%,2026-09-02T12:53:00-05:00
187,Temperatura corporal,8310-5,38.4,Cel,2026-09-02T12:53:00-05:00
187,Escala de Glasgow,9269-2,13,{score},2026-09-02T12:53:00-05:00
188,Frecuencia cardiaca,8867-4,113,/min,2026-03-30T15:50:00-05:00
188,Presión arterial sistólica,8480-6,131,mm[Hg],2026-03-30T15:50:00-05:00
188,Presión arterial diastólica,8462-4,68,mm[Hg],2026-03-30T15:50:00-05:00
188,Frecuencia respiratoria,9279-1,15,/min,2026-03-30T15:50:00-05:00
188,Saturación de oxígeno,59408-5,87,%,2026-03-30T15:50:00-05:00
188,Temperatura corporal,8310-5,38.0,Cel,2026-03-30T15:50:00-05:00
188,Escala de Glasgow,9269-2,12,{score},2026-03-30T15:50:00-05:00
189,Frecuencia cardiaca,8867-4,87,/min,2026-04-01T16:54:00-05:00
189,Presión arterial sistólica,8480-6,112,mm[Hg],2026-04-01T16:54:00-05:00
189,Presión arterial diastólica,8462-4,84,mm[Hg],2026-04-01T16:54:00-05:00
189,Frecuencia respiratoria,9279-1,17,/min,2026-04-01T16:54:00-05:00
189,Saturación de oxígeno,59408-5,95,%,2026-04-01T16:54:00-05:00
189,Temperatura corporal,8310-5,37.2,Cel,2026-04-01T16:54:00-05:00
189,Escala de Glasgow,9269-2,14,{score},2026-04-01T16:54:00-05:00
190,Frecuencia cardiaca,8867-4,86,/min,2026-08-19T11:29:00-05:00
190,Presión arterial sistólica,8480-6,112,mm[Hg],2026-08-19T11:29:00-05:00
190,Presión arterial diastólica,8462-4,61,mm[Hg],2026-08-19T11:29:00-05:00
190,Frecuencia respiratoria,9279-1,17,/min,2026-08-19T11:29:00-05:00
190,Saturación de oxígeno,59408-5,91,%,2026-08-19T11:29:00-05:00
190,Temperatura corporal,8310-5,36.9,Cel,2026-08-19T11:29:00-05:00
190,Escala de Glasgow,9269-2,15,{score},2026-08-19T11:29:00-05:00
191,Frecuencia cardiaca,8867-4,79,/min,2026-05-28T02:56:00-05:00
191,Presión arterial sistólica,8480-6,126,mm[Hg],2026-05-28T02:56:00-05:00
191,Presión arterial diastólica,8462-4,60,mm[Hg],2026-05-28T02:56:00-05:00
191,Frecuencia respiratoria,9279-1,21,/min,2026-05-28T02:56:00-05:00
191,Saturación de oxígeno,59408-5,96,%,2026-05-28T02:56:00-05:00
191,Temperatura corporal,8310-5,37.1,Cel,2026-05-28T02:56:00-05:00
191,Escala de Glasgow,9269-2,15,{score},2026-05-28T02:56:00-05:00
192,Frecuencia cardiaca,8867-4,104,/min,2026-08-27T13:08:00-05:00
192,Presión arterial sistólica,8480-6,67,mm[Hg],2026-08-27T13:08:00-05:00
192,Presión arterial diastólica,8462-4,52,mm[Hg],2026-08-27T13:08:00-05:00
192,Frecuencia respiratoria,9279-1,25,/min,2026-08-27T13:08:00-05:00
192,Saturación de oxígeno,59408-5,85,%,2026-08-27T13:08:00-05:00
192,Temperatura corporal,8310-5,38.1,Cel,2026-08-27T13:08:00-05:00
192,Escala de Glasgow,9269-2,8,{score},2026-08-27T13:08:00-05:00
193,Frecuencia cardiaca,8867-4,100,/min,2026-08-26T00:21:00-05:00
193,Presión arterial sistólica,8480-6,134,mm[Hg],2026-08-26T00:21:00-05:00
193,Presión arterial diastólica,8462-4,88,mm[Hg],2026-08-26T00:21:00-05:00
193,Frecuencia respiratoria,9279-1,19,/min,2026-08-26T00:21:00-05:00
193,Saturación de oxígeno,59408-5,94,%,2026-08-26T00:21:00-05:00
193,Temperatura corporal,8310-5,35.8,Cel,2026-08-26T00:21:00-05:00
193,Escala de Glasgow,9269-2,15,{score},2026-08-26T00:21:00-05:00
194,Frecuencia cardiaca,8867-4,106,/min,2026-04-05T19:44:00-05:00
194,Presión arterial sistólica,8480-6,85,mm[Hg],2026-04-05T19:44:00-05:00
194,Presión arterial diastólica,8462-4,57,mm[Hg],2026-04-05T19:44:00-05:00
194,Frecuencia respiratoria,9279-1,26,/min,2026-04-05T19:44:00-05:00
194,Saturación de oxígeno,59408-5,89,%,2026-04-05T19:44:00-05:00
194,Temperatura corporal,8310-5,36.7,Cel,2026-04-05T19:44:00-05:00
194,Escala de Glasgow,9269-2,13,{score},2026-04-05T19:44:00-05:00
195,Frecuencia cardiaca,8867-4,90,/min,2026-08-21T08:02:00-05:00
195,Presión arterial sistólica,8480-6,113,mm[Hg],2026-08-21T08:02:00-05:00
195,Presión arterial diastólica,8462-4,71,mm[Hg],2026-08-21T08:02:00-05:00
195,Frecuencia respiratoria,9279-1,26,/min,2026-08-21T08:02:00-05:00
195,Saturación de oxígeno,59408-5,97,%,2026-08-21T08:02:00-05:00
195,Temperatura corporal,8310-5,38.8,Cel,2026-08-21T08:02:00-05:00
195,Escala de Glasgow,9269-2,13,{score},2026-08-21T08:02:00-05:00
196,Frecuencia cardiaca,8867-4,118,/min,2026-07-28T13:08:00-05:00
196,Presión arterial sistólica,8480-6,115,mm[Hg],2026-07-28T13:08:00-05:00
196,Presión arterial diastólica,8462-4,48,mm[Hg],2026-07-28T13:08:00-05:00
196,Frecuencia respiratoria,9279-1,21,/min,2026-07-28T13:08:00-05:00
196,Saturación de oxígeno,59408-5,90,%,2026-07-28T13:08:00-05:00
196,Temperatura corporal,8310-5,38.6,Cel,2026-07-28T13:08:00-05:00
196,Escala de Glasgow,9269-2,9,{score},2026-07-28T13:08:00-05:00
197,Frecuencia cardiaca,8867-4,138,/min,2026-05-03T17:12:00-05:00
197,Presión arterial sistólica,8480-6,80,mm[Hg],2026-05-03T17:12:00-05:00
197,Presión arterial diastólica,8462-4,45,mm[Hg],2026-05-03T17:12:00-05:00
197,Frecuencia respiratoria,9279-1,31,/min,2026-05-03T17:12:00-05:00
197,Saturación de oxígeno,59408-5,85,%,2026-05-03T17:12:00-05:00
197,Temperatura corporal,8310-5,38.8,Cel,2026-05-03T17:12:00-05:00
197,Escala de Glasgow,9269-2,11,{score},2026-05-03T17:12:00-05:00
198,Frecuencia cardiaca,8867-4,116,/min,2026-09-01T05:05:00-05:00
198,Presión arterial sistólica,8480-6,68,mm[Hg],2026-09-01T05:05:00-05:00
198,Presión arterial diastólica,8462-4,50,mm[Hg],2026-09-01T05:05:00-05:00
198,Frecuencia respiratoria,9279-1,21,/min,2026-09-01T05:05:00-05:00
198,Saturación de oxígeno,59408-5,86,%,2026-09-01T05:05:00-05:00
198,Temperatura corporal,8310-5,37.5,Cel,2026-09-01T05:05:00-05:00
198,Escala de Glasgow,9269-2,7,{score},2026-09-01T05:05:00-05:00
199,Frecuencia cardiaca,8867-4,112,/min,2026-04-01T19:05:00-05:00
199,Presión arterial sistólica,8480-6,89,mm[Hg],2026-04-01T19:05:00-05:00
199,Presión arterial diastólica,8462-4,45,mm[Hg],2026-04-01T19:05:00-05:00
199,Frecuencia respiratoria,9279-1,28,/min,2026-04-01T19:05:00-05:00
199,Saturación de oxígeno,59408-5,91,%,2026-04-01T19:05:00-05:00
199,Temperatura corporal,8310-5,38.0,Cel,2026-04-01T19:05:00-05:00
199,Escala de Glasgow,9269-2,13,{score},2026-04-01T19:05:00-05:00
200,Frecuencia cardiaca,8867-4,95,/min,2026-05-03T19:14:00-05:00
200,Presión arterial sistólica,8480-6,137,mm[Hg],2026-05-03T19:14:00-05:00
200,Presión arterial diastólica,8462-4,59,mm[Hg],2026-05-03T19:14:00-05:00
200,Frecuencia respiratoria,9279-1,23,/min,2026-05-03T19:14:00-05:00
200,Saturación de oxígeno,59408-5,87,%,2026-05-03T19:14:00-05:00
200,Temperatura corporal,8310-5,38.0,Cel,2026-05-03T19:14:00-05:00
200,Escala de Glasgow,9269-2,10,{score},2026-05-03T19:14:00-05:00
201,Frecuencia cardiaca,8867-4,123,/min,2026-05-13T16:40:00-05:00
201,Presión arterial sistólica,8480-6,116,mm[Hg],2026-05-13T16:40:00-05:00
201,Presión arterial diastólica,8462-4,62,mm[Hg],2026-05-13T16:40:00-05:00
201,Frecuencia respiratoria,9279-1,30,/min,2026-05-13T16:40:00-05:00
201,Saturación de oxígeno,59408-5,86,%,2026-05-13T16:40:00-05:00
201,Temperatura corporal,8310-5,37.3,Cel,2026-05-13T16:40:00-05:00
201,Escala de Glasgow,9269-2,9,{score},2026-05-13T16:40:00-05:00
202,Frecuencia cardiaca,8867-4,80,/min,2026-05-01T08:23:00-05:00
202,Presión arterial sistólica,8480-6,142,mm[Hg],2026-05-01T08:23:00-05:00
202,Presión arterial diastólica,8462-4,74,mm[Hg],2026-05-01T08:23:00-05:00
202,Frecuencia respiratoria,9279-1,14,/min,2026-05-01T08:23:00-05:00
202,Saturación de oxígeno,59408-5,93,%,2026-05-01T08:23:00-05:00
202,Temperatura corporal,8310-5,36.7,Cel,2026-05-01T08:23:00-05:00
202,Escala de Glasgow,9269-2,15,{score},2026-05-01T08:23:00-05:00
203,Frecuencia cardiaca,8867-4,81,/min,2026-05-28T11:48:00-05:00
203,Presión arterial sistólica,8480-6,110,mm[Hg],2026-05-28T11:48:00-05:00
203,Presión arterial diastólica,8462-4,72,mm[Hg],2026-05-28T11:48:00-05:00
203,Frecuencia respiratoria,9279-1,15,/min,2026-05-28T11:48:00-05:00
203,Saturación de oxígeno,59408-5,97,%,2026-05-28T11:48:00-05:00
203,Temperatura corporal,8310-5,37.0,Cel,2026-05-28T11:48:00-05:00
203,Escala de Glasgow,9269-2,15,{score},2026-05-28T11:48:00-05:00
204,Frecuencia cardiaca,8867-4,114,/min,2026-06-16T16:31:00-05:00
204,Presión arterial sistólica,8480-6,125,mm[Hg],2026-06-16T16:31:00-05:00
204,Presión arterial diastólica,8462-4,81,mm[Hg],2026-06-16T16:31:00-05:00
204,Frecuencia respiratoria,9279-1,16,/min,2026-06-16T16:31:00-05:00
204,Saturación de oxígeno,59408-5,98,%,2026-06-16T16:31:00-05:00
204,Temperatura corporal,8310-5,37.2,Cel,2026-06-16T16:31:00-05:00
204,Escala de Glasgow,9269-2,15,{score},2026-06-16T16:31:00-05:00
205,Frecuencia cardiaca,8867-4,115,/min,2026-03-31T12:04:00-05:00
205,Presión arterial sistólica,8480-6,96,mm[Hg],2026-03-31T12:04:00-05:00
205,Presión arterial diastólica,8462-4,76,mm[Hg],2026-03-31T12:04:00-05:00
205,Frecuencia respiratoria,9279-1,24,/min,2026-03-31T12:04:00-05:00
205,Saturación de oxígeno,59408-5,90,%,2026-03-31T12:04:00-05:00
205,Temperatura corporal,8310-5,37.6,Cel,2026-03-31T12:04:00-05:00
205,Escala de Glasgow,9269-2,15,{score},2026-03-31T12:04:00-05:00
206,Frecuencia cardiaca,8867-4,108,/min,2026-04-26T01:17:00-05:00
206,Presión arterial sistólica,8480-6,121,mm[Hg],2026-04-26T01:17:00-05:00
206,Presión arterial diastólica,8462-4,49,mm[Hg],2026-04-26T01:17:00-05:00
206,Frecuencia respiratoria,9279-1,17,/min,2026-04-26T01:17:00-05:00
206,Saturación de oxígeno,59408-5,94,%,2026-04-26T01:17:00-05:00
206,Temperatura corporal,8310-5,36.7,Cel,2026-04-26T01:17:00-05:00
206,Escala de Glasgow,9269-2,14,{score},2026-04-26T01:17:00-05:00
207,Frecuencia cardiaca,8867-4,99,/min,2026-03-13T01:42:00-05:00
207,Presión arterial sistólica,8480-6,99,mm[Hg],2026-03-13T01:42:00-05:00
207,Presión arterial diastólica,8462-4,60,mm[Hg],2026-03-13T01:42:00-05:00
207,Frecuencia respiratoria,9279-1,23,/min,2026-03-13T01:42:00-05:00
207,Saturación de oxígeno,59408-5,91,%,2026-03-13T01:42:00-05:00
207,Temperatura corporal,8310-5,37.3,Cel,2026-03-13T01:42:00-05:00
207,Escala de Glasgow,9269-2,13,{score},2026-03-13T01:42:00-05:00
208,Frecuencia cardiaca,8867-4,90,/min,2026-06-02T05:10:00-05:00
208,Presión arterial sistólica,8480-6,109,mm[Hg],2026-06-02T05:10:00-05:00
208,Presión arterial diastólica,8462-4,52,mm[Hg],2026-06-02T05:10:00-05:00
208,Frecuencia respiratoria,9279-1,24,/min,2026-06-02T05:10:00-05:00
208,Saturación de oxígeno,59408-5,89,%,2026-06-02T05:10:00-05:00
208,Temperatura corporal,8310-5,37.8,Cel,2026-06-02T05:10:00-05:00
208,Escala de Glasgow,9269-2,11,{score},2026-06-02T05:10:00-05:00
209,Frecuencia cardiaca,8867-4,78,/min,2026-05-16T00:51:00-05:00
209,Presión arterial sistólica,8480-6,138,mm[Hg],2026-05-16T00:51:00-05:00
209,Presión arterial diastólica,8462-4,90,mm[Hg],2026-05-16T00:51:00-05:00
209,Frecuencia respiratoria,9279-1,22,/min,2026-05-16T00:51:00-05:00
209,Saturación de oxígeno,59408-5,97,%,2026-05-16T00:51:00-05:00
209,Temperatura corporal,8310-5,36.9,Cel,2026-05-16T00:51:00-05:00
209,Escala de Glasgow,9269-2,15,{score},2026-05-16T00:51:00-05:00
210,Frecuencia cardiaca,8867-4,105,/min,2026-05-15T14:50:00-05:00
210,Presión arterial sistólica,8480-6,106,mm[Hg],2026-05-15T14:50:00-05:00
210,Presión arterial diastólica,8462-4,81,mm[Hg],2026-05-15T14:50:00-05:00
210,Frecuencia respiratoria,9279-1,20,/min,2026-05-15T14:50:00-05:00
210,Saturación de oxígeno,59408-5,96,%,2026-05-15T14:50:00-05:00
210,Temperatura corporal,8310-5,37.3,Cel,2026-05-15T14:50:00-05:00
210,Escala de Glasgow,9269-2,14,{score},2026-05-15T14:50:00-05:00
211,Frecuencia cardiaca,8867-4,100,/min,2026-06-12T05:04:00-05:00
211,Presión arterial sistólica,8480-6,100,mm[Hg],2026-06-12T05:04:00-05:00
211,Presión arterial diastólica,8462-4,62,mm[Hg],2026-06-12T05:04:00-05:00
211,Frecuencia respiratoria,9279-1,22,/min,2026-06-12T05:04:00-05:00
211,Saturación de oxígeno,59408-5,89,%,2026-06-12T05:04:00-05:00
211,Temperatura corporal,8310-5,36.8,Cel,2026-06-12T05:04:00-05:00
211,Escala de Glasgow,9269-2,14,{score},2026-06-12T05:04:00-05:00
212,Frecuencia cardiaca,8867-4,84,/min,2026-08-07T04:29:00-05:00
212,Presión arterial sistólica,8480-6,86,mm[Hg],2026-08-07T04:29:00-05:00
212,Presión arterial diastólica,8462-4,71,mm[Hg],2026-08-07T04:29:00-05:00
212,Frecuencia respiratoria,9279-1,25,/min,2026-08-07T04:29:00-05:00
212,Saturación de oxígeno,59408-5,92,%,2026-08-07T04:29:00-05:00
212,Temperatura corporal,8310-5,38.0,Cel,2026-08-07T04:29:00-05:00
212,Escala de Glasgow,9269-2,15,{score},2026-08-07T04:29:00-05:00
213,Frecuencia cardiaca,8867-4,81,/min,2026-07-09T02:19:00-05:00
213,Presión arterial sistólica,8480-6,125,mm[Hg],2026-07-09T02:19:00-05:00
213,Presión arterial diastólica,8462-4,80,mm[Hg],2026-07-09T02:19:00-05:00
213,Frecuencia respiratoria,9279-1,16,/min,2026-07-09T02:19:00-05:00
213,Saturación de oxígeno,59408-5,99,%,2026-07-09T02:19:00-05:00
213,Temperatura corporal,8310-5,37.0,Cel,2026-07-09T02:19:00-05:00
213,Escala de Glasgow,9269-2,15,{score},2026-07-09T02:19:00-05:00
214,Frecuencia cardiaca,8867-4,103,/min,2026-08-16T07:32:00-05:00
214,Presión arterial sistólica,8480-6,77,mm[Hg],2026-08-16T07:32:00-05:00
214,Presión arterial diastólica,8462-4,62,mm[Hg],2026-08-16T07:32:00-05:00
214,Frecuencia respiratoria,9279-1,26,/min,2026-08-16T07:32:00-05:00
214,Saturación de oxígeno,59408-5,93,%,2026-08-16T07:32:00-05:00
214,Temperatura corporal,8310-5,38.3,Cel,2026-08-16T07:32:00-05:00
214,Escala de Glasgow,9269-2,15,{score},2026-08-16T07:32:00-05:00
215,Frecuencia cardiaca,8867-4,94,/min,2026-07-05T19:19:00-05:00
215,Presión arterial sistólica,8480-6,120,mm[Hg],2026-07-05T19:19:00-05:00
215,Presión arterial diastólica,8462-4,63,mm[Hg],2026-07-05T19:19:00-05:00
215,Frecuencia respiratoria,9279-1,16,/min,2026-07-05T19:19:00-05:00
215,Saturación de oxígeno,59408-5,97,%,2026-07-05T19:19:00-05:00
215,Temperatura corporal,8310-5,36.7,Cel,2026-07-05T19:19:00-05:00
215,Escala de Glasgow,9269-2,13,{score},2026-07-05T19:19:00-05:00
216,Frecuencia cardiaca,8867-4,84,/min,2026-08-11T20:59:00-05:00
216,Presión arterial sistólica,8480-6,127,mm[Hg],2026-08-11T20:59:00-05:00
216,Presión arterial diastólica,8462-4,81,mm[Hg],2026-08-11T20:59:00-05:00
216,Frecuencia respiratoria,9279-1,17,/min,2026-08-11T20:59:00-05:00
216,Saturación de oxígeno,59408-5,92,%,2026-08-11T20:59:00-05:00
216,Temperatura corporal,8310-5,37.0,Cel,2026-08-11T20:59:00-05:00
216,Escala de Glasgow,9269-2,15,{score},2026-08-11T20:59:00-05:00
217,Frecuencia cardiaca,8867-4,82,/min,2026-07-08T03:45:00-05:00
217,Presión arterial sistólica,8480-6,104,mm[Hg],2026-07-08T03:45:00-05:00
217,Presión arterial diastólica,8462-4,62,mm[Hg],2026-07-08T03:45:00-05:00
217,Frecuencia respiratoria,9279-1,22,/min,2026-07-08T03:45:00-05:00
217,Saturación de oxígeno,59408-5,92,%,2026-07-08T03:45:00-05:00
217,Temperatura corporal,8310-5,39.0,Cel,2026-07-08T03:45:00-05:00
217,Escala de Glasgow,9269-2,13,{score},2026-07-08T03:45:00-05:00
218,Frecuencia cardiaca,8867-4,118,/min,2026-07-12T09:43:00-05:00
218,Presión arterial sistólica,8480-6,85,mm[Hg],2026-07-12T09:43:00-05:00
218,Presión arterial diastólica,8462-4,52,mm[Hg],2026-07-12T09:43:00-05:00
218,Frecuencia respiratoria,9279-1,33,/min,2026-07-12T09:43:00-05:00
218,Saturación de oxígeno,59408-5,88,%,2026-07-12T09:43:00-05:00
218,Temperatura corporal,8310-5,37.2,Cel,2026-07-12T09:43:00-05:00
218,Escala de Glasgow,9269-2,12,{score},2026-07-12T09:43:00-05:00
219,Frecuencia cardiaca,8867-4,89,/min,2026-07-28T07:05:00-05:00
219,Presión arterial sistólica,8480-6,133,mm[Hg],2026-07-28T07:05:00-05:00
219,Presión arterial diastólica,8462-4,83,mm[Hg],2026-07-28T07:05:00-05:00
219,Frecuencia respiratoria,9279-1,23,/min,2026-07-28T07:05:00-05:00
219,Saturación de oxígeno,59408-5,99,%,2026-07-28T07:05:00-05:00
219,Temperatura corporal,8310-5,37.2,Cel,2026-07-28T07:05:00-05:00
219,Escala de Glasgow,9269-2,14,{score},2026-07-28T07:05:00-05:00
220,Frecuencia cardiaca,8867-4,111,/min,2026-04-15T01:50:00-05:00
220,Presión arterial sistólica,8480-6,66,mm[Hg],2026-04-15T01:50:00-05:00
220,Presión arterial diastólica,8462-4,51,mm[Hg],2026-04-15T01:50:00-05:00
220,Frecuencia respiratoria,9279-1,23,/min,2026-04-15T01:50:00-05:00
220,Saturación de oxígeno,59408-5,89,%,2026-04-15T01:50:00-05:00
220,Temperatura corporal,8310-5,38.3,Cel,2026-04-15T01:50:00-05:00
220,Escala de Glasgow,9269-2,12,{score},2026-04-15T01:50:00-05:00
221,Frecuencia cardiaca,8867-4,88,/min,2026-07-19T08:21:00-05:00
221,Presión arterial sistólica,8480-6,144,mm[Hg],2026-07-19T08:21:00-05:00
221,Presión arterial diastólica,8462-4,74,mm[Hg],2026-07-19T08:21:00-05:00
221,Frecuencia respiratoria,9279-1,14,/min,2026-07-19T08:21:00-05:00
221,Saturación de oxígeno,59408-5,96,%,2026-07-19T08:21:00-05:00
221,Temperatura corporal,8310-5,36.6,Cel,2026-07-19T08:21:00-05:00
221,Escala de Glasgow,9269-2,15,{score},2026-07-19T08:21:00-05:00
222,Frecuencia cardiaca,8867-4,110,/min,2026-04-03T15:25:00-05:00
222,Presión arterial sistólica,8480-6,140,mm[Hg],2026-04-03T15:25:00-05:00
222,Presión arterial diastólica,8462-4,76,mm[Hg],2026-04-03T15:25:00-05:00
222,Frecuencia respiratoria,9279-1,30,/min,2026-04-03T15:25:00-05:00
222,Saturación de oxígeno,59408-5,93,%,2026-04-03T15:25:00-05:00
222,Temperatura corporal,8310-5,38.7,Cel,2026-04-03T15:25:00-05:00
222,Escala de Glasgow,9269-2,12,{score},2026-04-03T15:25:00-05:00
223,Frecuencia cardiaca,8867-4,84,/min,2026-05-05T09:35:00-05:00
223,Presión arterial sistólica,8480-6,148,mm[Hg],2026-05-05T09:35:00-05:00
223,Presión arterial diastólica,8462-4,76,mm[Hg],2026-05-05T09:35:00-05:00
223,Frecuencia respiratoria,9279-1,18,/min,2026-05-05T09:35:00-05:00
223,Saturación de oxígeno,59408-5,94,%,2026-05-05T09:35:00-05:00
223,Temperatura corporal,8310-5,37.2,Cel,2026-05-05T09:35:00-05:00
223,Escala de Glasgow,9269-2,14,{score},2026-05-05T09:35:00-05:00
224,Frecuencia cardiaca,8867-4,87,/min,2026-09-19T18:21:00-05:00
224,Presión arterial sistólica,8480-6,119,mm[Hg],2026-09-19T18:21:00-05:00
224,Presión arterial diastólica,8462-4,64,mm[Hg],2026-09-19T18:21:00-05:00
224,Frecuencia respiratoria,9279-1,16,/min,2026-09-19T18:21:00-05:00
224,Saturación de oxígeno,59408-5,96,%,2026-09-19T18:21:00-05:00
224,Temperatura corporal,8310-5,36.9,Cel,2026-09-19T18:21:00-05:00
224,Escala de Glasgow,9269-2,14,{score},2026-09-19T18:21:00-05:00
225,Frecuencia cardiaca,8867-4,107,/min,2026-04-07T01:07:00-05:00
225,Presión arterial sistólica,8480-6,76,mm[Hg],2026-04-07T01:07:00-05:00
225,Presión arterial diastólica,8462-4,61,mm[Hg],2026-04-07T01:07:00-05:00
225,Frecuencia respiratoria,9279-1,26,/min,2026-04-07T01:07:00-05:00
225,Saturación de oxígeno,59408-5,85,%,2026-04-07T01:07:00-05:00
225,Temperatura corporal,8310-5,36.5,Cel,2026-04-07T01:07:00-05:00
225,Escala de Glasgow,9269-2,9,{score},2026-04-07T01:07:00-05:00
226,Frecuencia cardiaca,8867-4,85,/min,2026-06-13T11:06:00-05:00
226,Presión arterial sistólica,8480-6,110,mm[Hg],2026-06-13T11:06:00-05:00
226,Presión arterial diastólica,8462-4,83,mm[Hg],2026-06-13T11:06:00-05:00
226,Frecuencia respiratoria,9279-1,21,/min,2026-06-13T11:06:00-05:00
226,Saturación de oxígeno,59408-5,93,%,2026-06-13T11:06:00-05:00
226,Temperatura corporal,8310-5,36.7,Cel,2026-06-13T11:06:00-05:00
226,Escala de Glasgow,9269-2,15,{score},2026-06-13T11:06:00-05:00
227,Frecuencia cardiaca,8867-4,87,/min,2026-06-14T19:03:00-05:00
227,Presión arterial sistólica,8480-6,117,mm[Hg],2026-06-14T19:03:00-05:00
227,Presión arterial diastólica,8462-4,87,mm[Hg],2026-06-14T19:03:00-05:00
227,Frecuencia respiratoria,9279-1,22,/min,2026-06-14T19:03:00-05:00
227,Saturación de oxígeno,59408-5,94,%,2026-06-14T19:03:00-05:00
227,Temperatura corporal,8310-5,38.0,Cel,2026-06-14T19:03:00-05:00
227,Escala de Glasgow,9269-2,15,{score},2026-06-14T19:03:00-05:00
228,Frecuencia cardiaca,8867-4,94,/min,2026-05-16T14:28:00-05:00
228,Presión arterial sistólica,8480-6,126,mm[Hg],2026-05-16T14:28:00-05:00
228,Presión arterial diastólica,8462-4,71,mm[Hg],2026-05-16T14:28:00-05:00
228,Frecuencia respiratoria,9279-1,16,/min,2026-05-16T14:28:00-05:00
228,Saturación de oxígeno,59408-5,95,%,2026-05-16T14:28:00-05:00
228,Temperatura corporal,8310-5,37.2,Cel,2026-05-16T14:28:00-05:00
228,Escala de Glasgow,9269-2,15,{score},2026-05-16T14:28:00-05:00
229,Frecuencia cardiaca,8867-4,114,/min,2026-04-15T11:26:00-05:00
229,Presión arterial sistólica,8480-6,97,mm[Hg],2026-04-15T11:26:00-05:00
229,Presión arterial diastólica,8462-4,68,mm[Hg],2026-04-15T11:26:00-05:00
229,Frecuencia respiratoria,9279-1,25,/min,2026-04-15T11:26:00-05:00
229,Saturación de oxígeno,59408-5,87,%,2026-04-15T11:26:00-05:00
229,Temperatura corporal,8310-5,37.3,Cel,2026-04-15T11:26:00-05:00
229,Escala de Glasgow,9269-2,13,{score},2026-04-15T11:26:00-05:00
230,Frecuencia cardiaca,8867-4,104,/min,2026-04-16T02:05:00-05:00
230,Presión arterial sistólica,8480-6,98,mm[Hg],2026-04-16T02:05:00-05:00
230,Presión arterial diastólica,8462-4,70,mm[Hg],2026-04-16T02:05:00-05:00
230,Frecuencia respiratoria,9279-1,26,/min,2026-04-16T02:05:00-05:00
230,Saturación de oxígeno,59408-5,86,%,2026-04-16T02:05:00-05:00
230,Temperatura corporal,8310-5,38.9,Cel,2026-04-16T02:05:00-05:00
230,Escala de Glasgow,9269-2,12,{score},2026-04-16T02:05:00-05:00
231,Frecuencia cardiaca,8867-4,139,/min,2026-06-04T17:13:00-05:00
231,Presión arterial sistólica,8480-6,107,mm[Hg],2026-06-04T17:13:00-05:00
231,Presión arterial diastólica,8462-4,72,mm[Hg],2026-06-04T17:13:00-05:00
231,Frecuencia respiratoria,9279-1,20,/min,2026-06-04T17:13:00-05:00
231,Saturación de oxígeno,59408-5,96,%,2026-06-04T17:13:00-05:00
231,Temperatura corporal,8310-5,37.9,Cel,2026-06-04T17:13:00-05:00
231,Escala de Glasgow,9269-2,12,{score},2026-06-04T17:13:00-05:00
232,Frecuencia cardiaca,8867-4,92,/min,2026-03-19T06:48:00-05:00
232,Presión arterial sistólica,8480-6,147,mm[Hg],2026-03-19T06:48:00-05:00
232,Presión arterial diastólica,8462-4,69,mm[Hg],2026-03-19T06:48:00-05:00
232,Frecuencia respiratoria,9279-1,21,/min,2026-03-19T06:48:00-05:00
232,Saturación de oxígeno,59408-5,89,%,2026-03-19T06:48:00-05:00
232,Temperatura corporal,8310-5,38.3,Cel,2026-03-19T06:48:00-05:00
232,Escala de Glasgow,9269-2,10,{score},2026-03-19T06:48:00-05:00
233,Frecuencia cardiaca,8867-4,86,/min,2026-07-20T01:22:00-05:00
233,Presión arterial sistólica,8480-6,128,mm[Hg],2026-07-20T01:22:00-05:00
233,Presión arterial diastólica,8462-4,77,mm[Hg],2026-07-20T01:22:00-05:00
233,Frecuencia respiratoria,9279-1,18,/min,2026-07-20T01:22:00-05:00
233,Saturación de oxígeno,59408-5,97,%,2026-07-20T01:22:00-05:00
233,Temperatura corporal,8310-5,38.3,Cel,2026-07-20T01:22:00-05:00
233,Escala de Glasgow,9269-2,14,{score},2026-07-20T01:22:00-05:00
234,Frecuencia cardiaca,8867-4,106,/min,2026-06-02T03:00:00-05:00
234,Presión arterial sistólica,8480-6,139,mm[Hg],2026-06-02T03:00:00-05:00
234,Presión arterial diastólica,8462-4,65,mm[Hg],2026-06-02T03:00:00-05:00
234,Frecuencia respiratoria,9279-1,15,/min,2026-06-02T03:00:00-05:00
234,Saturación de oxígeno,59408-5,99,%,2026-06-02T03:00:00-05:00
234,Temperatura corporal,8310-5,35.8,Cel,2026-06-02T03:00:00-05:00
234,Escala de Glasgow,9269-2,14,{score},2026-06-02T03:00:00-05:00
235,Frecuencia cardiaca,8867-4,87,/min,2026-08-16T00:43:00-05:00
235,Presión arterial sistólica,8480-6,119,mm[Hg],2026-08-16T00:43:00-05:00
235,Presión arterial diastólica,8462-4,91,mm[Hg],2026-08-16T00:43:00-05:00
235,Frecuencia respiratoria,9279-1,16,/min,2026-08-16T00:43:00-05:00
235,Saturación de oxígeno,59408-5,97,%,2026-08-16T00:43:00-05:00
235,Temperatura corporal,8310-5,37.1,Cel,2026-08-16T00:43:00-05:00
235,Escala de Glasgow,9269-2,15,{score},2026-08-16T00:43:00-05:00
236,Frecuencia cardiaca,8867-4,131,/min,2026-05-04T02:07:00-05:00
236,Presión arterial sistólica,8480-6,109,mm[Hg],2026-05-04T02:07:00-05:00
236,Presión arterial diastólica,8462-4,40,mm[Hg],2026-05-04T02:07:00-05:00
236,Frecuencia respiratoria,9279-1,35,/min,2026-05-04T02:07:00-05:00
236,Saturación de oxígeno,59408-5,89,%,2026-05-04T02:07:00-05:00
236,Temperatura corporal,8310-5,36.3,Cel,2026-05-04T02:07:00-05:00
236,Escala de Glasgow,9269-2,9,{score},2026-05-04T02:07:00-05:00
237,Frecuencia cardiaca,8867-4,149,/min,2026-03-29T17:32:00-05:00
237,Presión arterial sistólica,8480-6,120,mm[Hg],2026-03-29T17:32:00-05:00
237,Presión arterial diastólica,8462-4,52,mm[Hg],2026-03-29T17:32:00-05:00
237,Frecuencia respiratoria,9279-1,21,/min,2026-03-29T17:32:00-05:00
237,Saturación de oxígeno,59408-5,85,%,2026-03-29T17:32:00-05:00
237,Temperatura corporal,8310-5,38.7,Cel,2026-03-29T17:32:00-05:00
237,Escala de Glasgow,9269-2,9,{score},2026-03-29T17:32:00-05:00
238,Frecuencia cardiaca,8867-4,92,/min,2026-05-17T09:32:00-05:00
238,Presión arterial sistólica,8480-6,119,mm[Hg],2026-05-17T09:32:00-05:00
238,Presión arterial diastólica,8462-4,83,mm[Hg],2026-05-17T09:32:00-05:00
238,Frecuencia respiratoria,9279-1,20,/min,2026-05-17T09:32:00-05:00
238,Saturación de oxígeno,59408-5,94,%,2026-05-17T09:32:00-05:00
238,Temperatura corporal,8310-5,37.4,Cel,2026-05-17T09:32:00-05:00
238,Escala de Glasgow,9269-2,14,{score},2026-05-17T09:32:00-05:00
239,Frecuencia cardiaca,8867-4,103,/min,2026-03-14T07:34:00-05:00
239,Presión arterial sistólica,8480-6,102,mm[Hg],2026-03-14T07:34:00-05:00
239,Presión arterial diastólica,8462-4,67,mm[Hg],2026-03-14T07:34:00-05:00
239,Frecuencia respiratoria,9279-1,27,/min,2026-03-14T07:34:00-05:00
239,Saturación de oxígeno,59408-5,82,%,2026-03-14T07:34:00-05:00
239,Temperatura corporal,8310-5,38.6,Cel,2026-03-14T07:34:00-05:00
239,Escala de Glasgow,9269-2,11,{score},2026-03-14T07:34:00-05:00
240,Frecuencia cardiaca,8867-4,104,/min,2026-04-10T14:50:00-05:00
240,Presión arterial sistólica,8480-6,111,mm[Hg],2026-04-10T14:50:00-05:00
240,Presión arterial diastólica,8462-4,64,mm[Hg],2026-04-10T14:50:00-05:00
240,Frecuencia respiratoria,9279-1,28,/min,2026-04-10T14:50:00-05:00
240,Saturación de oxígeno,59408-5,91,%,2026-04-10T14:50:00-05:00
240,Temperatura corporal,8310-5,38.1,Cel,2026-04-10T14:50:00-05:00
240,Escala de Glasgow,9269-2,13,{score},2026-04-10T14:50:00-05:00
241,Frecuencia cardiaca,8867-4,79,/min,2026-06-04T10:10:00-05:00
241,Presión arterial sistólica,8480-6,134,mm[Hg],2026-06-04T10:10:00-05:00
241,Presión arterial diastólica,8462-4,86,mm[Hg],2026-06-04T10:10:00-05:00
241,Frecuencia respiratoria,9279-1,17,/min,2026-06-04T10:10:00-05:00
241,Saturación de oxígeno,59408-5,96,%,2026-06-04T10:10:00-05:00
241,Temperatura corporal,8310-5,35.9,Cel,2026-06-04T10:10:00-05:00
241,Escala de Glasgow,9269-2,15,{score},2026-06-04T10:10:00-05:00
242,Frecuencia cardiaca,8867-4,117,/min,2026-06-25T12:53:00-05:00
242,Presión arterial sistólica,8480-6,73,mm[Hg],2026-06-25T12:53:00-05:00
242,Presión arterial diastólica,8462-4,54,mm[Hg],2026-06-25T12:53:00-05:00
242,Frecuencia respiratoria,9279-1,20,/min,2026-06-25T12:53:00-05:00
242,Saturación de oxígeno,59408-5,88,%,2026-06-25T12:53:00-05:00
242,Temperatura corporal,8310-5,38.5,Cel,2026-06-25T12:53:00-05:00
242,Escala de Glasgow,9269-2,11,{score},2026-06-25T12:53:00-05:00
243,Frecuencia cardiaca,8867-4,103,/min,2026-04-29T20:52:00-05:00
243,Presión arterial sistólica,8480-6,89,mm[Hg],2026-04-29T20:52:00-05:00
243,Presión arterial diastólica,8462-4,63,mm[Hg],2026-04-29T20:52:00-05:00
243,Frecuencia respiratoria,9279-1,17,/min,2026-04-29T20:52:00-05:00
243,Saturación de oxígeno,59408-5,97,%,2026-04-29T20:52:00-05:00
243,Temperatura corporal,8310-5,38.1,Cel,2026-04-29T20:52:00-05:00
243,Escala de Glasgow,9269-2,13,{score},2026-04-29T20:52:00-05:00
244,Frecuencia cardiaca,8867-4,87,/min,2026-06-25T19:38:00-05:00
244,Presión arterial sistólica,8480-6,99,mm[Hg],2026-06-25T19:38:00-05:00
244,Presión arterial diastólica,8462-4,72,mm[Hg],2026-06-25T19:38:00-05:00
244,Frecuencia respiratoria,9279-1,21,/min,2026-06-25T19:38:00-05:00
244,Saturación de oxígeno,59408-5,91,%,2026-06-25T19:38:00-05:00
244,Temperatura corporal,8310-5,36.1,Cel,2026-06-25T19:38:00-05:00
244,Escala de Glasgow,9269-2,15,{score},2026-06-25T19:38:00-05:00
245,Frecuencia cardiaca,8867-4,87,/min,2026-09-13T08:46:00-05:00
245,Presión arterial sistólica,8480-6,130,mm[Hg],2026-09-13T08:46:00-05:00
245,Presión arterial diastólica,8462-4,91,mm[Hg],2026-09-13T08:46:00-05:00
245,Frecuencia respiratoria,9279-1,19,/min,2026-09-13T08:46:00-05:00
245,Saturación de oxígeno,59408-5,95,%,2026-09-13T08:46:00-05:00
245,Temperatura corporal,8310-5,37.0,Cel,2026-09-13T08:46:00-05:00
245,Escala de Glasgow,9269-2,14,{score},2026-09-13T08:46:00-05:00
246,Frecuencia cardiaca,8867-4,116,/min,2026-04-14T02:23:00-05:00
246,Presión arterial sistólica,8480-6,65,mm[Hg],2026-04-14T02:23:00-05:00
246,Presión arterial diastólica,8462-4,50,mm[Hg],2026-04-14T02:23:00-05:00
246,Frecuencia respiratoria,9279-1,29,/min,2026-04-14T02:23:00-05:00
246,Saturación de oxígeno,59408-5,84,%,2026-04-14T02:23:00-05:00
246,Temperatura corporal,8310-5,39.0,Cel,2026-04-14T02:23:00-05:00
246,Escala de Glasgow,9269-2,13,{score},2026-04-14T02:23:00-05:00
247,Frecuencia cardiaca,8867-4,128,/min,2026-07-15T02:26:00-05:00
247,Presión arterial sistólica,8480-6,88,mm[Hg],2026-07-15T02:26:00-05:00
247,Presión arterial diastólica,8462-4,66,mm[Hg],2026-07-15T02:26:00-05:00
247,Frecuencia respiratoria,9279-1,31,/min,2026-07-15T02:26:00-05:00
247,Saturación de oxígeno,59408-5,89,%,2026-07-15T02:26:00-05:00
247,Temperatura corporal,8310-5,37.6,Cel,2026-07-15T02:26:00-05:00
247,Escala de Glasgow,9269-2,15,{score},2026-07-15T02:26:00-05:00
248,Frecuencia cardiaca,8867-4,97,/min,2026-06-23T19:02:00-05:00
248,Presión arterial sistólica,8480-6,114,mm[Hg],2026-06-23T19:02:00-05:00
248,Presión arterial diastólica,8462-4,62,mm[Hg],2026-06-23T19:02:00-05:00
248,Frecuencia respiratoria,9279-1,22,/min,2026-06-23T19:02:00-05:00
248,Saturación de oxígeno,59408-5,95,%,2026-06-23T19:02:00-05:00
248,Temperatura corporal,8310-5,36.0,Cel,2026-06-23T19:02:00-05:00
248,Escala de Glasgow,9269-2,14,{score},2026-06-23T19:02:00-05:00
249,Frecuencia cardiaca,8867-4,103,/min,2026-03-29T16:52:00-05:00
249,Presión arterial sistólica,8480-6,102,mm[Hg],2026-03-29T16:52:00-05:00
249,Presión arterial diastólica,8462-4,63,mm[Hg],2026-03-29T16:52:00-05:00
249,Frecuencia respiratoria,9279-1,33,/min,2026-03-29T16:52:00-05:00
249,Saturación de oxígeno,59408-5,85,%,2026-03-29T16:52:00-05:00
249,Temperatura corporal,8310-5,38.8,Cel,2026-03-29T16:52:00-05:00
249,Escala de Glasgow,9269-2,10,{score},2026-03-29T16:52:00-05:00
250,Frecuencia cardiaca,8867-4,113,/min,2026-09-06T09:40:00-05:00
250,Presión arterial sistólica,8480-6,104,mm[Hg],2026-09-06T09:40:00-05:00
250,Presión arterial diastólica,8462-4,67,mm[Hg],2026-09-06T09:40:00-05:00
250,Frecuencia respiratoria,9279-1,23,/min,2026-09-06T09:40:00-05:00
250,Saturación de oxígeno,59408-5,95,%,2026-09-06T09:40:00-05:00
250,Temperatura corporal,8310-5,37.7,Cel,2026-09-06T09:40:00-05:00
250,Escala de Glasgow,9269-2,12,{score},2026-09-06T09:40:00-05:00
251,Frecuencia cardiaca,8867-4,93,/min,2026-08-17T13:11:00-05:00
251,Presión arterial sistólica,8480-6,103,mm[Hg],2026-08-17T13:11:00-05:00
251,Presión arterial diastólica,8462-4,71,mm[Hg],2026-08-17T13:11:00-05:00
251,Frecuencia respiratoria,9279-1,14,/min,2026-08-17T13:11:00-05:00
251,Saturación de oxígeno,59408-5,93,%,2026-08-17T13:11:00-05:00
251,Temperatura corporal,8310-5,37.1,Cel,2026-08-17T13:11:00-05:00
251,Escala de Glasgow,9269-2,14,{score},2026-08-17T13:11:00-05:00
252,Frecuencia cardiaca,8867-4,115,/min,2026-09-11T10:01:00-05:00
252,Presión arterial sistólica,8480-6,84,mm[Hg],2026-09-11T10:01:00-05:00
252,Presión arterial diastólica,8462-4,51,mm[Hg],2026-09-11T10:01:00-05:00
252,Frecuencia respiratoria,9279-1,23,/min,2026-09-11T10:01:00-05:00
252,Saturación de oxígeno,59408-5,89,%,2026-09-11T10:01:00-05:00
252,Temperatura corporal,8310-5,38.0,Cel,2026-09-11T10:01:00-05:00
252,Escala de Glasgow,9269-2,9,{score},2026-09-11T10:01:00-05:00
253,Frecuencia cardiaca,8867-4,102,/min,2026-03-14T15:24:00-05:00
253,Presión arterial sistólica,8480-6,115,mm[Hg],2026-03-14T15:24:00-05:00
253,Presión arterial diastólica,8462-4,67,mm[Hg],2026-03-14T15:24:00-05:00
253,Frecuencia respiratoria,9279-1,24,/min,2026-03-14T15:24:00-05:00
253,Saturación de oxígeno,59408-5,90,%,2026-03-14T15:24:00-05:00
253,Temperatura corporal,8310-5,36.9,Cel,2026-03-14T15:24:00-05:00
253,Escala de Glasgow,9269-2,13,{score},2026-03-14T15:24:00-05:00
254,Frecuencia cardiaca,8867-4,129,/min,2026-06-02T13:57:00-05:00
254,Presión arterial sistólica,8480-6,66,mm[Hg],2026-06-02T13:57:00-05:00
254,Presión arterial diastólica,8462-4,51,mm[Hg],2026-06-02T13:57:00-05:00
254,Frecuencia respiratoria,9279-1,27,/min,2026-06-02T13:57:00-05:00
254,Saturación de oxígeno,59408-5,90,%,2026-06-02T13:57:00-05:00
254,Temperatura corporal,8310-5,37.9,Cel,2026-06-02T13:57:00-05:00
254,Escala de Glasgow,9269-2,13,{score},2026-06-02T13:57:00-05:00
255,Frecuencia cardiaca,8867-4,112,/min,2026-08-03T09:13:00-05:00
255,Presión arterial sistólica,8480-6,125,mm[Hg],2026-08-03T09:13:00-05:00
255,Presión arterial diastólica,8462-4,48,mm[Hg],2026-08-03T09:13:00-05:00
255,Frecuencia respiratoria,9279-1,23,/min,2026-08-03T09:13:00-05:00
255,Saturación de oxígeno,59408-5,84,%,2026-08-03T09:13:00-05:00
255,Temperatura corporal,8310-5,37.6,Cel,2026-08-03T09:13:00-05:00
255,Escala de Glasgow,9269-2,13,{score},2026-08-03T09:13:00-05:00
256,Frecuencia cardiaca,8867-4,131,/min,2026-03-11T04:10:00-05:00
256,Presión arterial sistólica,8480-6,88,mm[Hg],2026-03-11T04:10:00-05:00
256,Presión arterial diastólica,8462-4,61,mm[Hg],2026-03-11T04:10:00-05:00
256,Frecuencia respiratoria,9279-1,23,/min,2026-03-11T04:10:00-05:00
256,Saturación de oxígeno,59408-5,87,%,2026-03-11T04:10:00-05:00
256,Temperatura corporal,8310-5,37.9,Cel,2026-03-11T04:10:00-05:00
256,Escala de Glasgow,9269-2,12,{score},2026-03-11T04:10:00-05:00
257,Frecuencia cardiaca,8867-4,116,/min,2026-06-15T12:09:00-05:00
257,Presión arterial sistólica,8480-6,109,mm[Hg],2026-06-15T12:09:00-05:00
257,Presión arterial diastólica,8462-4,46,mm[Hg],2026-06-15T12:09:00-05:00
257,Frecuencia respiratoria,9279-1,27,/min,2026-06-15T12:09:00-05:00
257,Saturación de oxígeno,59408-5,91,%,2026-06-15T12:09:00-05:00
257,Temperatura corporal,8310-5,38.1,Cel,2026-06-15T12:09:00-05:00
257,Escala de Glasgow,9269-2,13,{score},2026-06-15T12:09:00-05:00
258,Frecuencia cardiaca,8867-4,95,/min,2026-06-24T02:44:00-05:00
258,Presión arterial sistólica,8480-6,120,mm[Hg],2026-06-24T02:44:00-05:00
258,Presión arterial diastólica,8462-4,81,mm[Hg],2026-06-24T02:44:00-05:00
258,Frecuencia respiratoria,9279-1,20,/min,2026-06-24T02:44:00-05:00
258,Saturación de oxígeno,59408-5,95,%,2026-06-24T02:44:00-05:00
258,Temperatura corporal,8310-5,37.2,Cel,2026-06-24T02:44:00-05:00
258,Escala de Glasgow,9269-2,15,{score},2026-06-24T02:44:00-05:00
259,Frecuencia cardiaca,8867-4,146,/min,2026-03-27T07:09:00-05:00
259,Presión arterial sistólica,8480-6,93,mm[Hg],2026-03-27T07:09:00-05:00
259,Presión arterial diastólica,8462-4,59,mm[Hg],2026-03-27T07:09:00-05:00
259,Frecuencia respiratoria,9279-1,20,/min,2026-03-27T07:09:00-05:00
259,Saturación de oxígeno,59408-5,79,%,2026-03-27T07:09:00-05:00
259,Temperatura corporal,8310-5,38.9,Cel,2026-03-27T07:09:00-05:00
259,Escala de Glasgow,9269-2,9,{score},2026-03-27T07:09:00-05:00
260,Frecuencia cardiaca,8867-4,119,/min,2026-08-05T01:53:00-05:00
260,Presión arterial sistólica,8480-6,60,mm[Hg],2026-08-05T01:53:00-05:00
260,Presión arterial diastólica,8462-4,45,mm[Hg],2026-08-05T01:53:00-05:00
260,Frecuencia respiratoria,9279-1,24,/min,2026-08-05T01:53:00-05:00
260,Saturación de oxígeno,59408-5,87,%,2026-08-05T01:53:00-05:00
260,Temperatura corporal,8310-5,37.7,Cel,2026-08-05T01:53:00-05:00
260,Escala de Glasgow,9269-2,7,{score},2026-08-05T01:53:00-05:00
261,Frecuencia cardiaca,8867-4,97,/min,2026-08-13T20:42:00-05:00
261,Presión arterial sistólica,8480-6,117,mm[Hg],2026-08-13T20:42:00-05:00
261,Presión arterial diastólica,8462-4,89,mm[Hg],2026-08-13T20:42:00-05:00
261,Frecuencia respiratoria,9279-1,14,/min,2026-08-13T20:42:00-05:00
261,Saturación de oxígeno,59408-5,94,%,2026-08-13T20:42:00-05:00
261,Temperatura corporal,8310-5,37.0,Cel,2026-08-13T20:42:00-05:00
261,Escala de Glasgow,9269-2,15,{score},2026-08-13T20:42:00-05:00
262,Frecuencia cardiaca,8867-4,91,/min,2026-04-04T17:07:00-05:00
262,Presión arterial sistólica,8480-6,128,mm[Hg],2026-04-04T17:07:00-05:00
262,Presión arterial diastólica,8462-4,66,mm[Hg],2026-04-04T17:07:00-05:00
262,Frecuencia respiratoria,9279-1,20,/min,2026-04-04T17:07:00-05:00
262,Saturación de oxígeno,59408-5,95,%,2026-04-04T17:07:00-05:00
262,Temperatura corporal,8310-5,37.2,Cel,2026-04-04T17:07:00-05:00
262,Escala de Glasgow,9269-2,13,{score},2026-04-04T17:07:00-05:00
263,Frecuencia cardiaca,8867-4,94,/min,2026-09-10T11:45:00-05:00
263,Presión arterial sistólica,8480-6,110,mm[Hg],2026-09-10T11:45:00-05:00
263,Presión arterial diastólica,8462-4,81,mm[Hg],2026-09-10T11:45:00-05:00
263,Frecuencia respiratoria,9279-1,17,/min,2026-09-10T11:45:00-05:00
263,Saturación de oxígeno,59408-5,92,%,2026-09-10T11:45:00-05:00
263,Temperatura corporal,8310-5,36.8,Cel,2026-09-10T11:45:00-05:00
263,Escala de Glasgow,9269-2,15,{score},2026-09-10T11:45:00-05:00
264,Frecuencia cardiaca,8867-4,130,/min,2026-06-11T03:28:00-05:00
264,Presión arterial sistólica,8480-6,122,mm[Hg],2026-06-11T03:28:00-05:00
264,Presión arterial diastólica,8462-4,52,mm[Hg],2026-06-11T03:28:00-05:00
264,Frecuencia respiratoria,9279-1,25,/min,2026-06-11T03:28:00-05:00
264,Saturación de oxígeno,59408-5,95,%,2026-06-11T03:28:00-05:00
264,Temperatura corporal,8310-5,37.0,Cel,2026-06-11T03:28:00-05:00
264,Escala de Glasgow,9269-2,12,{score},2026-06-11T03:28:00-05:00
265,Frecuencia cardiaca,8867-4,78,/min,2026-08-21T17:01:00-05:00
265,Presión arterial sistólica,8480-6,117,mm[Hg],2026-08-21T17:01:00-05:00
265,Presión arterial diastólica,8462-4,79,mm[Hg],2026-08-21T17:01:00-05:00
265,Frecuencia respiratoria,9279-1,22,/min,2026-08-21T17:01:00-05:00
265,Saturación de oxígeno,59408-5,96,%,2026-08-21T17:01:00-05:00
265,Temperatura corporal,8310-5,37.2,Cel,2026-08-21T17:01:00-05:00
265,Escala de Glasgow,9269-2,15,{score},2026-08-21T17:01:00-05:00
266,Frecuencia cardiaca,8867-4,113,/min,2026-06-25T13:42:00-05:00
266,Presión arterial sistólica,8480-6,86,mm[Hg],2026-06-25T13:42:00-05:00
266,Presión arterial diastólica,8462-4,58,mm[Hg],2026-06-25T13:42:00-05:00
266,Frecuencia respiratoria,9279-1,16,/min,2026-06-25T13:42:00-05:00
266,Saturación de oxígeno,59408-5,90,%,2026-06-25T13:42:00-05:00
266,Temperatura corporal,8310-5,36.7,Cel,2026-06-25T13:42:00-05:00
266,Escala de Glasgow,9269-2,13,{score},2026-06-25T13:42:00-05:00
267,Frecuencia cardiaca,8867-4,93,/min,2026-09-01T06:57:00-05:00
267,Presión arterial sistólica,8480-6,101,mm[Hg],2026-09-01T06:57:00-05:00
267,Presión arterial diastólica,8462-4,72,mm[Hg],2026-09-01T06:57:00-05:00
267,Frecuencia respiratoria,9279-1,17,/min,2026-09-01T06:57:00-05:00
267,Saturación de oxígeno,59408-5,95,%,2026-09-01T06:57:00-05:00
267,Temperatura corporal,8310-5,38.0,Cel,2026-09-01T06:57:00-05:00
267,Escala de Glasgow,9269-2,12,{score},2026-09-01T06:57:00-05:00
268,Frecuencia cardiaca,8867-4,104,/min,2026-04-11T08:50:00-05:00
268,Presión arterial sistólica,8480-6,62,mm[Hg],2026-04-11T08:50:00-05:00
268,Presión arterial diastólica,8462-4,47,mm[Hg],2026-04-11T08:50:00-05:00
268,Frecuencia respiratoria,9279-1,25,/min,2026-04-11T08:50:00-05:00
268,Saturación de oxígeno,59408-5,95,%,2026-04-11T08:50:00-05:00
268,Temperatura corporal,8310-5,38.7,Cel,2026-04-11T08:50:00-05:00
268,Escala de Glasgow,9269-2,9,{score},2026-04-11T08:50:00-05:00
269,Frecuencia cardiaca,8867-4,112,/min,2026-06-29T12:20:00-05:00
269,Presión arterial sistólica,8480-6,117,mm[Hg],2026-06-29T12:20:00-05:00
269,Presión arterial diastólica,8462-4,62,mm[Hg],2026-06-29T12:20:00-05:00
269,Frecuencia respiratoria,9279-1,20,/min,2026-06-29T12:20:00-05:00
269,Saturación de oxígeno,59408-5,91,%,2026-06-29T12:20:00-05:00
269,Temperatura corporal,8310-5,37.4,Cel,2026-06-29T12:20:00-05:00
269,Escala de Glasgow,9269-2,11,{score},2026-06-29T12:20:00-05:00
270,Frecuencia cardiaca,8867-4,109,/min,2026-03-03T14:08:00-05:00
270,Presión arterial sistólica,8480-6,94,mm[Hg],2026-03-03T14:08:00-05:00
270,Presión arterial diastólica,8462-4,65,mm[Hg],2026-03-03T14:08:00-05:00
270,Frecuencia respiratoria,9279-1,26,/min,2026-03-03T14:08:00-05:00
270,Saturación de oxígeno,59408-5,91,%,2026-03-03T14:08:00-05:00
270,Temperatura corporal,8310-5,37.6,Cel,2026-03-03T14:08:00-05:00
270,Escala de Glasgow,9269-2,12,{score},2026-03-03T14:08:00-05:00
271,Frecuencia cardiaca,8867-4,134,/min,2026-05-09T07:08:00-05:00
271,Presión arterial sistólica,8480-6,76,mm[Hg],2026-05-09T07:08:00-05:00
271,Presión arterial diastólica,8462-4,61,mm[Hg],2026-05-09T07:08:00-05:00
271,Frecuencia respiratoria,9279-1,19,/min,2026-05-09T07:08:00-05:00
271,Saturación de oxígeno,59408-5,92,%,2026-05-09T07:08:00-05:00
271,Temperatura corporal,8310-5,39.4,Cel,2026-05-09T07:08:00-05:00
271,Escala de Glasgow,9269-2,14,{score},2026-05-09T07:08:00-05:00
272,Frecuencia cardiaca,8867-4,78,/min,2026-08-30T07:38:00-05:00
272,Presión arterial sistólica,8480-6,146,mm[Hg],2026-08-30T07:38:00-05:00
272,Presión arterial diastólica,8462-4,68,mm[Hg],2026-08-30T07:38:00-05:00
272,Frecuencia respiratoria,9279-1,12,/min,2026-08-30T07:38:00-05:00
272,Saturación de oxígeno,59408-5,96,%,2026-08-30T07:38:00-05:00
272,Temperatura corporal,8310-5,37.3,Cel,2026-08-30T07:38:00-05:00
272,Escala de Glasgow,9269-2,14,{score},2026-08-30T07:38:00-05:00
273,Frecuencia cardiaca,8867-4,80,/min,2026-03-23T20:32:00-05:00
273,Presión arterial sistólica,8480-6,121,mm[Hg],2026-03-23T20:32:00-05:00
273,Presión arterial diastólica,8462-4,81,mm[Hg],2026-03-23T20:32:00-05:00
273,Frecuencia respiratoria,9279-1,19,/min,2026-03-23T20:32:00-05:00
273,Saturación de oxígeno,59408-5,96,%,2026-03-23T20:32:00-05:00
273,Temperatura corporal,8310-5,36.5,Cel,2026-03-23T20:32:00-05:00
273,Escala de Glasgow,9269-2,15,{score},2026-03-23T20:32:00-05:00
274,Frecuencia cardiaca,8867-4,116,/min,2026-07-21T02:36:00-05:00
274,Presión arterial sistólica,8480-6,106,mm[Hg],2026-07-21T02:36:00-05:00
274,Presión arterial diastólica,8462-4,85,mm[Hg],2026-07-21T02:36:00-05:00
274,Frecuencia respiratoria,9279-1,24,/min,2026-07-21T02:36:00-05:00
274,Saturación de oxígeno,59408-5,96,%,2026-07-21T02:36:00-05:00
274,Temperatura corporal,8310-5,37.8,Cel,2026-07-21T02:36:00-05:00
274,Escala de Glasgow,9269-2,11,{score},2026-07-21T02:36:00-05:00
275,Frecuencia cardiaca,8867-4,67,/min,2026-07-13T09:46:00-05:00
275,Presión arterial sistólica,8480-6,136,mm[Hg],2026-07-13T09:46:00-05:00
275,Presión arterial diastólica,8462-4,84,mm[Hg],2026-07-13T09:46:00-05:00
275,Frecuencia respiratoria,9279-1,20,/min,2026-07-13T09:46:00-05:00
275,Saturación de oxígeno,59408-5,95,%,2026-07-13T09:46:00-05:00
275,Temperatura corporal,8310-5,36.9,Cel,2026-07-13T09:46:00-05:00
275,Escala de Glasgow,9269-2,15,{score},2026-07-13T09:46:00-05:00
276,Frecuencia cardiaca,8867-4,99,/min,2026-07-06T16:54:00-05:00
276,Presión arterial sistólica,8480-6,162,mm[Hg],2026-07-06T16:54:00-05:00
276,Presión arterial diastólica,8462-4,76,mm[Hg],2026-07-06T16:54:00-05:00
276,Frecuencia respiratoria,9279-1,19,/min,2026-07-06T16:54:00-05:00
276,Saturación de oxígeno,59408-5,96,%,2026-07-06T16:54:00-05:00
276,Temperatura corporal,8310-5,36.4,Cel,2026-07-06T16:54:00-05:00
276,Escala de Glasgow,9269-2,14,{score},2026-07-06T16:54:00-05:00
277,Frecuencia cardiaca,8867-4,117,/min,2026-04-08T13:04:00-05:00
277,Presión arterial sistólica,8480-6,81,mm[Hg],2026-04-08T13:04:00-05:00
277,Presión arterial diastólica,8462-4,66,mm[Hg],2026-04-08T13:04:00-05:00
277,Frecuencia respiratoria,9279-1,24,/min,2026-04-08T13:04:00-05:00
277,Saturación de oxígeno,59408-5,96,%,2026-04-08T13:04:00-05:00
277,Temperatura corporal,8310-5,38.7,Cel,2026-04-08T13:04:00-05:00
277,Escala de Glasgow,9269-2,15,{score},2026-04-08T13:04:00-05:00
278,Frecuencia cardiaca,8867-4,95,/min,2026-03-14T17:27:00-05:00
278,Presión arterial sistólica,8480-6,133,mm[Hg],2026-03-14T17:27:00-05:00
278,Presión arterial diastólica,8462-4,74,mm[Hg],2026-03-14T17:27:00-05:00
278,Frecuencia respiratoria,9279-1,17,/min,2026-03-14T17:27:00-05:00
278,Saturación de oxígeno,59408-5,100,%,2026-03-14T17:27:00-05:00
278,Temperatura corporal,8310-5,36.8,Cel,2026-03-14T17:27:00-05:00
278,Escala de Glasgow,9269-2,15,{score},2026-03-14T17:27:00-05:00
279,Frecuencia cardiaca,8867-4,92,/min,2026-03-25T05:39:00-05:00
279,Presión arterial sistólica,8480-6,94,mm[Hg],2026-03-25T05:39:00-05:00
279,Presión arterial diastólica,8462-4,79,mm[Hg],2026-03-25T05:39:00-05:00
279,Frecuencia respiratoria,9279-1,24,/min,2026-03-25T05:39:00-05:00
279,Saturación de oxígeno,59408-5,92,%,2026-03-25T05:39:00-05:00
279,Temperatura corporal,8310-5,37.9,Cel,2026-03-25T05:39:00-05:00
279,Escala de Glasgow,9269-2,11,{score},2026-03-25T05:39:00-05:00
280,Frecuencia cardiaca,8867-4,109,/min,2026-07-24T11:15:00-05:00
280,Presión arterial sistólica,8480-6,118,mm[Hg],2026-07-24T11:15:00-05:00
280,Presión arterial diastólica,8462-4,67,mm[Hg],2026-07-24T11:15:00-05:00
280,Frecuencia respiratoria,9279-1,18,/min,2026-07-24T11:15:00-05:00
280,Saturación de oxígeno,59408-5,90,%,2026-07-24T11:15:00-05:00
280,Temperatura corporal,8310-5,36.9,Cel,2026-07-24T11:15:00-05:00
280,Escala de Glasgow,9269-2,15,{score},2026-07-24T11:15:00-05:00
281,Frecuencia cardiaca,8867-4,103,/min,2026-06-16T06:13:00-05:00
281,Presión arterial sistólica,8480-6,104,mm[Hg],2026-06-16T06:13:00-05:00
281,Presión arterial diastólica,8462-4,73,mm[Hg],2026-06-16T06:13:00-05:00
281,Frecuencia respiratoria,9279-1,29,/min,2026-06-16T06:13:00-05:00
281,Saturación de oxígeno,59408-5,86,%,2026-06-16T06:13:00-05:00
281,Temperatura corporal,8310-5,37.5,Cel,2026-06-16T06:13:00-05:00
281,Escala de Glasgow,9269-2,12,{score},2026-06-16T06:13:00-05:00
282,Frecuencia cardiaca,8867-4,97,/min,2026-09-02T11:46:00-05:00
282,Presión arterial sistólica,8480-6,125,mm[Hg],2026-09-02T11:46:00-05:00
282,Presión arterial diastólica,8462-4,69,mm[Hg],2026-09-02T11:46:00-05:00
282,Frecuencia respiratoria,9279-1,16,/min,2026-09-02T11:46:00-05:00
282,Saturación de oxígeno,59408-5,97,%,2026-09-02T11:46:00-05:00
282,Temperatura corporal,8310-5,36.4,Cel,2026-09-02T11:46:00-05:00
282,Escala de Glasgow,9269-2,14,{score},2026-09-02T11:46:00-05:00
283,Frecuencia cardiaca,8867-4,97,/min,2026-09-13T01:16:00-05:00
283,Presión arterial sistólica,8480-6,134,mm[Hg],2026-09-13T01:16:00-05:00
283,Presión arterial diastólica,8462-4,76,mm[Hg],2026-09-13T01:16:00-05:00
283,Frecuencia respiratoria,9279-1,24,/min,2026-09-13T01:16:00-05:00
283,Saturación de oxígeno,59408-5,93,%,2026-09-13T01:16:00-05:00
283,Temperatura corporal,8310-5,38.0,Cel,2026-09-13T01:16:00-05:00
283,Escala de Glasgow,9269-2,13,{score},2026-09-13T01:16:00-05:00
284,Frecuencia cardiaca,8867-4,80,/min,2026-04-06T08:50:00-05:00
284,Presión arterial sistólica,8480-6,139,mm[Hg],2026-04-06T08:50:00-05:00
284,Presión arterial diastólica,8462-4,77,mm[Hg],2026-04-06T08:50:00-05:00
284,Frecuencia respiratoria,9279-1,22,/min,2026-04-06T08:50:00-05:00
284,Saturación de oxígeno,59408-5,97,%,2026-04-06T08:50:00-05:00
284,Temperatura corporal,8310-5,36.4,Cel,2026-04-06T08:50:00-05:00
284,Escala de Glasgow,9269-2,15,{score},2026-04-06T08:50:00-05:00
285,Frecuencia cardiaca,8867-4,99,/min,2026-08-10T16:36:00-05:00
285,Presión arterial sistólica,8480-6,104,mm[Hg],2026-08-10T16:36:00-05:00
285,Presión arterial diastólica,8462-4,69,mm[Hg],2026-08-10T16:36:00-05:00
285,Frecuencia respiratoria,9279-1,22,/min,2026-08-10T16:36:00-05:00
285,Saturación de oxígeno,59408-5,90,%,2026-08-10T16:36:00-05:00
285,Temperatura corporal,8310-5,37.8,Cel,2026-08-10T16:36:00-05:00
285,Escala de Glasgow,9269-2,12,{score},2026-08-10T16:36:00-05:00
286,Frecuencia cardiaca,8867-4,117,/min,2026-08-23T14:31:00-05:00
286,Presión arterial sistólica,8480-6,95,mm[Hg],2026-08-23T14:31:00-05:00
286,Presión arterial diastólica,8462-4,54,mm[Hg],2026-08-23T14:31:00-05:00
286,Frecuencia respiratoria,9279-1,34,/min,2026-08-23T14:31:00-05:00
286,Saturación de oxígeno,59408-5,82,%,2026-08-23T14:31:00-05:00
286,Temperatura corporal,8310-5,38.5,Cel,2026-08-23T14:31:00-05:00
286,Escala de Glasgow,9269-2,12,{score},2026-08-23T14:31:00-05:00
287,Frecuencia cardiaca,8867-4,135,/min,2026-09-18T15:17:00-05:00
287,Presión arterial sistólica,8480-6,116,mm[Hg],2026-09-18T15:17:00-05:00
287,Presión arterial diastólica,8462-4,45,mm[Hg],2026-09-18T15:17:00-05:00
287,Frecuencia respiratoria,9279-1,26,/min,2026-09-18T15:17:00-05:00
287,Saturación de oxígeno,59408-5,84,%,2026-09-18T15:17:00-05:00
287,Temperatura corporal,8310-5,37.1,Cel,2026-09-18T15:17:00-05:00
287,Escala de Glasgow,9269-2,11,{score},2026-09-18T15:17:00-05:00
288,Frecuencia cardiaca,8867-4,108,/min,2026-04-15T07:48:00-05:00
288,Presión arterial sistólica,8480-6,115,mm[Hg],2026-04-15T07:48:00-05:00
288,Presión arterial diastólica,8462-4,82,mm[Hg],2026-04-15T07:48:00-05:00
288,Frecuencia respiratoria,9279-1,19,/min,2026-04-15T07:48:00-05:00
288,Saturación de oxígeno,59408-5,88,%,2026-04-15T07:48:00-05:00
288,Temperatura corporal,8310-5,38.4,Cel,2026-04-15T07:48:00-05:00
288,Escala de Glasgow,9269-2,10,{score},2026-04-15T07:48:00-05:00
289,Frecuencia cardiaca,8867-4,78,/min,2026-08-25T04:16:00-05:00
289,Presión arterial sistólica,8480-6,116,mm[Hg],2026-08-25T04:16:00-05:00
289,Presión arterial diastólica,8462-4,67,mm[Hg],2026-08-25T04:16:00-05:00
289,Frecuencia respiratoria,9279-1,14,/min,2026-08-25T04:16:00-05:00
289,Saturación de oxígeno,59408-5,94,%,2026-08-25T04:16:00-05:00
289,Temperatura corporal,8310-5,36.7,Cel,2026-08-25T04:16:00-05:00
289,Escala de Glasgow,9269-2,15,{score},2026-08-25T04:16:00-05:00
290,Frecuencia cardiaca,8867-4,115,/min,2026-06-21T07:26:00-05:00
290,Presión arterial sistólica,8480-6,139,mm[Hg],2026-06-21T07:26:00-05:00
290,Presión arterial diastólica,8462-4,73,mm[Hg],2026-06-21T07:26:00-05:00
290,Frecuencia respiratoria,9279-1,16,/min,2026-06-21T07:26:00-05:00
290,Saturación de oxígeno,59408-5,93,%,2026-06-21T07:26:00-05:00
290,Temperatura corporal,8310-5,36.6,Cel,2026-06-21T07:26:00-05:00
290,Escala de Glasgow,9269-2,15,{score},2026-06-21T07:26:00-05:00
291,Frecuencia cardiaca,8867-4,92,/min,2026-09-20T11:15:00-05:00
291,Presión arterial sistólica,8480-6,87,mm[Hg],2026-09-20T11:15:00-05:00
291,Presión arterial diastólica,8462-4,50,mm[Hg],2026-09-20T11:15:00-05:00
291,Frecuencia respiratoria,9279-1,25,/min,2026-09-20T11:15:00-05:00
291,Saturación de oxígeno,59408-5,91,%,2026-09-20T11:15:00-05:00
291,Temperatura corporal,8310-5,37.7,Cel,2026-09-20T11:15:00-05:00
291,Escala de Glasgow,9269-2,15,{score},2026-09-20T11:15:00-05:00
292,Frecuencia cardiaca,8867-4,114,/min,2026-07-02T12:15:00-05:00
292,Presión arterial sistólica,8480-6,113,mm[Hg],2026-07-02T12:15:00-05:00
292,Presión arterial diastólica,8462-4,72,mm[Hg],2026-07-02T12:15:00-05:00
292,Frecuencia respiratoria,9279-1,20,/min,2026-07-02T12:15:00-05:00
292,Saturación de oxígeno,59408-5,94,%,2026-07-02T12:15:00-05:00
292,Temperatura corporal,8310-5,37.6,Cel,2026-07-02T12:15:00-05:00
292,Escala de Glasgow,9269-2,13,{score},2026-07-02T12:15:00-05:00
293,Frecuencia cardiaca,8867-4,107,/min,2026-08-06T15:40:00-05:00
293,Presión arterial sistólica,8480-6,118,mm[Hg],2026-08-06T15:40:00-05:00
293,Presión arterial diastólica,8462-4,83,mm[Hg],2026-08-06T15:40:00-05:00
293,Frecuencia respiratoria,9279-1,27,/min,2026-08-06T15:40:00-05:00
293,Saturación de oxígeno,59408-5,91,%,2026-08-06T15:40:00-05:00
293,Temperatura corporal,8310-5,37.9,Cel,2026-08-06T15:40:00-05:00
293,Escala de Glasgow,9269-2,11,{score},2026-08-06T15:40:00-05:00
294,Frecuencia cardiaca,8867-4,146,/min,2026-04-12T03:24:00-05:00
294,Presión arterial sistólica,8480-6,99,mm[Hg],2026-04-12T03:24:00-05:00
294,Presión arterial diastólica,8462-4,44,mm[Hg],2026-04-12T03:24:00-05:00
294,Frecuencia respiratoria,9279-1,28,/min,2026-04-12T03:24:00-05:00
294,Saturación de oxígeno,59408-5,88,%,2026-04-12T03:24:00-05:00
294,Temperatura corporal,8310-5,35.8,Cel,2026-04-12T03:24:00-05:00
294,Escala de Glasgow,9269-2,12,{score},2026-04-12T03:24:00-05:00
295,Frecuencia cardiaca,8867-4,108,/min,2026-06-29T14:34:00-05:00
295,Presión arterial sistólica,8480-6,129,mm[Hg],2026-06-29T14:34:00-05:00
295,Presión arterial diastólica,8462-4,49,mm[Hg],2026-06-29T14:34:00-05:00
295,Frecuencia respiratoria,9279-1,13,/min,2026-06-29T14:34:00-05:00
295,Saturación de oxígeno,59408-5,97,%,2026-06-29T14:34:00-05:00
295,Temperatura corporal,8310-5,36.8,Cel,2026-06-29T14:34:00-05:00
295,Escala de Glasgow,9269-2,15,{score},2026-06-29T14:34:00-05:00
296,Frecuencia cardiaca,8867-4,135,/min,2026-06-29T16:19:00-05:00
296,Presión arterial sistólica,8480-6,98,mm[Hg],2026-06-29T16:19:00-05:00
296,Presión arterial diastólica,8462-4,56,mm[Hg],2026-06-29T16:19:00-05:00
296,Frecuencia respiratoria,9279-1,26,/min,2026-06-29T16:19:00-05:00
296,Saturación de oxígeno,59408-5,92,%,2026-06-29T16:19:00-05:00
296,Temperatura corporal,8310-5,36.9,Cel,2026-06-29T16:19:00-05:00
296,Escala de Glasgow,9269-2,11,{score},2026-06-29T16:19:00-05:00
297,Frecuencia cardiaca,8867-4,98,/min,2026-03-04T12:59:00-05:00
297,Presión arterial sistólica,8480-6,115,mm[Hg],2026-03-04T12:59:00-05:00
297,Presión arterial diastólica,8462-4,69,mm[Hg],2026-03-04T12:59:00-05:00
297,Frecuencia respiratoria,9279-1,27,/min,2026-03-04T12:59:00-05:00
297,Saturación de oxígeno,59408-5,92,%,2026-03-04T12:59:00-05:00
297,Temperatura corporal,8310-5,39.0,Cel,2026-03-04T12:59:00-05:00
297,Escala de Glasgow,9269-2,15,{score},2026-03-04T12:59:00-05:00
298,Frecuencia cardiaca,8867-4,118,/min,2026-06-22T01:26:00-05:00
298,Presión arterial sistólica,8480-6,85,mm[Hg],2026-06-22T01:26:00-05:00
298,Presión arterial diastólica,8462-4,47,mm[Hg],2026-06-22T01:26:00-05:00
298,Frecuencia respiratoria,9279-1,35,/min,2026-06-22T01:26:00-05:00
298,Saturación de oxígeno,59408-5,86,%,2026-06-22T01:26:00-05:00
298,Temperatura corporal,8310-5,39.2,Cel,2026-06-22T01:26:00-05:00
298,Escala de Glasgow,9269-2,10,{score},2026-06-22T01:26:00-05:00
299,Frecuencia cardiaca,8867-4,107,/min,2026-08-02T05:02:00-05:00
299,Presión arterial sistólica,8480-6,124,mm[Hg],2026-08-02T05:02:00-05:00
299,Presión arterial diastólica,8462-4,62,mm[Hg],2026-08-02T05:02:00-05:00
299,Frecuencia respiratoria,9279-1,33,/min,2026-08-02T05:02:00-05:00
299,Saturación de oxígeno,59408-5,87,%,2026-08-02T05:02:00-05:00
299,Temperatura corporal,8310-5,36.8,Cel,2026-08-02T05:02:00-05:00
299,Escala de Glasgow,9269-2,8,{score},2026-08-02T05:02:00-05:00
300,Frecuencia cardiaca,8867-4,65,/min,2026-08-02T18:38:00-05:00
300,Presión arterial sistólica,8480-6,147,mm[Hg],2026-08-02T18:38:00-05:00
300,Presión arterial diastólica,8462-4,83,mm[Hg],2026-08-02T18:38:00-05:00
300,Frecuencia respiratoria,9279-1,19,/min,2026-08-02T18:38:00-05:00
300,Saturación de oxígeno,59408-5,100,%,2026-08-02T18:38:00-05:00
300,Temperatura corporal,8310-5,36.9,Cel,2026-08-02T18:38:00-05:00
300,Escala de Glasgow,9269-2,14,{score},2026-08-02T18:38:00-05:00
301,Frecuencia cardiaca,8867-4,86,/min,2026-05-26T20:59:00-05:00
301,Presión arterial sistólica,8480-6,135,mm[Hg],2026-05-26T20:59:00-05:00
301,Presión arterial diastólica,8462-4,86,mm[Hg],2026-05-26T20:59:00-05:00
301,Frecuencia respiratoria,9279-1,17,/min,2026-05-26T20:59:00-05:00
301,Saturación de oxígeno,59408-5,94,%,2026-05-26T20:59:00-05:00
301,Temperatura corporal,8310-5,37.7,Cel,2026-05-26T20:59:00-05:00
301,Escala de Glasgow,9269-2,15,{score},2026-05-26T20:59:00-05:00
302,Frecuencia cardiaca,8867-4,74,/min,2026-07-20T12:23:00-05:00
302,Presión arterial sistólica,8480-6,134,mm[Hg],2026-07-20T12:23:00-05:00
302,Presión arterial diastólica,8462-4,58,mm[Hg],2026-07-20T12:23:00-05:00
302,Frecuencia respiratoria,9279-1,17,/min,2026-07-20T12:23:00-05:00
302,Saturación de oxígeno,59408-5,96,%,2026-07-20T12:23:00-05:00
302,Temperatura corporal,8310-5,36.3,Cel,2026-07-20T12:23:00-05:00
302,Escala de Glasgow,9269-2,15,{score},2026-07-20T12:23:00-05:00
303,Frecuencia cardiaca,8867-4,91,/min,2026-06-25T12:05:00-05:00
303,Presión arterial sistólica,8480-6,114,mm[Hg],2026-06-25T12:05:00-05:00
303,Presión arterial diastólica,8462-4,52,mm[Hg],2026-06-25T12:05:00-05:00
303,Frecuencia respiratoria,9279-1,18,/min,2026-06-25T12:05:00-05:00
303,Saturación de oxígeno,59408-5,91,%,2026-06-25T12:05:00-05:00
303,Temperatura corporal,8310-5,37.9,Cel,2026-06-25T12:05:00-05:00
303,Escala de Glasgow,9269-2,14,{score},2026-06-25T12:05:00-05:00
304,Frecuencia cardiaca,8867-4,120,/min,2026-07-29T13:17:00-05:00
304,Presión arterial sistólica,8480-6,95,mm[Hg],2026-07-29T13:17:00-05:00
304,Presión arterial diastólica,8462-4,53,mm[Hg],2026-07-29T13:17:00-05:00
304,Frecuencia respiratoria,9279-1,21,/min,2026-07-29T13:17:00-05:00
304,Saturación de oxígeno,59408-5,77,%,2026-07-29T13:17:00-05:00
304,Temperatura corporal,8310-5,36.7,Cel,2026-07-29T13:17:00-05:00
304,Escala de Glasgow,9269-2,13,{score},2026-07-29T13:17:00-05:00
305,Frecuencia cardiaca,8867-4,102,/min,2026-04-30T18:29:00-05:00
305,Presión arterial sistólica,8480-6,103,mm[Hg],2026-04-30T18:29:00-05:00
305,Presión arterial diastólica,8462-4,35,mm[Hg],2026-04-30T18:29:00-05:00
305,Frecuencia respiratoria,9279-1,22,/min,2026-04-30T18:29:00-05:00
305,Saturación de oxígeno,59408-5,85,%,2026-04-30T18:29:00-05:00
305,Temperatura corporal,8310-5,39.1,Cel,2026-04-30T18:29:00-05:00
305,Escala de Glasgow,9269-2,15,{score},2026-04-30T18:29:00-05:00
306,Frecuencia cardiaca,8867-4,125,/min,2026-08-14T18:35:00-05:00
306,Presión arterial sistólica,8480-6,105,mm[Hg],2026-08-14T18:35:00-05:00
306,Presión arterial diastólica,8462-4,72,mm[Hg],2026-08-14T18:35:00-05:00
306,Frecuencia respiratoria,9279-1,30,/min,2026-08-14T18:35:00-05:00
306,Saturación de oxígeno,59408-5,83,%,2026-08-14T18:35:00-05:00
306,Temperatura corporal,8310-5,39.9,Cel,2026-08-14T18:35:00-05:00
306,Escala de Glasgow,9269-2,12,{score},2026-08-14T18:35:00-05:00
307,Frecuencia cardiaca,8867-4,101,/min,2026-07-16T16:57:00-05:00
307,Presión arterial sistólica,8480-6,120,mm[Hg],2026-07-16T16:57:00-05:00
307,Presión arterial diastólica,8462-4,64,mm[Hg],2026-07-16T16:57:00-05:00
307,Frecuencia respiratoria,9279-1,18,/min,2026-07-16T16:57:00-05:00
307,Saturación de oxígeno,59408-5,97,%,2026-07-16T16:57:00-05:00
307,Temperatura corporal,8310-5,37.4,Cel,2026-07-16T16:57:00-05:00
307,Escala de Glasgow,9269-2,15,{score},2026-07-16T16:57:00-05:00
308,Frecuencia cardiaca,8867-4,133,/min,2026-08-26T18:05:00-05:00
308,Presión arterial sistólica,8480-6,129,mm[Hg],2026-08-26T18:05:00-05:00
308,Presión arterial diastólica,8462-4,74,mm[Hg],2026-08-26T18:05:00-05:00
308,Frecuencia respiratoria,9279-1,27,/min,2026-08-26T18:05:00-05:00
308,Saturación de oxígeno,59408-5,87,%,2026-08-26T18:05:00-05:00
308,Temperatura corporal,8310-5,39.4,Cel,2026-08-26T18:05:00-05:00
308,Escala de Glasgow,9269-2,11,{score},2026-08-26T18:05:00-05:00
309,Frecuencia cardiaca,8867-4,110,/min,2026-03-03T09:10:00-05:00
309,Presión arterial sistólica,8480-6,95,mm[Hg],2026-03-03T09:10:00-05:00
309,Presión arterial diastólica,8462-4,49,mm[Hg],2026-03-03T09:10:00-05:00
309,Frecuencia respiratoria,9279-1,32,/min,2026-03-03T09:10:00-05:00
309,Saturación de oxígeno,59408-5,83,%,2026-03-03T09:10:00-05:00
309,Temperatura corporal,8310-5,37.4,Cel,2026-03-03T09:10:00-05:00
309,Escala de Glasgow,9269-2,7,{score},2026-03-03T09:10:00-05:00
310,Frecuencia cardiaca,8867-4,101,/min,2026-03-20T13:44:00-05:00
310,Presión arterial sistólica,8480-6,105,mm[Hg],2026-03-20T13:44:00-05:00
310,Presión arterial diastólica,8462-4,65,mm[Hg],2026-03-20T13:44:00-05:00
310,Frecuencia respiratoria,9279-1,22,/min,2026-03-20T13:44:00-05:00
310,Saturación de oxígeno,59408-5,91,%,2026-03-20T13:44:00-05:00
310,Temperatura corporal,8310-5,36.9,Cel,2026-03-20T13:44:00-05:00
310,Escala de Glasgow,9269-2,14,{score},2026-03-20T13:44:00-05:00
311,Frecuencia cardiaca,8867-4,110,/min,2026-05-01T14:37:00-05:00
311,Presión arterial sistólica,8480-6,109,mm[Hg],2026-05-01T14:37:00-05:00
311,Presión arterial diastólica,8462-4,66,mm[Hg],2026-05-01T14:37:00-05:00
311,Frecuencia respiratoria,9279-1,21,/min,2026-05-01T14:37:00-05:00
311,Saturación de oxígeno,59408-5,91,%,2026-05-01T14:37:00-05:00
311,Temperatura corporal,8310-5,36.7,Cel,2026-05-01T14:37:00-05:00
311,Escala de Glasgow,9269-2,13,{score},2026-05-01T14:37:00-05:00
312,Frecuencia cardiaca,8867-4,113,/min,2026-08-10T16:37:00-05:00
312,Presión arterial sistólica,8480-6,88,mm[Hg],2026-08-10T16:37:00-05:00
312,Presión arterial diastólica,8462-4,61,mm[Hg],2026-08-10T16:37:00-05:00
312,Frecuencia respiratoria,9279-1,33,/min,2026-08-10T16:37:00-05:00
312,Saturación de oxígeno,59408-5,91,%,2026-08-10T16:37:00-05:00
312,Temperatura corporal,8310-5,37.7,Cel,2026-08-10T16:37:00-05:00
312,Escala de Glasgow,9269-2,11,{score},2026-08-10T16:37:00-05:00
313,Frecuencia cardiaca,8867-4,87,/min,2026-09-03T07:56:00-05:00
313,Presión arterial sistólica,8480-6,130,mm[Hg],2026-09-03T07:56:00-05:00
313,Presión arterial diastólica,8462-4,83,mm[Hg],2026-09-03T07:56:00-05:00
313,Frecuencia respiratoria,9279-1,24,/min,2026-09-03T07:56:00-05:00
313,Saturación de oxígeno,59408-5,95,%,2026-09-03T07:56:00-05:00
313,Temperatura corporal,8310-5,37.1,Cel,2026-09-03T07:56:00-05:00
313,Escala de Glasgow,9269-2,15,{score},2026-09-03T07:56:00-05:00
314,Frecuencia cardiaca,8867-4,130,/min,2026-07-16T17:53:00-05:00
314,Presión arterial sistólica,8480-6,96,mm[Hg],2026-07-16T17:53:00-05:00
314,Presión arterial diastólica,8462-4,64,mm[Hg],2026-07-16T17:53:00-05:00
314,Frecuencia respiratoria,9279-1,22,/min,2026-07-16T17:53:00-05:00
314,Saturación de oxígeno,59408-5,88,%,2026-07-16T17:53:00-05:00
314,Temperatura corporal,8310-5,38.1,Cel,2026-07-16T17:53:00-05:00
314,Escala de Glasgow,9269-2,13,{score},2026-07-16T17:53:00-05:00
315,Frecuencia cardiaca,8867-4,100,/min,2026-04-07T12:48:00-05:00
315,Presión arterial sistólica,8480-6,119,mm[Hg],2026-04-07T12:48:00-05:00
315,Presión arterial diastólica,8462-4,59,mm[Hg],2026-04-07T12:48:00-05:00
315,Frecuencia respiratoria,9279-1,20,/min,2026-04-07T12:48:00-05:00
315,Saturación de oxígeno,59408-5,93,%,2026-04-07T12:48:00-05:00
315,Temperatura corporal,8310-5,39.1,Cel,2026-04-07T12:48:00-05:00
315,Escala de Glasgow,9269-2,15,{score},2026-04-07T12:48:00-05:00
316,Frecuencia cardiaca,8867-4,122,/min,2026-07-26T07:25:00-05:00
316,Presión arterial sistólica,8480-6,122,mm[Hg],2026-07-26T07:25:00-05:00
316,Presión arterial diastólica,8462-4,81,mm[Hg],2026-07-26T07:25:00-05:00
316,Frecuencia respiratoria,9279-1,22,/min,2026-07-26T07:25:00-05:00
316,Saturación de oxígeno,59408-5,93,%,2026-07-26T07:25:00-05:00
316,Temperatura corporal,8310-5,37.2,Cel,2026-07-26T07:25:00-05:00
316,Escala de Glasgow,9269-2,14,{score},2026-07-26T07:25:00-05:00
317,Frecuencia cardiaca,8867-4,82,/min,2026-07-23T04:25:00-05:00
317,Presión arterial sistólica,8480-6,137,mm[Hg],2026-07-23T04:25:00-05:00
317,Presión arterial diastólica,8462-4,85,mm[Hg],2026-07-23T04:25:00-05:00
317,Frecuencia respiratoria,9279-1,14,/min,2026-07-23T04:25:00-05:00
317,Saturación de oxígeno,59408-5,95,%,2026-07-23T04:25:00-05:00
317,Temperatura corporal,8310-5,37.8,Cel,2026-07-23T04:25:00-05:00
317,Escala de Glasgow,9269-2,15,{score},2026-07-23T04:25:00-05:00
318,Frecuencia cardiaca,8867-4,104,/min,2026-03-07T06:36:00-05:00
318,Presión arterial sistólica,8480-6,153,mm[Hg],2026-03-07T06:36:00-05:00
318,Presión arterial diastólica,8462-4,87,mm[Hg],2026-03-07T06:36:00-05:00
318,Frecuencia respiratoria,9279-1,22,/min,2026-03-07T06:36:00-05:00
318,Saturación de oxígeno,59408-5,94,%,2026-03-07T06:36:00-05:00
318,Temperatura corporal,8310-5,37.8,Cel,2026-03-07T06:36:00-05:00
318,Escala de Glasgow,9269-2,13,{score},2026-03-07T06:36:00-05:00
319,Frecuencia cardiaca,8867-4,103,/min,2026-07-14T01:03:00-05:00
319,Presión arterial sistólica,8480-6,108,mm[Hg],2026-07-14T01:03:00-05:00
319,Presión arterial diastólica,8462-4,78,mm[Hg],2026-07-14T01:03:00-05:00
319,Frecuencia respiratoria,9279-1,16,/min,2026-07-14T01:03:00-05:00
319,Saturación de oxígeno,59408-5,95,%,2026-07-14T01:03:00-05:00
319,Temperatura corporal,8310-5,38.3,Cel,2026-07-14T01:03:00-05:00
319,Escala de Glasgow,9269-2,15,{score},2026-07-14T01:03:00-05:00
320,Frecuencia cardiaca,8867-4,75,/min,2026-07-18T11:19:00-05:00
320,Presión arterial sistólica,8480-6,119,mm[Hg],2026-07-18T11:19:00-05:00
320,Presión arterial diastólica,8462-4,85,mm[Hg],2026-07-18T11:19:00-05:00
320,Frecuencia respiratoria,9279-1,23,/min,2026-07-18T11:19:00-05:00
320,Saturación de oxígeno,59408-5,97,%,2026-07-18T11:19:00-05:00
320,Temperatura corporal,8310-5,37.9,Cel,2026-07-18T11:19:00-05:00
320,Escala de Glasgow,9269-2,15,{score},2026-07-18T11:19:00-05:00
321,Frecuencia cardiaca,8867-4,113,/min,2026-09-20T04:10:00-05:00
321,Presión arterial sistólica,8480-6,76,mm[Hg],2026-09-20T04:10:00-05:00
321,Presión arterial diastólica,8462-4,61,mm[Hg],2026-09-20T04:10:00-05:00
321,Frecuencia respiratoria,9279-1,30,/min,2026-09-20T04:10:00-05:00
321,Saturación de oxígeno,59408-5,92,%,2026-09-20T04:10:00-05:00
321,Temperatura corporal,8310-5,37.9,Cel,2026-09-20T04:10:00-05:00
321,Escala de Glasgow,9269-2,10,{score},2026-09-20T04:10:00-05:00
322,Frecuencia cardiaca,8867-4,99,/min,2026-08-13T04:18:00-05:00
322,Presión arterial sistólica,8480-6,109,mm[Hg],2026-08-13T04:18:00-05:00
322,Presión arterial diastólica,8462-4,61,mm[Hg],2026-08-13T04:18:00-05:00
322,Frecuencia respiratoria,9279-1,22,/min,2026-08-13T04:18:00-05:00
322,Saturación de oxígeno,59408-5,89,%,2026-08-13T04:18:00-05:00
322,Temperatura corporal,8310-5,37.5,Cel,2026-08-13T04:18:00-05:00
322,Escala de Glasgow,9269-2,9,{score},2026-08-13T04:18:00-05:00
323,Frecuencia cardiaca,8867-4,89,/min,2026-07-31T11:27:00-05:00
323,Presión arterial sistólica,8480-6,120,mm[Hg],2026-07-31T11:27:00-05:00
323,Presión arterial diastólica,8462-4,73,mm[Hg],2026-07-31T11:27:00-05:00
323,Frecuencia respiratoria,9279-1,21,/min,2026-07-31T11:27:00-05:00
323,Saturación de oxígeno,59408-5,93,%,2026-07-31T11:27:00-05:00
323,Temperatura corporal,8310-5,38.5,Cel,2026-07-31T11:27:00-05:00
323,Escala de Glasgow,9269-2,15,{score},2026-07-31T11:27:00-05:00
324,Frecuencia cardiaca,8867-4,115,/min,2026-03-27T19:37:00-05:00
324,Presión arterial sistólica,8480-6,89,mm[Hg],2026-03-27T19:37:00-05:00
324,Presión arterial diastólica,8462-4,45,mm[Hg],2026-03-27T19:37:00-05:00
324,Frecuencia respiratoria,9279-1,26,/min,2026-03-27T19:37:00-05:00
324,Saturación de oxígeno,59408-5,91,%,2026-03-27T19:37:00-05:00
324,Temperatura corporal,8310-5,38.4,Cel,2026-03-27T19:37:00-05:00
324,Escala de Glasgow,9269-2,11,{score},2026-03-27T19:37:00-05:00
325,Frecuencia cardiaca,8867-4,107,/min,2026-06-27T13:33:00-05:00
325,Presión arterial sistólica,8480-6,72,mm[Hg],2026-06-27T13:33:00-05:00
325,Presión arterial diastólica,8462-4,50,mm[Hg],2026-06-27T13:33:00-05:00
325,Frecuencia respiratoria,9279-1,34,/min,2026-06-27T13:33:00-05:00
325,Saturación de oxígeno,59408-5,84,%,2026-06-27T13:33:00-05:00
325,Temperatura corporal,8310-5,38.5,Cel,2026-06-27T13:33:00-05:00
325,Escala de Glasgow,9269-2,10,{score},2026-06-27T13:33:00-05:00
326,Frecuencia cardiaca,8867-4,121,/min,2026-04-17T09:48:00-05:00
326,Presión arterial sistólica,8480-6,116,mm[Hg],2026-04-17T09:48:00-05:00
326,Presión arterial diastólica,8462-4,64,mm[Hg],2026-04-17T09:48:00-05:00
326,Frecuencia respiratoria,9279-1,25,/min,2026-04-17T09:48:00-05:00
326,Saturación de oxígeno,59408-5,82,%,2026-04-17T09:48:00-05:00
326,Temperatura corporal,8310-5,38.5,Cel,2026-04-17T09:48:00-05:00
326,Escala de Glasgow,9269-2,12,{score},2026-04-17T09:48:00-05:00
327,Frecuencia cardiaca,8867-4,101,/min,2026-05-02T11:27:00-05:00
327,Presión arterial sistólica,8480-6,114,mm[Hg],2026-05-02T11:27:00-05:00
327,Presión arterial diastólica,8462-4,74,mm[Hg],2026-05-02T11:27:00-05:00
327,Frecuencia respiratoria,9279-1,24,/min,2026-05-02T11:27:00-05:00
327,Saturación de oxígeno,59408-5,86,%,2026-05-02T11:27:00-05:00
327,Temperatura corporal,8310-5,37.6,Cel,2026-05-02T11:27:00-05:00
327,Escala de Glasgow,9269-2,11,{score},2026-05-02T11:27:00-05:00
328,Frecuencia cardiaca,8867-4,88,/min,2026-03-15T13:31:00-05:00
328,Presión arterial sistólica,8480-6,144,mm[Hg],2026-03-15T13:31:00-05:00
328,Presión arterial diastólica,8462-4,81,mm[Hg],2026-03-15T13:31:00-05:00
328,Frecuencia respiratoria,9279-1,20,/min,2026-03-15T13:31:00-05:00
328,Saturación de oxígeno,59408-5,95,%,2026-03-15T13:31:00-05:00
328,Temperatura corporal,8310-5,37.5,Cel,2026-03-15T13:31:00-05:00
328,Escala de Glasgow,9269-2,14,{score},2026-03-15T13:31:00-05:00
329,Frecuencia cardiaca,8867-4,134,/min,2026-03-22T17:05:00-05:00
329,Presión arterial sistólica,8480-6,88,mm[Hg],2026-03-22T17:05:00-05:00
329,Presión arterial diastólica,8462-4,63,mm[Hg],2026-03-22T17:05:00-05:00
329,Frecuencia respiratoria,9279-1,18,/min,2026-03-22T17:05:00-05:00
329,Saturación de oxígeno,59408-5,82,%,2026-03-22T17:05:00-05:00
329,Temperatura corporal,8310-5,38.0,Cel,2026-03-22T17:05:00-05:00
329,Escala de Glasgow,9269-2,11,{score},2026-03-22T17:05:00-05:00
330,Frecuencia cardiaca,8867-4,79,/min,2026-06-13T06:24:00-05:00
330,Presión arterial sistólica,8480-6,138,mm[Hg],2026-06-13T06:24:00-05:00
330,Presión arterial diastólica,8462-4,81,mm[Hg],2026-06-13T06:24:00-05:00
330,Frecuencia respiratoria,9279-1,17,/min,2026-06-13T06:24:00-05:00
330,Saturación de oxígeno,59408-5,94,%,2026-06-13T06:24:00-05:00
330,Temperatura corporal,8310-5,36.8,Cel,2026-06-13T06:24:00-05:00
330,Escala de Glasgow,9269-2,15,{score},2026-06-13T06:24:00-05:00
331,Frecuencia cardiaca,8867-4,91,/min,2026-05-10T17:09:00-05:00
331,Presión arterial sistólica,8480-6,102,mm[Hg],2026-05-10T17:09:00-05:00
331,Presión arterial diastólica,8462-4,87,mm[Hg],2026-05-10T17:09:00-05:00
331,Frecuencia respiratoria,9279-1,20,/min,2026-05-10T17:09:00-05:00
331,Saturación de oxígeno,59408-5,90,%,2026-05-10T17:09:00-05:00
331,Temperatura corporal,8310-5,38.6,Cel,2026-05-10T17:09:00-05:00
331,Escala de Glasgow,9269-2,12,{score},2026-05-10T17:09:00-05:00
332,Frecuencia cardiaca,8867-4,89,/min,2026-05-22T19:53:00-05:00
332,Presión arterial sistólica,8480-6,107,mm[Hg],2026-05-22T19:53:00-05:00
332,Presión arterial diastólica,8462-4,71,mm[Hg],2026-05-22T19:53:00-05:00
332,Frecuencia respiratoria,9279-1,18,/min,2026-05-22T19:53:00-05:00
332,Saturación de oxígeno,59408-5,95,%,2026-05-22T19:53:00-05:00
332,Temperatura corporal,8310-5,37.8,Cel,2026-05-22T19:53:00-05:00
332,Escala de Glasgow,9269-2,10,{score},2026-05-22T19:53:00-05:00
333,Frecuencia cardiaca,8867-4,123,/min,2026-08-25T11:02:00-05:00
333,Presión arterial sistólica,8480-6,80,mm[Hg],2026-08-25T11:02:00-05:00
333,Presión arterial diastólica,8462-4,59,mm[Hg],2026-08-25T11:02:00-05:00
333,Frecuencia respiratoria,9279-1,24,/min,2026-08-25T11:02:00-05:00
333,Saturación de oxígeno,59408-5,86,%,2026-08-25T11:02:00-05:00
333,Temperatura corporal,8310-5,37.1,Cel,2026-08-25T11:02:00-05:00
333,Escala de Glasgow,9269-2,12,{score},2026-08-25T11:02:00-05:00
334,Frecuencia cardiaca,8867-4,96,/min,2026-05-07T04:03:00-05:00
334,Presión arterial sistólica,8480-6,126,mm[Hg],2026-05-07T04:03:00-05:00
334,Presión arterial diastólica,8462-4,73,mm[Hg],2026-05-07T04:03:00-05:00
334,Frecuencia respiratoria,9279-1,16,/min,2026-05-07T04:03:00-05:00
334,Saturación de oxígeno,59408-5,93,%,2026-05-07T04:03:00-05:00
334,Temperatura corporal,8310-5,37.2,Cel,2026-05-07T04:03:00-05:00
334,Escala de Glasgow,9269-2,14,{score},2026-05-07T04:03:00-05:00
335,Frecuencia cardiaca,8867-4,98,/min,2026-07-29T19:22:00-05:00
335,Presión arterial sistólica,8480-6,144,mm[Hg],2026-07-29T19:22:00-05:00
335,Presión arterial diastólica,8462-4,75,mm[Hg],2026-07-29T19:22:00-05:00
335,Frecuencia respiratoria,9279-1,19,/min,2026-07-29T19:22:00-05:00
335,Saturación de oxígeno,59408-5,96,%,2026-07-29T19:22:00-05:00
335,Temperatura corporal,8310-5,36.8,Cel,2026-07-29T19:22:00-05:00
335,Escala de Glasgow,9269-2,15,{score},2026-07-29T19:22:00-05:00
336,Frecuencia cardiaca,8867-4,93,/min,2026-08-20T11:12:00-05:00
336,Presión arterial sistólica,8480-6,130,mm[Hg],2026-08-20T11:12:00-05:00
336,Presión arterial diastólica,8462-4,76,mm[Hg],2026-08-20T11:12:00-05:00
336,Frecuencia respiratoria,9279-1,14,/min,2026-08-20T11:12:00-05:00
336,Saturación de oxígeno,59408-5,96,%,2026-08-20T11:12:00-05:00
336,Temperatura corporal,8310-5,36.1,Cel,2026-08-20T11:12:00-05:00
336,Escala de Glasgow,9269-2,15,{score},2026-08-20T11:12:00-05:00
337,Frecuencia cardiaca,8867-4,137,/min,2026-09-18T00:45:00-05:00
337,Presión arterial sistólica,8480-6,70,mm[Hg],2026-09-18T00:45:00-05:00
337,Presión arterial diastólica,8462-4,55,mm[Hg],2026-09-18T00:45:00-05:00
337,Frecuencia respiratoria,9279-1,24,/min,2026-09-18T00:45:00-05:00
337,Saturación de oxígeno,59408-5,85,%,2026-09-18T00:45:00-05:00
337,Temperatura corporal,8310-5,38.1,Cel,2026-09-18T00:45:00-05:00
337,Escala de Glasgow,9269-2,9,{score},2026-09-18T00:45:00-05:00
338,Frecuencia cardiaca,8867-4,110,/min,2026-06-06T11:12:00-05:00
338,Presión arterial sistólica,8480-6,77,mm[Hg],2026-06-06T11:12:00-05:00
338,Presión arterial diastólica,8462-4,62,mm[Hg],2026-06-06T11:12:00-05:00
338,Frecuencia respiratoria,9279-1,28,/min,2026-06-06T11:12:00-05:00
338,Saturación de oxígeno,59408-5,92,%,2026-06-06T11:12:00-05:00
338,Temperatura corporal,8310-5,36.9,Cel,2026-06-06T11:12:00-05:00
338,Escala de Glasgow,9269-2,13,{score},2026-06-06T11:12:00-05:00
339,Frecuencia cardiaca,8867-4,67,/min,2026-08-25T13:16:00-05:00
339,Presión arterial sistólica,8480-6,116,mm[Hg],2026-08-25T13:16:00-05:00
339,Presión arterial diastólica,8462-4,69,mm[Hg],2026-08-25T13:16:00-05:00
339,Frecuencia respiratoria,9279-1,20,/min,2026-08-25T13:16:00-05:00
339,Saturación de oxígeno,59408-5,95,%,2026-08-25T13:16:00-05:00
339,Temperatura corporal,8310-5,36.7,Cel,2026-08-25T13:16:00-05:00
339,Escala de Glasgow,9269-2,15,{score},2026-08-25T13:16:00-05:00
340,Frecuencia cardiaca,8867-4,62,/min,2026-04-09T12:00:00-05:00
340,Presión arterial sistólica,8480-6,96,mm[Hg],2026-04-09T12:00:00-05:00
340,Presión arterial diastólica,8462-4,65,mm[Hg],2026-04-09T12:00:00-05:00
340,Frecuencia respiratoria,9279-1,19,/min,2026-04-09T12:00:00-05:00
340,Saturación de oxígeno,59408-5,97,%,2026-04-09T12:00:00-05:00
340,Temperatura corporal,8310-5,37.2,Cel,2026-04-09T12:00:00-05:00
340,Escala de Glasgow,9269-2,13,{score},2026-04-09T12:00:00-05:00
341,Frecuencia cardiaca,8867-4,131,/min,2026-08-17T07:38:00-05:00
341,Presión arterial sistólica,8480-6,101,mm[Hg],2026-08-17T07:38:00-05:00
341,Presión arterial diastólica,8462-4,55,mm[Hg],2026-08-17T07:38:00-05:00
341,Frecuencia respiratoria,9279-1,21,/min,2026-08-17T07:38:00-05:00
341,Saturación de oxígeno,59408-5,90,%,2026-08-17T07:38:00-05:00
341,Temperatura corporal,8310-5,38.6,Cel,2026-08-17T07:38:00-05:00
341,Escala de Glasgow,9269-2,11,{score},2026-08-17T07:38:00-05:00
342,Frecuencia cardiaca,8867-4,130,/min,2026-07-02T16:10:00-05:00
342,Presión arterial sistólica,8480-6,82,mm[Hg],2026-07-02T16:10:00-05:00
342,Presión arterial diastólica,8462-4,50,mm[Hg],2026-07-02T16:10:00-05:00
342,Frecuencia respiratoria,9279-1,23,/min,2026-07-02T16:10:00-05:00
342,Saturación de oxígeno,59408-5,87,%,2026-07-02T16:10:00-05:00
342,Temperatura corporal,8310-5,39.5,Cel,2026-07-02T16:10:00-05:00
342,Escala de Glasgow,9269-2,8,{score},2026-07-02T16:10:00-05:00
343,Frecuencia cardiaca,8867-4,92,/min,2026-08-29T17:17:00-05:00
343,Presión arterial sistólica,8480-6,114,mm[Hg],2026-08-29T17:17:00-05:00
343,Presión arterial diastólica,8462-4,64,mm[Hg],2026-08-29T17:17:00-05:00
343,Frecuencia respiratoria,9279-1,23,/min,2026-08-29T17:17:00-05:00
343,Saturación de oxígeno,59408-5,88,%,2026-08-29T17:17:00-05:00
343,Temperatura corporal,8310-5,36.8,Cel,2026-08-29T17:17:00-05:00
343,Escala de Glasgow,9269-2,14,{score},2026-08-29T17:17:00-05:00
344,Frecuencia cardiaca,8867-4,88,/min,2026-06-11T13:27:00-05:00
344,Presión arterial sistólica,8480-6,140,mm[Hg],2026-06-11T13:27:00-05:00
344,Presión arterial diastólica,8462-4,92,mm[Hg],2026-06-11T13:27:00-05:00
344,Frecuencia respiratoria,9279-1,20,/min,2026-06-11T13:27:00-05:00
344,Saturación de oxígeno,59408-5,93,%,2026-06-11T13:27:00-05:00
344,Temperatura corporal,8310-5,37.2,Cel,2026-06-11T13:27:00-05:00
344,Escala de Glasgow,9269-2,14,{score},2026-06-11T13:27:00-05:00
345,Frecuencia cardiaca,8867-4,86,/min,2026-06-24T13:23:00-05:00
345,Presión arterial sistólica,8480-6,109,mm[Hg],2026-06-24T13:23:00-05:00
345,Presión arterial diastólica,8462-4,67,mm[Hg],2026-06-24T13:23:00-05:00
345,Frecuencia respiratoria,9279-1,25,/min,2026-06-24T13:23:00-05:00
345,Saturación de oxígeno,59408-5,90,%,2026-06-24T13:23:00-05:00
345,Temperatura corporal,8310-5,39.2,Cel,2026-06-24T13:23:00-05:00
345,Escala de Glasgow,9269-2,13,{score},2026-06-24T13:23:00-05:00
346,Frecuencia cardiaca,8867-4,78,/min,2026-07-11T13:13:00-05:00
346,Presión arterial sistólica,8480-6,149,mm[Hg],2026-07-11T13:13:00-05:00
346,Presión arterial diastólica,8462-4,72,mm[Hg],2026-07-11T13:13:00-05:00
346,Frecuencia respiratoria,9279-1,15,/min,2026-07-11T13:13:00-05:00
346,Saturación de oxígeno,59408-5,95,%,2026-07-11T13:13:00-05:00
346,Temperatura corporal,8310-5,37.2,Cel,2026-07-11T13:13:00-05:00
346,Escala de Glasgow,9269-2,15,{score},2026-07-11T13:13:00-05:00
347,Frecuencia cardiaca,8867-4,105,/min,2026-03-25T20:29:00-05:00
347,Presión arterial sistólica,8480-6,86,mm[Hg],2026-03-25T20:29:00-05:00
347,Presión arterial diastólica,8462-4,65,mm[Hg],2026-03-25T20:29:00-05:00
347,Frecuencia respiratoria,9279-1,16,/min,2026-03-25T20:29:00-05:00
347,Saturación de oxígeno,59408-5,88,%,2026-03-25T20:29:00-05:00
347,Temperatura corporal,8310-5,38.1,Cel,2026-03-25T20:29:00-05:00
347,Escala de Glasgow,9269-2,5,{score},2026-03-25T20:29:00-05:00
348,Frecuencia cardiaca,8867-4,90,/min,2026-08-06T09:24:00-05:00
348,Presión arterial sistólica,8480-6,101,mm[Hg],2026-08-06T09:24:00-05:00
348,Presión arterial diastólica,8462-4,67,mm[Hg],2026-08-06T09:24:00-05:00
348,Frecuencia respiratoria,9279-1,23,/min,2026-08-06T09:24:00-05:00
348,Saturación de oxígeno,59408-5,93,%,2026-08-06T09:24:00-05:00
348,Temperatura corporal,8310-5,37.4,Cel,2026-08-06T09:24:00-05:00
348,Escala de Glasgow,9269-2,13,{score},2026-08-06T09:24:00-05:00
349,Frecuencia cardiaca,8867-4,74,/min,2026-09-16T06:40:00-05:00
349,Presión arterial sistólica,8480-6,139,mm[Hg],2026-09-16T06:40:00-05:00
349,Presión arterial diastólica,8462-4,93,mm[Hg],2026-09-16T06:40:00-05:00
349,Frecuencia respiratoria,9279-1,23,/min,2026-09-16T06:40:00-05:00
349,Saturación de oxígeno,59408-5,94,%,2026-09-16T06:40:00-05:00
349,Temperatura corporal,8310-5,37.1,Cel,2026-09-16T06:40:00-05:00
349,Escala de Glasgow,9269-2,15,{score},2026-09-16T06:40:00-05:00
350,Frecuencia cardiaca,8867-4,129,/min,2026-06-23T17:47:00-05:00
350,Presión arterial sistólica,8480-6,96,mm[Hg],2026-06-23T17:47:00-05:00
350,Presión arterial diastólica,8462-4,56,mm[Hg],2026-06-23T17:47:00-05:00
350,Frecuencia respiratoria,9279-1,25,/min,2026-06-23T17:47:00-05:00
350,Saturación de oxígeno,59408-5,91,%,2026-06-23T17:47:00-05:00
350,Temperatura corporal,8310-5,36.7,Cel,2026-06-23T17:47:00-05:00
350,Escala de Glasgow,9269-2,10,{score},2026-06-23T17:47:00-05:00
351,Frecuencia cardiaca,8867-4,104,/min,2026-05-06T11:42:00-05:00
351,Presión arterial sistólica,8480-6,112,mm[Hg],2026-05-06T11:42:00-05:00
351,Presión arterial diastólica,8462-4,82,mm[Hg],2026-05-06T11:42:00-05:00
351,Frecuencia respiratoria,9279-1,19,/min,2026-05-06T11:42:00-05:00
351,Saturación de oxígeno,59408-5,95,%,2026-05-06T11:42:00-05:00
351,Temperatura corporal,8310-5,36.6,Cel,2026-05-06T11:42:00-05:00
351,Escala de Glasgow,9269-2,15,{score},2026-05-06T11:42:00-05:00
352,Frecuencia cardiaca,8867-4,113,/min,2026-04-04T11:33:00-05:00
352,Presión arterial sistólica,8480-6,104,mm[Hg],2026-04-04T11:33:00-05:00
352,Presión arterial diastólica,8462-4,69,mm[Hg],2026-04-04T11:33:00-05:00
352,Frecuencia respiratoria,9279-1,23,/min,2026-04-04T11:33:00-05:00
352,Saturación de oxígeno,59408-5,87,%,2026-04-04T11:33:00-05:00
352,Temperatura corporal,8310-5,39.2,Cel,2026-04-04T11:33:00-05:00
352,Escala de Glasgow,9269-2,10,{score},2026-04-04T11:33:00-05:00
353,Frecuencia cardiaca,8867-4,103,/min,2026-05-01T04:23:00-05:00
353,Presión arterial sistólica,8480-6,105,mm[Hg],2026-05-01T04:23:00-05:00
353,Presión arterial diastólica,8462-4,67,mm[Hg],2026-05-01T04:23:00-05:00
353,Frecuencia respiratoria,9279-1,25,/min,2026-05-01T04:23:00-05:00
353,Saturación de oxígeno,59408-5,89,%,2026-05-01T04:23:00-05:00
353,Temperatura corporal,8310-5,36.8,Cel,2026-05-01T04:23:00-05:00
353,Escala de Glasgow,9269-2,13,{score},2026-05-01T04:23:00-05:00
354,Frecuencia cardiaca,8867-4,94,/min,2026-06-22T05:14:00-05:00
354,Presión arterial sistólica,8480-6,127,mm[Hg],2026-06-22T05:14:00-05:00
354,Presión arterial diastólica,8462-4,68,mm[Hg],2026-06-22T05:14:00-05:00
354,Frecuencia respiratoria,9279-1,24,/min,2026-06-22T05:14:00-05:00
354,Saturación de oxígeno,59408-5,92,%,2026-06-22T05:14:00-05:00
354,Temperatura corporal,8310-5,37.5,Cel,2026-06-22T05:14:00-05:00
354,Escala de Glasgow,9269-2,15,{score},2026-06-22T05:14:00-05:00
355,Frecuencia cardiaca,8867-4,78,/min,2026-05-15T18:50:00-05:00
355,Presión arterial sistólica,8480-6,101,mm[Hg],2026-05-15T18:50:00-05:00
355,Presión arterial diastólica,8462-4,67,mm[Hg],2026-05-15T18:50:00-05:00
355,Frecuencia respiratoria,9279-1,21,/min,2026-05-15T18:50:00-05:00
355,Saturación de oxígeno,59408-5,96,%,2026-05-15T18:50:00-05:00
355,Temperatura corporal,8310-5,37.0,Cel,2026-05-15T18:50:00-05:00
355,Escala de Glasgow,9269-2,15,{score},2026-05-15T18:50:00-05:00
356,Frecuencia cardiaca,8867-4,120,/min,2026-05-24T17:59:00-05:00
356,Presión arterial sistólica,8480-6,100,mm[Hg],2026-05-24T17:59:00-05:00
356,Presión arterial diastólica,8462-4,65,mm[Hg],2026-05-24T17:59:00-05:00
356,Frecuencia respiratoria,9279-1,24,/min,2026-05-24T17:59:00-05:00
356,Saturación de oxígeno,59408-5,91,%,2026-05-24T17:59:00-05:00
356,Temperatura corporal,8310-5,37.8,Cel,2026-05-24T17:59:00-05:00
356,Escala de Glasgow,9269-2,13,{score},2026-05-24T17:59:00-05:00
357,Frecuencia cardiaca,8867-4,108,/min,2026-07-31T12:05:00-05:00
357,Presión arterial sistólica,8480-6,105,mm[Hg],2026-07-31T12:05:00-05:00
357,Presión arterial diastólica,8462-4,42,mm[Hg],2026-07-31T12:05:00-05:00
357,Frecuencia respiratoria,9279-1,34,/min,2026-07-31T12:05:00-05:00
357,Saturación de oxígeno,59408-5,90,%,2026-07-31T12:05:00-05:00
357,Temperatura corporal,8310-5,37.5,Cel,2026-07-31T12:05:00-05:00
357,Escala de Glasgow,9269-2,14,{score},2026-07-31T12:05:00-05:00
358,Frecuencia cardiaca,8867-4,93,/min,2026-04-04T09:49:00-05:00
358,Presión arterial sistólica,8480-6,123,mm[Hg],2026-04-04T09:49:00-05:00
358,Presión arterial diastólica,8462-4,73,mm[Hg],2026-04-04T09:49:00-05:00
358,Frecuencia respiratoria,9279-1,18,/min,2026-04-04T09:49:00-05:00
358,Saturación de oxígeno,59408-5,94,%,2026-04-04T09:49:00-05:00
358,Temperatura corporal,8310-5,36.4,Cel,2026-04-04T09:49:00-05:00
358,Escala de Glasgow,9269-2,14,{score},2026-04-04T09:49:00-05:00
359,Frecuencia cardiaca,8867-4,103,/min,2026-05-10T18:48:00-05:00
359,Presión arterial sistólica,8480-6,101,mm[Hg],2026-05-10T18:48:00-05:00
359,Presión arterial diastólica,8462-4,72,mm[Hg],2026-05-10T18:48:00-05:00
359,Frecuencia respiratoria,9279-1,28,/min,2026-05-10T18:48:00-05:00
359,Saturación de oxígeno,59408-5,86,%,2026-05-10T18:48:00-05:00
359,Temperatura corporal,8310-5,38.3,Cel,2026-05-10T18:48:00-05:00
359,Escala de Glasgow,9269-2,12,{score},2026-05-10T18:48:00-05:00
360,Frecuencia cardiaca,8867-4,85,/min,2026-04-08T02:15:00-05:00
360,Presión arterial sistólica,8480-6,131,mm[Hg],2026-04-08T02:15:00-05:00
360,Presión arterial diastólica,8462-4,74,mm[Hg],2026-04-08T02:15:00-05:00
360,Frecuencia respiratoria,9279-1,23,/min,2026-04-08T02:15:00-05:00
360,Saturación de oxígeno,59408-5,95,%,2026-04-08T02:15:00-05:00
360,Temperatura corporal,8310-5,36.1,Cel,2026-04-08T02:15:00-05:00
360,Escala de Glasgow,9269-2,9,{score},2026-04-08T02:15:00-05:00
361,Frecuencia cardiaca,8867-4,96,/min,2026-08-28T02:49:00-05:00
361,Presión arterial sistólica,8480-6,126,mm[Hg],2026-08-28T02:49:00-05:00
361,Presión arterial diastólica,8462-4,78,mm[Hg],2026-08-28T02:49:00-05:00
361,Frecuencia respiratoria,9279-1,20,/min,2026-08-28T02:49:00-05:00
361,Saturación de oxígeno,59408-5,97,%,2026-08-28T02:49:00-05:00
361,Temperatura corporal,8310-5,36.6,Cel,2026-08-28T02:49:00-05:00
361,Escala de Glasgow,9269-2,14,{score},2026-08-28T02:49:00-05:00
362,Frecuencia cardiaca,8867-4,109,/min,2026-07-02T13:59:00-05:00
362,Presión arterial sistólica,8480-6,89,mm[Hg],2026-07-02T13:59:00-05:00
362,Presión arterial diastólica,8462-4,48,mm[Hg],2026-07-02T13:59:00-05:00
362,Frecuencia respiratoria,9279-1,26,/min,2026-07-02T13:59:00-05:00
362,Saturación de oxígeno,59408-5,90,%,2026-07-02T13:59:00-05:00
362,Temperatura corporal,8310-5,37.6,Cel,2026-07-02T13:59:00-05:00
362,Escala de Glasgow,9269-2,9,{score},2026-07-02T13:59:00-05:00
363,Frecuencia cardiaca,8867-4,128,/min,2026-05-19T02:28:00-05:00
363,Presión arterial sistólica,8480-6,122,mm[Hg],2026-05-19T02:28:00-05:00
363,Presión arterial diastólica,8462-4,79,mm[Hg],2026-05-19T02:28:00-05:00
363,Frecuencia respiratoria,9279-1,25,/min,2026-05-19T02:28:00-05:00
363,Saturación de oxígeno,59408-5,88,%,2026-05-19T02:28:00-05:00
363,Temperatura corporal,8310-5,36.7,Cel,2026-05-19T02:28:00-05:00
363,Escala de Glasgow,9269-2,13,{score},2026-05-19T02:28:00-05:00
364,Frecuencia cardiaca,8867-4,89,/min,2026-03-05T01:32:00-05:00
364,Presión arterial sistólica,8480-6,133,mm[Hg],2026-03-05T01:32:00-05:00
364,Presión arterial diastólica,8462-4,77,mm[Hg],2026-03-05T01:32:00-05:00
364,Frecuencia respiratoria,9279-1,16,/min,2026-03-05T01:32:00-05:00
364,Saturación de oxígeno,59408-5,94,%,2026-03-05T01:32:00-05:00
364,Temperatura corporal,8310-5,37.8,Cel,2026-03-05T01:32:00-05:00
364,Escala de Glasgow,9269-2,14,{score},2026-03-05T01:32:00-05:00
365,Frecuencia cardiaca,8867-4,85,/min,2026-07-31T20:08:00-05:00
365,Presión arterial sistólica,8480-6,129,mm[Hg],2026-07-31T20:08:00-05:00
365,Presión arterial diastólica,8462-4,83,mm[Hg],2026-07-31T20:08:00-05:00
365,Frecuencia respiratoria,9279-1,22,/min,2026-07-31T20:08:00-05:00
365,Saturación de oxígeno,59408-5,95,%,2026-07-31T20:08:00-05:00
365,Temperatura corporal,8310-5,37.3,Cel,2026-07-31T20:08:00-05:00
365,Escala de Glasgow,9269-2,15,{score},2026-07-31T20:08:00-05:00
366,Frecuencia cardiaca,8867-4,131,/min,2026-04-30T15:14:00-05:00
366,Presión arterial sistólica,8480-6,75,mm[Hg],2026-04-30T15:14:00-05:00
366,Presión arterial diastólica,8462-4,55,mm[Hg],2026-04-30T15:14:00-05:00
366,Frecuencia respiratoria,9279-1,23,/min,2026-04-30T15:14:00-05:00
366,Saturación de oxígeno,59408-5,89,%,2026-04-30T15:14:00-05:00
366,Temperatura corporal,8310-5,37.9,Cel,2026-04-30T15:14:00-05:00
366,Escala de Glasgow,9269-2,12,{score},2026-04-30T15:14:00-05:00
367,Frecuencia cardiaca,8867-4,100,/min,2026-09-17T04:00:00-05:00
367,Presión arterial sistólica,8480-6,122,mm[Hg],2026-09-17T04:00:00-05:00
367,Presión arterial diastólica,8462-4,66,mm[Hg],2026-09-17T04:00:00-05:00
367,Frecuencia respiratoria,9279-1,27,/min,2026-09-17T04:00:00-05:00
367,Saturación de oxígeno,59408-5,88,%,2026-09-17T04:00:00-05:00
367,Temperatura corporal,8310-5,37.0,Cel,2026-09-17T04:00:00-05:00
367,Escala de Glasgow,9269-2,12,{score},2026-09-17T04:00:00-05:00
368,Frecuencia cardiaca,8867-4,112,/min,2026-03-17T07:58:00-05:00
368,Presión arterial sistólica,8480-6,71,mm[Hg],2026-03-17T07:58:00-05:00
368,Presión arterial diastólica,8462-4,56,mm[Hg],2026-03-17T07:58:00-05:00
368,Frecuencia respiratoria,9279-1,21,/min,2026-03-17T07:58:00-05:00
368,Saturación de oxígeno,59408-5,92,%,2026-03-17T07:58:00-05:00
368,Temperatura corporal,8310-5,37.2,Cel,2026-03-17T07:58:00-05:00
368,Escala de Glasgow,9269-2,13,{score},2026-03-17T07:58:00-05:00
369,Frecuencia cardiaca,8867-4,100,/min,2026-03-18T19:24:00-05:00
369,Presión arterial sistólica,8480-6,114,mm[Hg],2026-03-18T19:24:00-05:00
369,Presión arterial diastólica,8462-4,55,mm[Hg],2026-03-18T19:24:00-05:00
369,Frecuencia respiratoria,9279-1,22,/min,2026-03-18T19:24:00-05:00
369,Saturación de oxígeno,59408-5,92,%,2026-03-18T19:24:00-05:00
369,Temperatura corporal,8310-5,36.7,Cel,2026-03-18T19:24:00-05:00
369,Escala de Glasgow,9269-2,12,{score},2026-03-18T19:24:00-05:00
370,Frecuencia cardiaca,8867-4,136,/min,2026-05-13T16:58:00-05:00
370,Presión arterial sistólica,8480-6,76,mm[Hg],2026-05-13T16:58:00-05:00
370,Presión arterial diastólica,8462-4,39,mm[Hg],2026-05-13T16:58:00-05:00
370,Frecuencia respiratoria,9279-1,29,/min,2026-05-13T16:58:00-05:00
370,Saturación de oxígeno,59408-5,86,%,2026-05-13T16:58:00-05:00
370,Temperatura corporal,8310-5,39.5,Cel,2026-05-13T16:58:00-05:00
370,Escala de Glasgow,9269-2,14,{score},2026-05-13T16:58:00-05:00
371,Frecuencia cardiaca,8867-4,89,/min,2026-08-17T20:28:00-05:00
371,Presión arterial sistólica,8480-6,145,mm[Hg],2026-08-17T20:28:00-05:00
371,Presión arterial diastólica,8462-4,64,mm[Hg],2026-08-17T20:28:00-05:00
371,Frecuencia respiratoria,9279-1,20,/min,2026-08-17T20:28:00-05:00
371,Saturación de oxígeno,59408-5,93,%,2026-08-17T20:28:00-05:00
371,Temperatura corporal,8310-5,37.1,Cel,2026-08-17T20:28:00-05:00
371,Escala de Glasgow,9269-2,14,{score},2026-08-17T20:28:00-05:00
372,Frecuencia cardiaca,8867-4,91,/min,2026-04-27T17:37:00-05:00
372,Presión arterial sistólica,8480-6,73,mm[Hg],2026-04-27T17:37:00-05:00
372,Presión arterial diastólica,8462-4,58,mm[Hg],2026-04-27T17:37:00-05:00
372,Frecuencia respiratoria,9279-1,25,/min,2026-04-27T17:37:00-05:00
372,Saturación de oxígeno,59408-5,87,%,2026-04-27T17:37:00-05:00
372,Temperatura corporal,8310-5,38.7,Cel,2026-04-27T17:37:00-05:00
372,Escala de Glasgow,9269-2,12,{score},2026-04-27T17:37:00-05:00
373,Frecuencia cardiaca,8867-4,139,/min,2026-04-17T10:36:00-05:00
373,Presión arterial sistólica,8480-6,78,mm[Hg],2026-04-17T10:36:00-05:00
373,Presión arterial diastólica,8462-4,54,mm[Hg],2026-04-17T10:36:00-05:00
373,Frecuencia respiratoria,9279-1,30,/min,2026-04-17T10:36:00-05:00
373,Saturación de oxígeno,59408-5,95,%,2026-04-17T10:36:00-05:00
373,Temperatura corporal,8310-5,38.0,Cel,2026-04-17T10:36:00-05:00
373,Escala de Glasgow,9269-2,9,{score},2026-04-17T10:36:00-05:00
374,Frecuencia cardiaca,8867-4,102,/min,2026-03-28T06:48:00-05:00
374,Presión arterial sistólica,8480-6,129,mm[Hg],2026-03-28T06:48:00-05:00
374,Presión arterial diastólica,8462-4,65,mm[Hg],2026-03-28T06:48:00-05:00
374,Frecuencia respiratoria,9279-1,22,/min,2026-03-28T06:48:00-05:00
374,Saturación de oxígeno,59408-5,90,%,2026-03-28T06:48:00-05:00
374,Temperatura corporal,8310-5,38.4,Cel,2026-03-28T06:48:00-05:00
374,Escala de Glasgow,9269-2,13,{score},2026-03-28T06:48:00-05:00
375,Frecuencia cardiaca,8867-4,107,/min,2026-09-19T07:09:00-05:00
375,Presión arterial sistólica,8480-6,114,mm[Hg],2026-09-19T07:09:00-05:00
375,Presión arterial diastólica,8462-4,71,mm[Hg],2026-09-19T07:09:00-05:00
375,Frecuencia respiratoria,9279-1,23,/min,2026-09-19T07:09:00-05:00
375,Saturación de oxígeno,59408-5,91,%,2026-09-19T07:09:00-05:00
375,Temperatura corporal,8310-5,37.2,Cel,2026-09-19T07:09:00-05:00
375,Escala de Glasgow,9269-2,14,{score},2026-09-19T07:09:00-05:00
376,Frecuencia cardiaca,8867-4,104,/min,2026-03-16T12:28:00-05:00
376,Presión arterial sistólica,8480-6,103,mm[Hg],2026-03-16T12:28:00-05:00
376,Presión arterial diastólica,8462-4,84,mm[Hg],2026-03-16T12:28:00-05:00
376,Frecuencia respiratoria,9279-1,24,/min,2026-03-16T12:28:00-05:00
376,Saturación de oxígeno,59408-5,88,%,2026-03-16T12:28:00-05:00
376,Temperatura corporal,8310-5,38.0,Cel,2026-03-16T12:28:00-05:00
376,Escala de Glasgow,9269-2,13,{score},2026-03-16T12:28:00-05:00
377,Frecuencia cardiaca,8867-4,109,/min,2026-09-20T01:59:00-05:00
377,Presión arterial sistólica,8480-6,143,mm[Hg],2026-09-20T01:59:00-05:00
377,Presión arterial diastólica,8462-4,78,mm[Hg],2026-09-20T01:59:00-05:00
377,Frecuencia respiratoria,9279-1,19,/min,2026-09-20T01:59:00-05:00
377,Saturación de oxígeno,59408-5,92,%,2026-09-20T01:59:00-05:00
377,Temperatura corporal,8310-5,37.0,Cel,2026-09-20T01:59:00-05:00
377,Escala de Glasgow,9269-2,15,{score},2026-09-20T01:59:00-05:00
378,Frecuencia cardiaca,8867-4,119,/min,2026-09-10T19:48:00-05:00
378,Presión arterial sistólica,8480-6,81,mm[Hg],2026-09-10T19:48:00-05:00
378,Presión arterial diastólica,8462-4,66,mm[Hg],2026-09-10T19:48:00-05:00
378,Frecuencia respiratoria,9279-1,26,/min,2026-09-10T19:48:00-05:00
378,Saturación de oxígeno,59408-5,86,%,2026-09-10T19:48:00-05:00
378,Temperatura corporal,8310-5,38.0,Cel,2026-09-10T19:48:00-05:00
378,Escala de Glasgow,9269-2,9,{score},2026-09-10T19:48:00-05:00
379,Frecuencia cardiaca,8867-4,135,/min,2026-07-30T01:09:00-05:00
379,Presión arterial sistólica,8480-6,122,mm[Hg],2026-07-30T01:09:00-05:00
379,Presión arterial diastólica,8462-4,63,mm[Hg],2026-07-30T01:09:00-05:00
379,Frecuencia respiratoria,9279-1,24,/min,2026-07-30T01:09:00-05:00
379,Saturación de oxígeno,59408-5,87,%,2026-07-30T01:09:00-05:00
379,Temperatura corporal,8310-5,38.1,Cel,2026-07-30T01:09:00-05:00
379,Escala de Glasgow,9269-2,13,{score},2026-07-30T01:09:00-05:00
380,Frecuencia cardiaca,8867-4,82,/min,2026-05-03T06:17:00-05:00
380,Presión arterial sistólica,8480-6,106,mm[Hg],2026-05-03T06:17:00-05:00
380,Presión arterial diastólica,8462-4,60,mm[Hg],2026-05-03T06:17:00-05:00
380,Frecuencia respiratoria,9279-1,20,/min,2026-05-03T06:17:00-05:00
380,Saturación de oxígeno,59408-5,91,%,2026-05-03T06:17:00-05:00
380,Temperatura corporal,8310-5,37.2,Cel,2026-05-03T06:17:00-05:00
380,Escala de Glasgow,9269-2,12,{score},2026-05-03T06:17:00-05:00
381,Frecuencia cardiaca,8867-4,93,/min,2026-04-25T01:16:00-05:00
381,Presión arterial sistólica,8480-6,141,mm[Hg],2026-04-25T01:16:00-05:00
381,Presión arterial diastólica,8462-4,69,mm[Hg],2026-04-25T01:16:00-05:00
381,Frecuencia respiratoria,9279-1,24,/min,2026-04-25T01:16:00-05:00
381,Saturación de oxígeno,59408-5,95,%,2026-04-25T01:16:00-05:00
381,Temperatura corporal,8310-5,38.5,Cel,2026-04-25T01:16:00-05:00
381,Escala de Glasgow,9269-2,13,{score},2026-04-25T01:16:00-05:00
382,Frecuencia cardiaca,8867-4,128,/min,2026-03-31T09:37:00-05:00
382,Presión arterial sistólica,8480-6,93,mm[Hg],2026-03-31T09:37:00-05:00
382,Presión arterial diastólica,8462-4,62,mm[Hg],2026-03-31T09:37:00-05:00
382,Frecuencia respiratoria,9279-1,20,/min,2026-03-31T09:37:00-05:00
382,Saturación de oxígeno,59408-5,87,%,2026-03-31T09:37:00-05:00
382,Temperatura corporal,8310-5,38.4,Cel,2026-03-31T09:37:00-05:00
382,Escala de Glasgow,9269-2,12,{score},2026-03-31T09:37:00-05:00
383,Frecuencia cardiaca,8867-4,103,/min,2026-08-01T01:16:00-05:00
383,Presión arterial sistólica,8480-6,101,mm[Hg],2026-08-01T01:16:00-05:00
383,Presión arterial diastólica,8462-4,66,mm[Hg],2026-08-01T01:16:00-05:00
383,Frecuencia respiratoria,9279-1,29,/min,2026-08-01T01:16:00-05:00
383,Saturación de oxígeno,59408-5,89,%,2026-08-01T01:16:00-05:00
383,Temperatura corporal,8310-5,36.6,Cel,2026-08-01T01:16:00-05:00
383,Escala de Glasgow,9269-2,13,{score},2026-08-01T01:16:00-05:00
384,Frecuencia cardiaca,8867-4,97,/min,2026-08-01T07:58:00-05:00
384,Presión arterial sistólica,8480-6,122,mm[Hg],2026-08-01T07:58:00-05:00
384,Presión arterial diastólica,8462-4,94,mm[Hg],2026-08-01T07:58:00-05:00
384,Frecuencia respiratoria,9279-1,18,/min,2026-08-01T07:58:00-05:00
384,Saturación de oxígeno,59408-5,95,%,2026-08-01T07:58:00-05:00
384,Temperatura corporal,8310-5,37.1,Cel,2026-08-01T07:58:00-05:00
384,Escala de Glasgow,9269-2,15,{score},2026-08-01T07:58:00-05:00
385,Frecuencia cardiaca,8867-4,100,/min,2026-06-20T16:29:00-05:00
385,Presión arterial sistólica,8480-6,109,mm[Hg],2026-06-20T16:29:00-05:00
385,Presión arterial diastólica,8462-4,48,mm[Hg],2026-06-20T16:29:00-05:00
385,Frecuencia respiratoria,9279-1,24,/min,2026-06-20T16:29:00-05:00
385,Saturación de oxígeno,59408-5,93,%,2026-06-20T16:29:00-05:00
385,Temperatura corporal,8310-5,37.6,Cel,2026-06-20T16:29:00-05:00
385,Escala de Glasgow,9269-2,13,{score},2026-06-20T16:29:00-05:00
386,Frecuencia cardiaca,8867-4,115,/min,2026-09-12T06:08:00-05:00
386,Presión arterial sistólica,8480-6,66,mm[Hg],2026-09-12T06:08:00-05:00
386,Presión arterial diastólica,8462-4,51,mm[Hg],2026-09-12T06:08:00-05:00
386,Frecuencia respiratoria,9279-1,25,/min,2026-09-12T06:08:00-05:00
386,Saturación de oxígeno,59408-5,79,%,2026-09-12T06:08:00-05:00
386,Temperatura corporal,8310-5,38.0,Cel,2026-09-12T06:08:00-05:00
386,Escala de Glasgow,9269-2,11,{score},2026-09-12T06:08:00-05:00
387,Frecuencia cardiaca,8867-4,108,/min,2026-03-03T04:45:00-05:00
387,Presión arterial sistólica,8480-6,109,mm[Hg],2026-03-03T04:45:00-05:00
387,Presión arterial diastólica,8462-4,48,mm[Hg],2026-03-03T04:45:00-05:00
387,Frecuencia respiratoria,9279-1,17,/min,2026-03-03T04:45:00-05:00
387,Saturación de oxígeno,59408-5,87,%,2026-03-03T04:45:00-05:00
387,Temperatura corporal,8310-5,37.6,Cel,2026-03-03T04:45:00-05:00
387,Escala de Glasgow,9269-2,9,{score},2026-03-03T04:45:00-05:00
388,Frecuencia cardiaca,8867-4,94,/min,2026-05-02T17:18:00-05:00
388,Presión arterial sistólica,8480-6,114,mm[Hg],2026-05-02T17:18:00-05:00
388,Presión arterial diastólica,8462-4,75,mm[Hg],2026-05-02T17:18:00-05:00
388,Frecuencia respiratoria,9279-1,20,/min,2026-05-02T17:18:00-05:00
388,Saturación de oxígeno,59408-5,90,%,2026-05-02T17:18:00-05:00
388,Temperatura corporal,8310-5,37.0,Cel,2026-05-02T17:18:00-05:00
388,Escala de Glasgow,9269-2,14,{score},2026-05-02T17:18:00-05:00
389,Frecuencia cardiaca,8867-4,75,/min,2026-04-23T13:36:00-05:00
389,Presión arterial sistólica,8480-6,107,mm[Hg],2026-04-23T13:36:00-05:00
389,Presión arterial diastólica,8462-4,80,mm[Hg],2026-04-23T13:36:00-05:00
389,Frecuencia respiratoria,9279-1,16,/min,2026-04-23T13:36:00-05:00
389,Saturación de oxígeno,59408-5,95,%,2026-04-23T13:36:00-05:00
389,Temperatura corporal,8310-5,37.0,Cel,2026-04-23T13:36:00-05:00
389,Escala de Glasgow,9269-2,15,{score},2026-04-23T13:36:00-05:00
390,Frecuencia cardiaca,8867-4,87,/min,2026-07-30T03:20:00-05:00
390,Presión arterial sistólica,8480-6,114,mm[Hg],2026-07-30T03:20:00-05:00
390,Presión arterial diastólica,8462-4,74,mm[Hg],2026-07-30T03:20:00-05:00
390,Frecuencia respiratoria,9279-1,19,/min,2026-07-30T03:20:00-05:00
390,Saturación de oxígeno,59408-5,94,%,2026-07-30T03:20:00-05:00
390,Temperatura corporal,8310-5,37.9,Cel,2026-07-30T03:20:00-05:00
390,Escala de Glasgow,9269-2,15,{score},2026-07-30T03:20:00-05:00
391,Frecuencia cardiaca,8867-4,113,/min,2026-05-23T16:59:00-05:00
391,Presión arterial sistólica,8480-6,119,mm[Hg],2026-05-23T16:59:00-05:00
391,Presión arterial diastólica,8462-4,53,mm[Hg],2026-05-23T16:59:00-05:00
391,Frecuencia respiratoria,9279-1,20,/min,2026-05-23T16:59:00-05:00
391,Saturación de oxígeno,59408-5,88,%,2026-05-23T16:59:00-05:00
391,Temperatura corporal,8310-5,37.9,Cel,2026-05-23T16:59:00-05:00
391,Escala de Glasgow,9269-2,14,{score},2026-05-23T16:59:00-05:00
392,Frecuencia cardiaca,8867-4,82,/min,2026-05-15T08:04:00-05:00
392,Presión arterial sistólica,8480-6,144,mm[Hg],2026-05-15T08:04:00-05:00
392,Presión arterial diastólica,8462-4,79,mm[Hg],2026-05-15T08:04:00-05:00
392,Frecuencia respiratoria,9279-1,16,/min,2026-05-15T08:04:00-05:00
392,Saturación de oxígeno,59408-5,96,%,2026-05-15T08:04:00-05:00
392,Temperatura corporal,8310-5,37.1,Cel,2026-05-15T08:04:00-05:00
392,Escala de Glasgow,9269-2,14,{score},2026-05-15T08:04:00-05:00
393,Frecuencia cardiaca,8867-4,105,/min,2026-05-10T03:21:00-05:00
393,Presión arterial sistólica,8480-6,91,mm[Hg],2026-05-10T03:21:00-05:00
393,Presión arterial diastólica,8462-4,62,mm[Hg],2026-05-10T03:21:00-05:00
393,Frecuencia respiratoria,9279-1,24,/min,2026-05-10T03:21:00-05:00
393,Saturación de oxígeno,59408-5,88,%,2026-05-10T03:21:00-05:00
393,Temperatura corporal,8310-5,39.8,Cel,2026-05-10T03:21:00-05:00
393,Escala de Glasgow,9269-2,14,{score},2026-05-10T03:21:00-05:00
394,Frecuencia cardiaca,8867-4,86,/min,2026-07-15T06:10:00-05:00
394,Presión arterial sistólica,8480-6,139,mm[Hg],2026-07-15T06:10:00-05:00
394,Presión arterial diastólica,8462-4,87,mm[Hg],2026-07-15T06:10:00-05:00
394,Frecuencia respiratoria,9279-1,17,/min,2026-07-15T06:10:00-05:00
394,Saturación de oxígeno,59408-5,97,%,2026-07-15T06:10:00-05:00
394,Temperatura corporal,8310-5,35.8,Cel,2026-07-15T06:10:00-05:00
394,Escala de Glasgow,9269-2,15,{score},2026-07-15T06:10:00-05:00
395,Frecuencia cardiaca,8867-4,108,/min,2026-04-24T15:28:00-05:00
395,Presión arterial sistólica,8480-6,98,mm[Hg],2026-04-24T15:28:00-05:00
395,Presión arterial diastólica,8462-4,68,mm[Hg],2026-04-24T15:28:00-05:00
395,Frecuencia respiratoria,9279-1,26,/min,2026-04-24T15:28:00-05:00
395,Saturación de oxígeno,59408-5,89,%,2026-04-24T15:28:00-05:00
395,Temperatura corporal,8310-5,38.7,Cel,2026-04-24T15:28:00-05:00
395,Escala de Glasgow,9269-2,9,{score},2026-04-24T15:28:00-05:00
396,Frecuencia cardiaca,8867-4,106,/min,2026-06-04T03:41:00-05:00
396,Presión arterial sistólica,8480-6,113,mm[Hg],2026-06-04T03:41:00-05:00
396,Presión arterial diastólica,8462-4,73,mm[Hg],2026-06-04T03:41:00-05:00
396,Frecuencia respiratoria,9279-1,23,/min,2026-06-04T03:41:00-05:00
396,Saturación de oxígeno,59408-5,95,%,2026-06-04T03:41:00-05:00
396,Temperatura corporal,8310-5,36.3,Cel,2026-06-04T03:41:00-05:00
396,Escala de Glasgow,9269-2,12,{score},2026-06-04T03:41:00-05:00
397,Frecuencia cardiaca,8867-4,140,/min,2026-03-23T08:06:00-05:00
397,Presión arterial sistólica,8480-6,90,mm[Hg],2026-03-23T08:06:00-05:00
397,Presión arterial diastólica,8462-4,56,mm[Hg],2026-03-23T08:06:00-05:00
397,Frecuencia respiratoria,9279-1,35,/min,2026-03-23T08:06:00-05:00
397,Saturación de oxígeno,59408-5,91,%,2026-03-23T08:06:00-05:00
397,Temperatura corporal,8310-5,37.7,Cel,2026-03-23T08:06:00-05:00
397,Escala de Glasgow,9269-2,8,{score},2026-03-23T08:06:00-05:00
398,Frecuencia cardiaca,8867-4,72,/min,2026-08-18T08:58:00-05:00
398,Presión arterial sistólica,8480-6,114,mm[Hg],2026-08-18T08:58:00-05:00
398,Presión arterial diastólica,8462-4,75,mm[Hg],2026-08-18T08:58:00-05:00
398,Frecuencia respiratoria,9279-1,19,/min,2026-08-18T08:58:00-05:00
398,Saturación de oxígeno,59408-5,95,%,2026-08-18T08:58:00-05:00
398,Temperatura corporal,8310-5,37.0,Cel,2026-08-18T08:58:00-05:00
398,Escala de Glasgow,9269-2,14,{score},2026-08-18T08:58:00-05:00
399,Frecuencia cardiaca,8867-4,124,/min,2026-08-09T10:35:00-05:00
399,Presión arterial sistólica,8480-6,112,mm[Hg],2026-08-09T10:35:00-05:00
399,Presión arterial diastólica,8462-4,41,mm[Hg],2026-08-09T10:35:00-05:00
399,Frecuencia respiratoria,9279-1,25,/min,2026-08-09T10:35:00-05:00
399,Saturación de oxígeno,59408-5,90,%,2026-08-09T10:35:00-05:00
399,Temperatura corporal,8310-5,37.4,Cel,2026-08-09T10:35:00-05:00
399,Escala de Glasgow,9269-2,11,{score},2026-08-09T10:35:00-05:00
400,Frecuencia cardiaca,8867-4,77,/min,2026-05-27T00:38:00-05:00
400,Presión arterial sistólica,8480-6,106,mm[Hg],2026-05-27T00:38:00-05:00
400,Presión arterial diastólica,8462-4,87,mm[Hg],2026-05-27T00:38:00-05:00
400,Frecuencia respiratoria,9279-1,18,/min,2026-05-27T00:38:00-05:00
400,Saturación de oxígeno,59408-5,94,%,2026-05-27T00:38:00-05:00
400,Temperatura corporal,8310-5,37.5,Cel,2026-05-27T00:38:00-05:00
400,Escala de Glasgow,9269-2,15,{score},2026-05-27T00:38:00-05:00
401,Frecuencia cardiaca,8867-4,81,/min,2026-07-06T13:07:00-05:00
401,Presión arterial sistólica,8480-6,78,mm[Hg],2026-07-06T13:07:00-05:00
401,Presión arterial diastólica,8462-4,63,mm[Hg],2026-07-06T13:07:00-05:00
401,Frecuencia respiratoria,9279-1,35,/min,2026-07-06T13:07:00-05:00
401,Saturación de oxígeno,59408-5,95,%,2026-07-06T13:07:00-05:00
401,Temperatura corporal,8310-5,37.9,Cel,2026-07-06T13:07:00-05:00
401,Escala de Glasgow,9269-2,10,{score},2026-07-06T13:07:00-05:00
402,Frecuencia cardiaca,8867-4,94,/min,2026-08-08T04:32:00-05:00
402,Presión arterial sistólica,8480-6,109,mm[Hg],2026-08-08T04:32:00-05:00
402,Presión arterial diastólica,8462-4,71,mm[Hg],2026-08-08T04:32:00-05:00
402,Frecuencia respiratoria,9279-1,14,/min,2026-08-08T04:32:00-05:00
402,Saturación de oxígeno,59408-5,95,%,2026-08-08T04:32:00-05:00
402,Temperatura corporal,8310-5,37.8,Cel,2026-08-08T04:32:00-05:00
402,Escala de Glasgow,9269-2,15,{score},2026-08-08T04:32:00-05:00
403,Frecuencia cardiaca,8867-4,99,/min,2026-03-23T20:14:00-05:00
403,Presión arterial sistólica,8480-6,111,mm[Hg],2026-03-23T20:14:00-05:00
403,Presión arterial diastólica,8462-4,70,mm[Hg],2026-03-23T20:14:00-05:00
403,Frecuencia respiratoria,9279-1,19,/min,2026-03-23T20:14:00-05:00
403,Saturación de oxígeno,59408-5,97,%,2026-03-23T20:14:00-05:00
403,Temperatura corporal,8310-5,36.3,Cel,2026-03-23T20:14:00-05:00
403,Escala de Glasgow,9269-2,15,{score},2026-03-23T20:14:00-05:00
404,Frecuencia cardiaca,8867-4,72,/min,2026-05-01T20:35:00-05:00
404,Presión arterial sistólica,8480-6,135,mm[Hg],2026-05-01T20:35:00-05:00
404,Presión arterial diastólica,8462-4,64,mm[Hg],2026-05-01T20:35:00-05:00
404,Frecuencia respiratoria,9279-1,17,/min,2026-05-01T20:35:00-05:00
404,Saturación de oxígeno,59408-5,99,%,2026-05-01T20:35:00-05:00
404,Temperatura corporal,8310-5,36.2,Cel,2026-05-01T20:35:00-05:00
404,Escala de Glasgow,9269-2,15,{score},2026-05-01T20:35:00-05:00
405,Frecuencia cardiaca,8867-4,80,/min,2026-04-11T03:04:00-05:00
405,Presión arterial sistólica,8480-6,101,mm[Hg],2026-04-11T03:04:00-05:00
405,Presión arterial diastólica,8462-4,60,mm[Hg],2026-04-11T03:04:00-05:00
405,Frecuencia respiratoria,9279-1,25,/min,2026-04-11T03:04:00-05:00
405,Saturación de oxígeno,59408-5,94,%,2026-04-11T03:04:00-05:00
405,Temperatura corporal,8310-5,37.7,Cel,2026-04-11T03:04:00-05:00
405,Escala de Glasgow,9269-2,14,{score},2026-04-11T03:04:00-05:00
406,Frecuencia cardiaca,8867-4,76,/min,2026-03-31T03:51:00-05:00
406,Presión arterial sistólica,8480-6,104,mm[Hg],2026-03-31T03:51:00-05:00
406,Presión arterial diastólica,8462-4,72,mm[Hg],2026-03-31T03:51:00-05:00
406,Frecuencia respiratoria,9279-1,17,/min,2026-03-31T03:51:00-05:00
406,Saturación de oxígeno,59408-5,95,%,2026-03-31T03:51:00-05:00
406,Temperatura corporal,8310-5,36.7,Cel,2026-03-31T03:51:00-05:00
406,Escala de Glasgow,9269-2,14,{score},2026-03-31T03:51:00-05:00
407,Frecuencia cardiaca,8867-4,76,/min,2026-06-22T19:45:00-05:00
407,Presión arterial sistólica,8480-6,89,mm[Hg],2026-06-22T19:45:00-05:00
407,Presión arterial diastólica,8462-4,57,mm[Hg],2026-06-22T19:45:00-05:00
407,Frecuencia respiratoria,9279-1,18,/min,2026-06-22T19:45:00-05:00
407,Saturación de oxígeno,59408-5,91,%,2026-06-22T19:45:00-05:00
407,Temperatura corporal,8310-5,37.8,Cel,2026-06-22T19:45:00-05:00
407,Escala de Glasgow,9269-2,12,{score},2026-06-22T19:45:00-05:00
408,Frecuencia cardiaca,8867-4,91,/min,2026-09-20T10:52:00-05:00
408,Presión arterial sistólica,8480-6,116,mm[Hg],2026-09-20T10:52:00-05:00
408,Presión arterial diastólica,8462-4,82,mm[Hg],2026-09-20T10:52:00-05:00
408,Frecuencia respiratoria,9279-1,24,/min,2026-09-20T10:52:00-05:00
408,Saturación de oxígeno,59408-5,94,%,2026-09-20T10:52:00-05:00
408,Temperatura corporal,8310-5,37.2,Cel,2026-09-20T10:52:00-05:00
408,Escala de Glasgow,9269-2,15,{score},2026-09-20T10:52:00-05:00
409,Frecuencia cardiaca,8867-4,105,/min,2026-04-29T13:17:00-05:00
409,Presión arterial sistólica,8480-6,106,mm[Hg],2026-04-29T13:17:00-05:00
409,Presión arterial diastólica,8462-4,76,mm[Hg],2026-04-29T13:17:00-05:00
409,Frecuencia respiratoria,9279-1,22,/min,2026-04-29T13:17:00-05:00
409,Saturación de oxígeno,59408-5,89,%,2026-04-29T13:17:00-05:00
409,Temperatura corporal,8310-5,38.1,Cel,2026-04-29T13:17:00-05:00
409,Escala de Glasgow,9269-2,14,{score},2026-04-29T13:17:00-05:00
410,Frecuencia cardiaca,8867-4,98,/min,2026-07-04T08:51:00-05:00
410,Presión arterial sistólica,8480-6,106,mm[Hg],2026-07-04T08:51:00-05:00
410,Presión arterial diastólica,8462-4,65,mm[Hg],2026-07-04T08:51:00-05:00
410,Frecuencia respiratoria,9279-1,25,/min,2026-07-04T08:51:00-05:00
410,Saturación de oxígeno,59408-5,90,%,2026-07-04T08:51:00-05:00
410,Temperatura corporal,8310-5,37.9,Cel,2026-07-04T08:51:00-05:00
410,Escala de Glasgow,9269-2,15,{score},2026-07-04T08:51:00-05:00
411,Frecuencia cardiaca,8867-4,92,/min,2026-05-09T14:01:00-05:00
411,Presión arterial sistólica,8480-6,129,mm[Hg],2026-05-09T14:01:00-05:00
411,Presión arterial diastólica,8462-4,92,mm[Hg],2026-05-09T14:01:00-05:00
411,Frecuencia respiratoria,9279-1,17,/min,2026-05-09T14:01:00-05:00
411,Saturación de oxígeno,59408-5,98,%,2026-05-09T14:01:00-05:00
411,Temperatura corporal,8310-5,37.1,Cel,2026-05-09T14:01:00-05:00
411,Escala de Glasgow,9269-2,14,{score},2026-05-09T14:01:00-05:00
412,Frecuencia cardiaca,8867-4,97,/min,2026-04-17T09:17:00-05:00
412,Presión arterial sistólica,8480-6,128,mm[Hg],2026-04-17T09:17:00-05:00
412,Presión arterial diastólica,8462-4,86,mm[Hg],2026-04-17T09:17:00-05:00
412,Frecuencia respiratoria,9279-1,16,/min,2026-04-17T09:17:00-05:00
412,Saturación de oxígeno,59408-5,96,%,2026-04-17T09:17:00-05:00
412,Temperatura corporal,8310-5,37.3,Cel,2026-04-17T09:17:00-05:00
412,Escala de Glasgow,9269-2,15,{score},2026-04-17T09:17:00-05:00
413,Frecuencia cardiaca,8867-4,106,/min,2026-04-22T06:33:00-05:00
413,Presión arterial sistólica,8480-6,135,mm[Hg],2026-04-22T06:33:00-05:00
413,Presión arterial diastólica,8462-4,68,mm[Hg],2026-04-22T06:33:00-05:00
413,Frecuencia respiratoria,9279-1,23,/min,2026-04-22T06:33:00-05:00
413,Saturación de oxígeno,59408-5,91,%,2026-04-22T06:33:00-05:00
413,Temperatura corporal,8310-5,37.0,Cel,2026-04-22T06:33:00-05:00
413,Escala de Glasgow,9269-2,13,{score},2026-04-22T06:33:00-05:00
414,Frecuencia cardiaca,8867-4,120,/min,2026-07-30T15:38:00-05:00
414,Presión arterial sistólica,8480-6,86,mm[Hg],2026-07-30T15:38:00-05:00
414,Presión arterial diastólica,8462-4,69,mm[Hg],2026-07-30T15:38:00-05:00
414,Frecuencia respiratoria,9279-1,17,/min,2026-07-30T15:38:00-05:00
414,Saturación de oxígeno,59408-5,84,%,2026-07-30T15:38:00-05:00
414,Temperatura corporal,8310-5,39.5,Cel,2026-07-30T15:38:00-05:00
414,Escala de Glasgow,9269-2,9,{score},2026-07-30T15:38:00-05:00
415,Frecuencia cardiaca,8867-4,64,/min,2026-07-07T14:34:00-05:00
415,Presión arterial sistólica,8480-6,123,mm[Hg],2026-07-07T14:34:00-05:00
415,Presión arterial diastólica,8462-4,77,mm[Hg],2026-07-07T14:34:00-05:00
415,Frecuencia respiratoria,9279-1,15,/min,2026-07-07T14:34:00-05:00
415,Saturación de oxígeno,59408-5,95,%,2026-07-07T14:34:00-05:00
415,Temperatura corporal,8310-5,37.7,Cel,2026-07-07T14:34:00-05:00
415,Escala de Glasgow,9269-2,15,{score},2026-07-07T14:34:00-05:00
416,Frecuencia cardiaca,8867-4,86,/min,2026-05-09T15:08:00-05:00
416,Presión arterial sistólica,8480-6,95,mm[Hg],2026-05-09T15:08:00-05:00
416,Presión arterial diastólica,8462-4,57,mm[Hg],2026-05-09T15:08:00-05:00
416,Frecuencia respiratoria,9279-1,24,/min,2026-05-09T15:08:00-05:00
416,Saturación de oxígeno,59408-5,97,%,2026-05-09T15:08:00-05:00
416,Temperatura corporal,8310-5,38.0,Cel,2026-05-09T15:08:00-05:00
416,Escala de Glasgow,9269-2,8,{score},2026-05-09T15:08:00-05:00
417,Frecuencia cardiaca,8867-4,115,/min,2026-06-21T17:46:00-05:00
417,Presión arterial sistólica,8480-6,123,mm[Hg],2026-06-21T17:46:00-05:00
417,Presión arterial diastólica,8462-4,56,mm[Hg],2026-06-21T17:46:00-05:00
417,Frecuencia respiratoria,9279-1,21,/min,2026-06-21T17:46:00-05:00
417,Saturación de oxígeno,59408-5,88,%,2026-06-21T17:46:00-05:00
417,Temperatura corporal,8310-5,37.3,Cel,2026-06-21T17:46:00-05:00
417,Escala de Glasgow,9269-2,14,{score},2026-06-21T17:46:00-05:00
418,Frecuencia cardiaca,8867-4,99,/min,2026-09-07T05:52:00-05:00
418,Presión arterial sistólica,8480-6,115,mm[Hg],2026-09-07T05:52:00-05:00
418,Presión arterial diastólica,8462-4,68,mm[Hg],2026-09-07T05:52:00-05:00
418,Frecuencia respiratoria,9279-1,24,/min,2026-09-07T05:52:00-05:00
418,Saturación de oxígeno,59408-5,92,%,2026-09-07T05:52:00-05:00
418,Temperatura corporal,8310-5,37.1,Cel,2026-09-07T05:52:00-05:00
418,Escala de Glasgow,9269-2,14,{score},2026-09-07T05:52:00-05:00
419,Frecuencia cardiaca,8867-4,90,/min,2026-05-13T17:20:00-05:00
419,Presión arterial sistólica,8480-6,105,mm[Hg],2026-05-13T17:20:00-05:00
419,Presión arterial diastólica,8462-4,62,mm[Hg],2026-05-13T17:20:00-05:00
419,Frecuencia respiratoria,9279-1,23,/min,2026-05-13T17:20:00-05:00
419,Saturación de oxígeno,59408-5,91,%,2026-05-13T17:20:00-05:00
419,Temperatura corporal,8310-5,37.7,Cel,2026-05-13T17:20:00-05:00
419,Escala de Glasgow,9269-2,11,{score},2026-05-13T17:20:00-05:00
420,Frecuencia cardiaca,8867-4,81,/min,2026-07-13T13:37:00-05:00
420,Presión arterial sistólica,8480-6,106,mm[Hg],2026-07-13T13:37:00-05:00
420,Presión arterial diastólica,8462-4,79,mm[Hg],2026-07-13T13:37:00-05:00
420,Frecuencia respiratoria,9279-1,21,/min,2026-07-13T13:37:00-05:00
420,Saturación de oxígeno,59408-5,93,%,2026-07-13T13:37:00-05:00
420,Temperatura corporal,8310-5,36.4,Cel,2026-07-13T13:37:00-05:00
420,Escala de Glasgow,9269-2,15,{score},2026-07-13T13:37:00-05:00
421,Frecuencia cardiaca,8867-4,111,/min,2026-08-06T09:05:00-05:00
421,Presión arterial sistólica,8480-6,84,mm[Hg],2026-08-06T09:05:00-05:00
421,Presión arterial diastólica,8462-4,66,mm[Hg],2026-08-06T09:05:00-05:00
421,Frecuencia respiratoria,9279-1,26,/min,2026-08-06T09:05:00-05:00
421,Saturación de oxígeno,59408-5,92,%,2026-08-06T09:05:00-05:00
421,Temperatura corporal,8310-5,36.9,Cel,2026-08-06T09:05:00-05:00
421,Escala de Glasgow,9269-2,11,{score},2026-08-06T09:05:00-05:00
422,Frecuencia cardiaca,8867-4,121,/min,2026-08-28T14:05:00-05:00
422,Presión arterial sistólica,8480-6,74,mm[Hg],2026-08-28T14:05:00-05:00
422,Presión arterial diastólica,8462-4,59,mm[Hg],2026-08-28T14:05:00-05:00
422,Frecuencia respiratoria,9279-1,24,/min,2026-08-28T14:05:00-05:00
422,Saturación de oxígeno,59408-5,92,%,2026-08-28T14:05:00-05:00
422,Temperatura corporal,8310-5,37.5,Cel,2026-08-28T14:05:00-05:00
422,Escala de Glasgow,9269-2,10,{score},2026-08-28T14:05:00-05:00
423,Frecuencia cardiaca,8867-4,85,/min,2026-08-15T00:35:00-05:00
423,Presión arterial sistólica,8480-6,118,mm[Hg],2026-08-15T00:35:00-05:00
423,Presión arterial diastólica,8462-4,79,mm[Hg],2026-08-15T00:35:00-05:00
423,Frecuencia respiratoria,9279-1,20,/min,2026-08-15T00:35:00-05:00
423,Saturación de oxígeno,59408-5,94,%,2026-08-15T00:35:00-05:00
423,Temperatura corporal,8310-5,37.8,Cel,2026-08-15T00:35:00-05:00
423,Escala de Glasgow,9269-2,14,{score},2026-08-15T00:35:00-05:00
424,Frecuencia cardiaca,8867-4,113,/min,2026-08-29T11:35:00-05:00
424,Presión arterial sistólica,8480-6,108,mm[Hg],2026-08-29T11:35:00-05:00
424,Presión arterial diastólica,8462-4,70,mm[Hg],2026-08-29T11:35:00-05:00
424,Frecuencia respiratoria,9279-1,20,/min,2026-08-29T11:35:00-05:00
424,Saturación de oxígeno,59408-5,92,%,2026-08-29T11:35:00-05:00
424,Temperatura corporal,8310-5,37.2,Cel,2026-08-29T11:35:00-05:00
424,Escala de Glasgow,9269-2,13,{score},2026-08-29T11:35:00-05:00
425,Frecuencia cardiaca,8867-4,113,/min,2026-04-16T01:32:00-05:00
425,Presión arterial sistólica,8480-6,127,mm[Hg],2026-04-16T01:32:00-05:00
425,Presión arterial diastólica,8462-4,55,mm[Hg],2026-04-16T01:32:00-05:00
425,Frecuencia respiratoria,9279-1,23,/min,2026-04-16T01:32:00-05:00
425,Saturación de oxígeno,59408-5,90,%,2026-04-16T01:32:00-05:00
425,Temperatura corporal,8310-5,39.2,Cel,2026-04-16T01:32:00-05:00
425,Escala de Glasgow,9269-2,11,{score},2026-04-16T01:32:00-05:00
426,Frecuencia cardiaca,8867-4,121,/min,2026-05-15T02:04:00-05:00
426,Presión arterial sistólica,8480-6,96,mm[Hg],2026-05-15T02:04:00-05:00
426,Presión arterial diastólica,8462-4,66,mm[Hg],2026-05-15T02:04:00-05:00
426,Frecuencia respiratoria,9279-1,24,/min,2026-05-15T02:04:00-05:00
426,Saturación de oxígeno,59408-5,93,%,2026-05-15T02:04:00-05:00
426,Temperatura corporal,8310-5,38.3,Cel,2026-05-15T02:04:00-05:00
426,Escala de Glasgow,9269-2,15,{score},2026-05-15T02:04:00-05:00
427,Frecuencia cardiaca,8867-4,116,/min,2026-08-18T11:48:00-05:00
427,Presión arterial sistólica,8480-6,89,mm[Hg],2026-08-18T11:48:00-05:00
427,Presión arterial diastólica,8462-4,55,mm[Hg],2026-08-18T11:48:00-05:00
427,Frecuencia respiratoria,9279-1,29,/min,2026-08-18T11:48:00-05:00
427,Saturación de oxígeno,59408-5,94,%,2026-08-18T11:48:00-05:00
427,Temperatura corporal,8310-5,38.3,Cel,2026-08-18T11:48:00-05:00
427,Escala de Glasgow,9269-2,15,{score},2026-08-18T11:48:00-05:00
428,Frecuencia cardiaca,8867-4,71,/min,2026-05-12T12:19:00-05:00
428,Presión arterial sistólica,8480-6,112,mm[Hg],2026-05-12T12:19:00-05:00
428,Presión arterial diastólica,8462-4,76,mm[Hg],2026-05-12T12:19:00-05:00
428,Frecuencia respiratoria,9279-1,21,/min,2026-05-12T12:19:00-05:00
428,Saturación de oxígeno,59408-5,95,%,2026-05-12T12:19:00-05:00
428,Temperatura corporal,8310-5,37.2,Cel,2026-05-12T12:19:00-05:00
428,Escala de Glasgow,9269-2,14,{score},2026-05-12T12:19:00-05:00
429,Frecuencia cardiaca,8867-4,87,/min,2026-04-15T16:46:00-05:00
429,Presión arterial sistólica,8480-6,102,mm[Hg],2026-04-15T16:46:00-05:00
429,Presión arterial diastólica,8462-4,69,mm[Hg],2026-04-15T16:46:00-05:00
429,Frecuencia respiratoria,9279-1,21,/min,2026-04-15T16:46:00-05:00
429,Saturación de oxígeno,59408-5,93,%,2026-04-15T16:46:00-05:00
429,Temperatura corporal,8310-5,36.8,Cel,2026-04-15T16:46:00-05:00
429,Escala de Glasgow,9269-2,13,{score},2026-04-15T16:46:00-05:00
430,Frecuencia cardiaca,8867-4,114,/min,2026-07-08T17:49:00-05:00
430,Presión arterial sistólica,8480-6,71,mm[Hg],2026-07-08T17:49:00-05:00
430,Presión arterial diastólica,8462-4,56,mm[Hg],2026-07-08T17:49:00-05:00
430,Frecuencia respiratoria,9279-1,25,/min,2026-07-08T17:49:00-05:00
430,Saturación de oxígeno,59408-5,85,%,2026-07-08T17:49:00-05:00
430,Temperatura corporal,8310-5,38.0,Cel,2026-07-08T17:49:00-05:00
430,Escala de Glasgow,9269-2,9,{score},2026-07-08T17:49:00-05:00
431,Frecuencia cardiaca,8867-4,85,/min,2026-05-13T04:03:00-05:00
431,Presión arterial sistólica,8480-6,130,mm[Hg],2026-05-13T04:03:00-05:00
431,Presión arterial diastólica,8462-4,91,mm[Hg],2026-05-13T04:03:00-05:00
431,Frecuencia respiratoria,9279-1,17,/min,2026-05-13T04:03:00-05:00
431,Saturación de oxígeno,59408-5,95,%,2026-05-13T04:03:00-05:00
431,Temperatura corporal,8310-5,37.3,Cel,2026-05-13T04:03:00-05:00
431,Escala de Glasgow,9269-2,14,{score},2026-05-13T04:03:00-05:00
432,Frecuencia cardiaca,8867-4,103,/min,2026-06-27T12:01:00-05:00
432,Presión arterial sistólica,8480-6,112,mm[Hg],2026-06-27T12:01:00-05:00
432,Presión arterial diastólica,8462-4,84,mm[Hg],2026-06-27T12:01:00-05:00
432,Frecuencia respiratoria,9279-1,24,/min,2026-06-27T12:01:00-05:00
432,Saturación de oxígeno,59408-5,97,%,2026-06-27T12:01:00-05:00
432,Temperatura corporal,8310-5,37.5,Cel,2026-06-27T12:01:00-05:00
432,Escala de Glasgow,9269-2,11,{score},2026-06-27T12:01:00-05:00
433,Frecuencia cardiaca,8867-4,94,/min,2026-07-12T04:37:00-05:00
433,Presión arterial sistólica,8480-6,130,mm[Hg],2026-07-12T04:37:00-05:00
433,Presión arterial diastólica,8462-4,71,mm[Hg],2026-07-12T04:37:00-05:00
433,Frecuencia respiratoria,9279-1,18,/min,2026-07-12T04:37:00-05:00
433,Saturación de oxígeno,59408-5,97,%,2026-07-12T04:37:00-05:00
433,Temperatura corporal,8310-5,36.3,Cel,2026-07-12T04:37:00-05:00
433,Escala de Glasgow,9269-2,14,{score},2026-07-12T04:37:00-05:00
434,Frecuencia cardiaca,8867-4,120,/min,2026-07-27T11:05:00-05:00
434,Presión arterial sistólica,8480-6,121,mm[Hg],2026-07-27T11:05:00-05:00
434,Presión arterial diastólica,8462-4,65,mm[Hg],2026-07-27T11:05:00-05:00
434,Frecuencia respiratoria,9279-1,25,/min,2026-07-27T11:05:00-05:00
434,Saturación de oxígeno,59408-5,91,%,2026-07-27T11:05:00-05:00
434,Temperatura corporal,8310-5,37.2,Cel,2026-07-27T11:05:00-05:00
434,Escala de Glasgow,9269-2,11,{score},2026-07-27T11:05:00-05:00
435,Frecuencia cardiaca,8867-4,97,/min,2026-04-06T14:24:00-05:00
435,Presión arterial sistólica,8480-6,121,mm[Hg],2026-04-06T14:24:00-05:00
435,Presión arterial diastólica,8462-4,65,mm[Hg],2026-04-06T14:24:00-05:00
435,Frecuencia respiratoria,9279-1,23,/min,2026-04-06T14:24:00-05:00
435,Saturación de oxígeno,59408-5,82,%,2026-04-06T14:24:00-05:00
435,Temperatura corporal,8310-5,38.6,Cel,2026-04-06T14:24:00-05:00
435,Escala de Glasgow,9269-2,15,{score},2026-04-06T14:24:00-05:00
436,Frecuencia cardiaca,8867-4,92,/min,2026-06-14T03:11:00-05:00
436,Presión arterial sistólica,8480-6,89,mm[Hg],2026-06-14T03:11:00-05:00
436,Presión arterial diastólica,8462-4,62,mm[Hg],2026-06-14T03:11:00-05:00
436,Frecuencia respiratoria,9279-1,25,/min,2026-06-14T03:11:00-05:00
436,Saturación de oxígeno,59408-5,93,%,2026-06-14T03:11:00-05:00
436,Temperatura corporal,8310-5,37.8,Cel,2026-06-14T03:11:00-05:00
436,Escala de Glasgow,9269-2,11,{score},2026-06-14T03:11:00-05:00
437,Frecuencia cardiaca,8867-4,138,/min,2026-03-13T06:30:00-05:00
437,Presión arterial sistólica,8480-6,103,mm[Hg],2026-03-13T06:30:00-05:00
437,Presión arterial diastólica,8462-4,76,mm[Hg],2026-03-13T06:30:00-05:00
437,Frecuencia respiratoria,9279-1,25,/min,2026-03-13T06:30:00-05:00
437,Saturación de oxígeno,59408-5,81,%,2026-03-13T06:30:00-05:00
437,Temperatura corporal,8310-5,37.7,Cel,2026-03-13T06:30:00-05:00
437,Escala de Glasgow,9269-2,14,{score},2026-03-13T06:30:00-05:00
438,Frecuencia cardiaca,8867-4,114,/min,2026-06-16T03:35:00-05:00
438,Presión arterial sistólica,8480-6,104,mm[Hg],2026-06-16T03:35:00-05:00
438,Presión arterial diastólica,8462-4,73,mm[Hg],2026-06-16T03:35:00-05:00
438,Frecuencia respiratoria,9279-1,22,/min,2026-06-16T03:35:00-05:00
438,Saturación de oxígeno,59408-5,89,%,2026-06-16T03:35:00-05:00
438,Temperatura corporal,8310-5,39.1,Cel,2026-06-16T03:35:00-05:00
438,Escala de Glasgow,9269-2,11,{score},2026-06-16T03:35:00-05:00
439,Frecuencia cardiaca,8867-4,120,/min,2026-05-12T00:41:00-05:00
439,Presión arterial sistólica,8480-6,113,mm[Hg],2026-05-12T00:41:00-05:00
439,Presión arterial diastólica,8462-4,67,mm[Hg],2026-05-12T00:41:00-05:00
439,Frecuencia respiratoria,9279-1,19,/min,2026-05-12T00:41:00-05:00
439,Saturación de oxígeno,59408-5,86,%,2026-05-12T00:41:00-05:00
439,Temperatura corporal,8310-5,38.4,Cel,2026-05-12T00:41:00-05:00
439,Escala de Glasgow,9269-2,14,{score},2026-05-12T00:41:00-05:00
440,Frecuencia cardiaca,8867-4,95,/min,2026-08-28T15:56:00-05:00
440,Presión arterial sistólica,8480-6,134,mm[Hg],2026-08-28T15:56:00-05:00
440,Presión arterial diastólica,8462-4,46,mm[Hg],2026-08-28T15:56:00-05:00
440,Frecuencia respiratoria,9279-1,26,/min,2026-08-28T15:56:00-05:00
440,Saturación de oxígeno,59408-5,84,%,2026-08-28T15:56:00-05:00
440,Temperatura corporal,8310-5,38.9,Cel,2026-08-28T15:56:00-05:00
440,Escala de Glasgow,9269-2,13,{score},2026-08-28T15:56:00-05:00
441,Frecuencia cardiaca,8867-4,68,/min,2026-05-20T04:22:00-05:00
441,Presión arterial sistólica,8480-6,110,mm[Hg],2026-05-20T04:22:00-05:00
441,Presión arterial diastólica,8462-4,67,mm[Hg],2026-05-20T04:22:00-05:00
441,Frecuencia respiratoria,9279-1,17,/min,2026-05-20T04:22:00-05:00
441,Saturación de oxígeno,59408-5,94,%,2026-05-20T04:22:00-05:00
441,Temperatura corporal,8310-5,37.5,Cel,2026-05-20T04:22:00-05:00
441,Escala de Glasgow,9269-2,14,{score},2026-05-20T04:22:00-05:00
442,Frecuencia cardiaca,8867-4,111,/min,2026-08-05T12:59:00-05:00
442,Presión arterial sistólica,8480-6,110,mm[Hg],2026-08-05T12:59:00-05:00
442,Presión arterial diastólica,8462-4,66,mm[Hg],2026-08-05T12:59:00-05:00
442,Frecuencia respiratoria,9279-1,26,/min,2026-08-05T12:59:00-05:00
442,Saturación de oxígeno,59408-5,91,%,2026-08-05T12:59:00-05:00
442,Temperatura corporal,8310-5,37.2,Cel,2026-08-05T12:59:00-05:00
442,Escala de Glasgow,9269-2,15,{score},2026-08-05T12:59:00-05:00
443,Frecuencia cardiaca,8867-4,117,/min,2026-09-12T01:50:00-05:00
443,Presión arterial sistólica,8480-6,113,mm[Hg],2026-09-12T01:50:00-05:00
443,Presión arterial diastólica,8462-4,63,mm[Hg],2026-09-12T01:50:00-05:00
443,Frecuencia respiratoria,9279-1,20,/min,2026-09-12T01:50:00-05:00
443,Saturación de oxígeno,59408-5,95,%,2026-09-12T01:50:00-05:00
443,Temperatura corporal,8310-5,36.6,Cel,2026-09-12T01:50:00-05:00
443,Escala de Glasgow,9269-2,14,{score},2026-09-12T01:50:00-05:00
444,Frecuencia cardiaca,8867-4,113,/min,2026-03-21T09:59:00-05:00
444,Presión arterial sistólica,8480-6,110,mm[Hg],2026-03-21T09:59:00-05:00
444,Presión arterial diastólica,8462-4,65,mm[Hg],2026-03-21T09:59:00-05:00
444,Frecuencia respiratoria,9279-1,17,/min,2026-03-21T09:59:00-05:00
444,Saturación de oxígeno,59408-5,95,%,2026-03-21T09:59:00-05:00
444,Temperatura corporal,8310-5,36.8,Cel,2026-03-21T09:59:00-05:00
444,Escala de Glasgow,9269-2,14,{score},2026-03-21T09:59:00-05:00
445,Frecuencia cardiaca,8867-4,133,/min,2026-07-19T03:11:00-05:00
445,Presión arterial sistólica,8480-6,118,mm[Hg],2026-07-19T03:11:00-05:00
445,Presión arterial diastólica,8462-4,69,mm[Hg],2026-07-19T03:11:00-05:00
445,Frecuencia respiratoria,9279-1,29,/min,2026-07-19T03:11:00-05:00
445,Saturación de oxígeno,59408-5,86,%,2026-07-19T03:11:00-05:00
445,Temperatura corporal,8310-5,37.7,Cel,2026-07-19T03:11:00-05:00
445,Escala de Glasgow,9269-2,15,{score},2026-07-19T03:11:00-05:00
446,Frecuencia cardiaca,8867-4,124,/min,2026-08-08T19:33:00-05:00
446,Presión arterial sistólica,8480-6,127,mm[Hg],2026-08-08T19:33:00-05:00
446,Presión arterial diastólica,8462-4,49,mm[Hg],2026-08-08T19:33:00-05:00
446,Frecuencia respiratoria,9279-1,27,/min,2026-08-08T19:33:00-05:00
446,Saturación de oxígeno,59408-5,86,%,2026-08-08T19:33:00-05:00
446,Temperatura corporal,8310-5,38.5,Cel,2026-08-08T19:33:00-05:00
446,Escala de Glasgow,9269-2,9,{score},2026-08-08T19:33:00-05:00
447,Frecuencia cardiaca,8867-4,107,/min,2026-03-15T16:02:00-05:00
447,Presión arterial sistólica,8480-6,68,mm[Hg],2026-03-15T16:02:00-05:00
447,Presión arterial diastólica,8462-4,53,mm[Hg],2026-03-15T16:02:00-05:00
447,Frecuencia respiratoria,9279-1,30,/min,2026-03-15T16:02:00-05:00
447,Saturación de oxígeno,59408-5,89,%,2026-03-15T16:02:00-05:00
447,Temperatura corporal,8310-5,37.3,Cel,2026-03-15T16:02:00-05:00
447,Escala de Glasgow,9269-2,11,{score},2026-03-15T16:02:00-05:00
448,Frecuencia cardiaca,8867-4,78,/min,2026-08-02T17:20:00-05:00
448,Presión arterial sistólica,8480-6,134,mm[Hg],2026-08-02T17:20:00-05:00
448,Presión arterial diastólica,8462-4,92,mm[Hg],2026-08-02T17:20:00-05:00
448,Frecuencia respiratoria,9279-1,21,/min,2026-08-02T17:20:00-05:00
448,Saturación de oxígeno,59408-5,97,%,2026-08-02T17:20:00-05:00
448,Temperatura corporal,8310-5,36.8,Cel,2026-08-02T17:20:00-05:00
448,Escala de Glasgow,9269-2,15,{score},2026-08-02T17:20:00-05:00
449,Frecuencia cardiaca,8867-4,107,/min,2026-05-25T11:55:00-05:00
449,Presión arterial sistólica,8480-6,99,mm[Hg],2026-05-25T11:55:00-05:00
449,Presión arterial diastólica,8462-4,69,mm[Hg],2026-05-25T11:55:00-05:00
449,Frecuencia respiratoria,9279-1,19,/min,2026-05-25T11:55:00-05:00
449,Saturación de oxígeno,59408-5,92,%,2026-05-25T11:55:00-05:00
449,Temperatura corporal,8310-5,37.0,Cel,2026-05-25T11:55:00-05:00
449,Escala de Glasgow,9269-2,14,{score},2026-05-25T11:55:00-05:00
450,Frecuencia cardiaca,8867-4,148,/min,2026-05-21T12:28:00-05:00
450,Presión arterial sistólica,8480-6,122,mm[Hg],2026-05-21T12:28:00-05:00
450,Presión arterial diastólica,8462-4,72,mm[Hg],2026-05-21T12:28:00-05:00
450,Frecuencia respiratoria,9279-1,28,/min,2026-05-21T12:28:00-05:00
450,Saturación de oxígeno,59408-5,94,%,2026-05-21T12:28:00-05:00
450,Temperatura corporal,8310-5,38.4,Cel,2026-05-21T12:28:00-05:00
450,Escala de Glasgow,9269-2,15,{score},2026-05-21T12:28:00-05:00
451,Frecuencia cardiaca,8867-4,83,/min,2026-06-23T02:54:00-05:00
451,Presión arterial sistólica,8480-6,126,mm[Hg],2026-06-23T02:54:00-05:00
451,Presión arterial diastólica,8462-4,62,mm[Hg],2026-06-23T02:54:00-05:00
451,Frecuencia respiratoria,9279-1,13,/min,2026-06-23T02:54:00-05:00
451,Saturación de oxígeno,59408-5,94,%,2026-06-23T02:54:00-05:00
451,Temperatura corporal,8310-5,36.9,Cel,2026-06-23T02:54:00-05:00
451,Escala de Glasgow,9269-2,15,{score},2026-06-23T02:54:00-05:00
452,Frecuencia cardiaca,8867-4,117,/min,2026-06-02T13:15:00-05:00
452,Presión arterial sistólica,8480-6,81,mm[Hg],2026-06-02T13:15:00-05:00
452,Presión arterial diastólica,8462-4,66,mm[Hg],2026-06-02T13:15:00-05:00
452,Frecuencia respiratoria,9279-1,31,/min,2026-06-02T13:15:00-05:00
452,Saturación de oxígeno,59408-5,86,%,2026-06-02T13:15:00-05:00
452,Temperatura corporal,8310-5,38.8,Cel,2026-06-02T13:15:00-05:00
452,Escala de Glasgow,9269-2,13,{score},2026-06-02T13:15:00-05:00
453,Frecuencia cardiaca,8867-4,104,/min,2026-05-12T04:36:00-05:00
453,Presión arterial sistólica,8480-6,120,mm[Hg],2026-05-12T04:36:00-05:00
453,Presión arterial diastólica,8462-4,84,mm[Hg],2026-05-12T04:36:00-05:00
453,Frecuencia respiratoria,9279-1,16,/min,2026-05-12T04:36:00-05:00
453,Saturación de oxígeno,59408-5,93,%,2026-05-12T04:36:00-05:00
453,Temperatura corporal,8310-5,36.9,Cel,2026-05-12T04:36:00-05:00
453,Escala de Glasgow,9269-2,15,{score},2026-05-12T04:36:00-05:00
454,Frecuencia cardiaca,8867-4,101,/min,2026-04-14T16:18:00-05:00
454,Presión arterial sistólica,8480-6,141,mm[Hg],2026-04-14T16:18:00-05:00
454,Presión arterial diastólica,8462-4,53,mm[Hg],2026-04-14T16:18:00-05:00
454,Frecuencia respiratoria,9279-1,18,/min,2026-04-14T16:18:00-05:00
454,Saturación de oxígeno,59408-5,93,%,2026-04-14T16:18:00-05:00
454,Temperatura corporal,8310-5,37.1,Cel,2026-04-14T16:18:00-05:00
454,Escala de Glasgow,9269-2,15,{score},2026-04-14T16:18:00-05:00
455,Frecuencia cardiaca,8867-4,109,/min,2026-06-28T09:26:00-05:00
455,Presión arterial sistólica,8480-6,140,mm[Hg],2026-06-28T09:26:00-05:00
455,Presión arterial diastólica,8462-4,81,mm[Hg],2026-06-28T09:26:00-05:00
455,Frecuencia respiratoria,9279-1,20,/min,2026-06-28T09:26:00-05:00
455,Saturación de oxígeno,59408-5,95,%,2026-06-28T09:26:00-05:00
455,Temperatura corporal,8310-5,37.5,Cel,2026-06-28T09:26:00-05:00
455,Escala de Glasgow,9269-2,14,{score},2026-06-28T09:26:00-05:00
456,Frecuencia cardiaca,8867-4,113,/min,2026-08-14T08:44:00-05:00
456,Presión arterial sistólica,8480-6,127,mm[Hg],2026-08-14T08:44:00-05:00
456,Presión arterial diastólica,8462-4,66,mm[Hg],2026-08-14T08:44:00-05:00
456,Frecuencia respiratoria,9279-1,24,/min,2026-08-14T08:44:00-05:00
456,Saturación de oxígeno,59408-5,89,%,2026-08-14T08:44:00-05:00
456,Temperatura corporal,8310-5,36.9,Cel,2026-08-14T08:44:00-05:00
456,Escala de Glasgow,9269-2,12,{score},2026-08-14T08:44:00-05:00
457,Frecuencia cardiaca,8867-4,122,/min,2026-04-20T05:59:00-05:00
457,Presión arterial sistólica,8480-6,126,mm[Hg],2026-04-20T05:59:00-05:00
457,Presión arterial diastólica,8462-4,63,mm[Hg],2026-04-20T05:59:00-05:00
457,Frecuencia respiratoria,9279-1,29,/min,2026-04-20T05:59:00-05:00
457,Saturación de oxígeno,59408-5,90,%,2026-04-20T05:59:00-05:00
457,Temperatura corporal,8310-5,40.1,Cel,2026-04-20T05:59:00-05:00
457,Escala de Glasgow,9269-2,11,{score},2026-04-20T05:59:00-05:00
458,Frecuencia cardiaca,8867-4,111,/min,2026-03-28T05:00:00-05:00
458,Presión arterial sistólica,8480-6,146,mm[Hg],2026-03-28T05:00:00-05:00
458,Presión arterial diastólica,8462-4,75,mm[Hg],2026-03-28T05:00:00-05:00
458,Frecuencia respiratoria,9279-1,21,/min,2026-03-28T05:00:00-05:00
458,Saturación de oxígeno,59408-5,95,%,2026-03-28T05:00:00-05:00
458,Temperatura corporal,8310-5,37.6,Cel,2026-03-28T05:00:00-05:00
458,Escala de Glasgow,9269-2,14,{score},2026-03-28T05:00:00-05:00
459,Frecuencia cardiaca,8867-4,108,/min,2026-03-13T02:22:00-05:00
459,Presión arterial sistólica,8480-6,118,mm[Hg],2026-03-13T02:22:00-05:00
459,Presión arterial diastólica,8462-4,69,mm[Hg],2026-03-13T02:22:00-05:00
459,Frecuencia respiratoria,9279-1,19,/min,2026-03-13T02:22:00-05:00
459,Saturación de oxígeno,59408-5,95,%,2026-03-13T02:22:00-05:00
459,Temperatura corporal,8310-5,37.6,Cel,2026-03-13T02:22:00-05:00
459,Escala de Glasgow,9269-2,15,{score},2026-03-13T02:22:00-05:00
460,Frecuencia cardiaca,8867-4,112,/min,2026-03-19T04:04:00-05:00
460,Presión arterial sistólica,8480-6,102,mm[Hg],2026-03-19T04:04:00-05:00
460,Presión arterial diastólica,8462-4,71,mm[Hg],2026-03-19T04:04:00-05:00
460,Frecuencia respiratoria,9279-1,24,/min,2026-03-19T04:04:00-05:00
460,Saturación de oxígeno,59408-5,97,%,2026-03-19T04:04:00-05:00
460,Temperatura corporal,8310-5,37.5,Cel,2026-03-19T04:04:00-05:00
460,Escala de Glasgow,9269-2,15,{score},2026-03-19T04:04:00-05:00
461,Frecuencia cardiaca,8867-4,120,/min,2026-07-21T11:18:00-05:00
461,Presión arterial sistólica,8480-6,92,mm[Hg],2026-07-21T11:18:00-05:00
461,Presión arterial diastólica,8462-4,59,mm[Hg],2026-07-21T11:18:00-05:00
461,Frecuencia respiratoria,9279-1,24,/min,2026-07-21T11:18:00-05:00
461,Saturación de oxígeno,59408-5,80,%,2026-07-21T11:18:00-05:00
461,Temperatura corporal,8310-5,38.7,Cel,2026-07-21T11:18:00-05:00
461,Escala de Glasgow,9269-2,4,{score},2026-07-21T11:18:00-05:00
462,Frecuencia cardiaca,8867-4,96,/min,2026-04-25T17:55:00-05:00
462,Presión arterial sistólica,8480-6,127,mm[Hg],2026-04-25T17:55:00-05:00
462,Presión arterial diastólica,8462-4,60,mm[Hg],2026-04-25T17:55:00-05:00
462,Frecuencia respiratoria,9279-1,17,/min,2026-04-25T17:55:00-05:00
462,Saturación de oxígeno,59408-5,93,%,2026-04-25T17:55:00-05:00
462,Temperatura corporal,8310-5,37.2,Cel,2026-04-25T17:55:00-05:00
462,Escala de Glasgow,9269-2,15,{score},2026-04-25T17:55:00-05:00
463,Frecuencia cardiaca,8867-4,77,/min,2026-09-18T02:51:00-05:00
463,Presión arterial sistólica,8480-6,112,mm[Hg],2026-09-18T02:51:00-05:00
463,Presión arterial diastólica,8462-4,78,mm[Hg],2026-09-18T02:51:00-05:00
463,Frecuencia respiratoria,9279-1,19,/min,2026-09-18T02:51:00-05:00
463,Saturación de oxígeno,59408-5,96,%,2026-09-18T02:51:00-05:00
463,Temperatura corporal,8310-5,37.6,Cel,2026-09-18T02:51:00-05:00
463,Escala de Glasgow,9269-2,15,{score},2026-09-18T02:51:00-05:00
464,Frecuencia cardiaca,8867-4,90,/min,2026-05-14T06:18:00-05:00
464,Presión arterial sistólica,8480-6,136,mm[Hg],2026-05-14T06:18:00-05:00
464,Presión arterial diastólica,8462-4,76,mm[Hg],2026-05-14T06:18:00-05:00
464,Frecuencia respiratoria,9279-1,16,/min,2026-05-14T06:18:00-05:00
464,Saturación de oxígeno,59408-5,99,%,2026-05-14T06:18:00-05:00
464,Temperatura corporal,8310-5,37.8,Cel,2026-05-14T06:18:00-05:00
464,Escala de Glasgow,9269-2,15,{score},2026-05-14T06:18:00-05:00
465,Frecuencia cardiaca,8867-4,99,/min,2026-09-03T17:22:00-05:00
465,Presión arterial sistólica,8480-6,130,mm[Hg],2026-09-03T17:22:00-05:00
465,Presión arterial diastólica,8462-4,95,mm[Hg],2026-09-03T17:22:00-05:00
465,Frecuencia respiratoria,9279-1,15,/min,2026-09-03T17:22:00-05:00
465,Saturación de oxígeno,59408-5,96,%,2026-09-03T17:22:00-05:00
465,Temperatura corporal,8310-5,37.8,Cel,2026-09-03T17:22:00-05:00
465,Escala de Glasgow,9269-2,15,{score},2026-09-03T17:22:00-05:00
466,Frecuencia cardiaca,8867-4,122,/min,2026-08-04T03:00:00-05:00
466,Presión arterial sistólica,8480-6,108,mm[Hg],2026-08-04T03:00:00-05:00
466,Presión arterial diastólica,8462-4,55,mm[Hg],2026-08-04T03:00:00-05:00
466,Frecuencia respiratoria,9279-1,23,/min,2026-08-04T03:00:00-05:00
466,Saturación de oxígeno,59408-5,90,%,2026-08-04T03:00:00-05:00
466,Temperatura corporal,8310-5,38.5,Cel,2026-08-04T03:00:00-05:00
466,Escala de Glasgow,9269-2,8,{score},2026-08-04T03:00:00-05:00
467,Frecuencia cardiaca,8867-4,100,/min,2026-05-30T13:33:00-05:00
467,Presión arterial sistólica,8480-6,147,mm[Hg],2026-05-30T13:33:00-05:00
467,Presión arterial diastólica,8462-4,64,mm[Hg],2026-05-30T13:33:00-05:00
467,Frecuencia respiratoria,9279-1,19,/min,2026-05-30T13:33:00-05:00
467,Saturación de oxígeno,59408-5,98,%,2026-05-30T13:33:00-05:00
467,Temperatura corporal,8310-5,36.6,Cel,2026-05-30T13:33:00-05:00
467,Escala de Glasgow,9269-2,15,{score},2026-05-30T13:33:00-05:00
468,Frecuencia cardiaca,8867-4,127,/min,2026-04-13T09:16:00-05:00
468,Presión arterial sistólica,8480-6,85,mm[Hg],2026-04-13T09:16:00-05:00
468,Presión arterial diastólica,8462-4,70,mm[Hg],2026-04-13T09:16:00-05:00
468,Frecuencia respiratoria,9279-1,24,/min,2026-04-13T09:16:00-05:00
468,Saturación de oxígeno,59408-5,87,%,2026-04-13T09:16:00-05:00
468,Temperatura corporal,8310-5,37.6,Cel,2026-04-13T09:16:00-05:00
468,Escala de Glasgow,9269-2,9,{score},2026-04-13T09:16:00-05:00
469,Frecuencia cardiaca,8867-4,88,/min,2026-08-11T04:00:00-05:00
469,Presión arterial sistólica,8480-6,103,mm[Hg],2026-08-11T04:00:00-05:00
469,Presión arterial diastólica,8462-4,56,mm[Hg],2026-08-11T04:00:00-05:00
469,Frecuencia respiratoria,9279-1,18,/min,2026-08-11T04:00:00-05:00
469,Saturación de oxígeno,59408-5,93,%,2026-08-11T04:00:00-05:00
469,Temperatura corporal,8310-5,36.8,Cel,2026-08-11T04:00:00-05:00
469,Escala de Glasgow,9269-2,13,{score},2026-08-11T04:00:00-05:00
470,Frecuencia cardiaca,8867-4,109,/min,2026-05-04T18:27:00-05:00
470,Presión arterial sistólica,8480-6,112,mm[Hg],2026-05-04T18:27:00-05:00
470,Presión arterial diastólica,8462-4,58,mm[Hg],2026-05-04T18:27:00-05:00
470,Frecuencia respiratoria,9279-1,24,/min,2026-05-04T18:27:00-05:00
470,Saturación de oxígeno,59408-5,88,%,2026-05-04T18:27:00-05:00
470,Temperatura corporal,8310-5,37.2,Cel,2026-05-04T18:27:00-05:00
470,Escala de Glasgow,9269-2,15,{score},2026-05-04T18:27:00-05:00
471,Frecuencia cardiaca,8867-4,90,/min,2026-03-27T17:09:00-05:00
471,Presión arterial sistólica,8480-6,120,mm[Hg],2026-03-27T17:09:00-05:00
471,Presión arterial diastólica,8462-4,62,mm[Hg],2026-03-27T17:09:00-05:00
471,Frecuencia respiratoria,9279-1,17,/min,2026-03-27T17:09:00-05:00
471,Saturación de oxígeno,59408-5,96,%,2026-03-27T17:09:00-05:00
471,Temperatura corporal,8310-5,36.4,Cel,2026-03-27T17:09:00-05:00
471,Escala de Glasgow,9269-2,15,{score},2026-03-27T17:09:00-05:00
472,Frecuencia cardiaca,8867-4,90,/min,2026-07-14T14:54:00-05:00
472,Presión arterial sistólica,8480-6,135,mm[Hg],2026-07-14T14:54:00-05:00
472,Presión arterial diastólica,8462-4,79,mm[Hg],2026-07-14T14:54:00-05:00
472,Frecuencia respiratoria,9279-1,19,/min,2026-07-14T14:54:00-05:00
472,Saturación de oxígeno,59408-5,98,%,2026-07-14T14:54:00-05:00
472,Temperatura corporal,8310-5,36.6,Cel,2026-07-14T14:54:00-05:00
472,Escala de Glasgow,9269-2,15,{score},2026-07-14T14:54:00-05:00
473,Frecuencia cardiaca,8867-4,95,/min,2026-08-28T10:29:00-05:00
473,Presión arterial sistólica,8480-6,123,mm[Hg],2026-08-28T10:29:00-05:00
473,Presión arterial diastólica,8462-4,78,mm[Hg],2026-08-28T10:29:00-05:00
473,Frecuencia respiratoria,9279-1,16,/min,2026-08-28T10:29:00-05:00
473,Saturación de oxígeno,59408-5,96,%,2026-08-28T10:29:00-05:00
473,Temperatura corporal,8310-5,37.0,Cel,2026-08-28T10:29:00-05:00
473,Escala de Glasgow,9269-2,15,{score},2026-08-28T10:29:00-05:00
474,Frecuencia cardiaca,8867-4,132,/min,2026-08-27T11:22:00-05:00
474,Presión arterial sistólica,8480-6,112,mm[Hg],2026-08-27T11:22:00-05:00
474,Presión arterial diastólica,8462-4,65,mm[Hg],2026-08-27T11:22:00-05:00
474,Frecuencia respiratoria,9279-1,22,/min,2026-08-27T11:22:00-05:00
474,Saturación de oxígeno,59408-5,92,%,2026-08-27T11:22:00-05:00
474,Temperatura corporal,8310-5,37.8,Cel,2026-08-27T11:22:00-05:00
474,Escala de Glasgow,9269-2,11,{score},2026-08-27T11:22:00-05:00
475,Frecuencia cardiaca,8867-4,84,/min,2026-05-04T17:39:00-05:00
475,Presión arterial sistólica,8480-6,104,mm[Hg],2026-05-04T17:39:00-05:00
475,Presión arterial diastólica,8462-4,59,mm[Hg],2026-05-04T17:39:00-05:00
475,Frecuencia respiratoria,9279-1,28,/min,2026-05-04T17:39:00-05:00
475,Saturación de oxígeno,59408-5,87,%,2026-05-04T17:39:00-05:00
475,Temperatura corporal,8310-5,37.2,Cel,2026-05-04T17:39:00-05:00
475,Escala de Glasgow,9269-2,14,{score},2026-05-04T17:39:00-05:00
476,Frecuencia cardiaca,8867-4,98,/min,2026-08-08T08:03:00-05:00
476,Presión arterial sistólica,8480-6,113,mm[Hg],2026-08-08T08:03:00-05:00
476,Presión arterial diastólica,8462-4,84,mm[Hg],2026-08-08T08:03:00-05:00
476,Frecuencia respiratoria,9279-1,21,/min,2026-08-08T08:03:00-05:00
476,Saturación de oxígeno,59408-5,94,%,2026-08-08T08:03:00-05:00
476,Temperatura corporal,8310-5,36.9,Cel,2026-08-08T08:03:00-05:00
476,Escala de Glasgow,9269-2,15,{score},2026-08-08T08:03:00-05:00
477,Frecuencia cardiaca,8867-4,109,/min,2026-07-26T15:50:00-05:00
477,Presión arterial sistólica,8480-6,93,mm[Hg],2026-07-26T15:50:00-05:00
477,Presión arterial diastólica,8462-4,56,mm[Hg],2026-07-26T15:50:00-05:00
477,Frecuencia respiratoria,9279-1,27,/min,2026-07-26T15:50:00-05:00
477,Saturación de oxígeno,59408-5,94,%,2026-07-26T15:50:00-05:00
477,Temperatura corporal,8310-5,37.8,Cel,2026-07-26T15:50:00-05:00
477,Escala de Glasgow,9269-2,10,{score},2026-07-26T15:50:00-05:00
478,Frecuencia cardiaca,8867-4,80,/min,2026-03-30T18:49:00-05:00
478,Presión arterial sistólica,8480-6,124,mm[Hg],2026-03-30T18:49:00-05:00
478,Presión arterial diastólica,8462-4,75,mm[Hg],2026-03-30T18:49:00-05:00
478,Frecuencia respiratoria,9279-1,19,/min,2026-03-30T18:49:00-05:00
478,Saturación de oxígeno,59408-5,96,%,2026-03-30T18:49:00-05:00
478,Temperatura corporal,8310-5,36.4,Cel,2026-03-30T18:49:00-05:00
478,Escala de Glasgow,9269-2,15,{score},2026-03-30T18:49:00-05:00
479,Frecuencia cardiaca,8867-4,85,/min,2026-09-05T07:27:00-05:00
479,Presión arterial sistólica,8480-6,100,mm[Hg],2026-09-05T07:27:00-05:00
479,Presión arterial diastólica,8462-4,77,mm[Hg],2026-09-05T07:27:00-05:00
479,Frecuencia respiratoria,9279-1,22,/min,2026-09-05T07:27:00-05:00
479,Saturación de oxígeno,59408-5,92,%,2026-09-05T07:27:00-05:00
479,Temperatura corporal,8310-5,39.0,Cel,2026-09-05T07:27:00-05:00
479,Escala de Glasgow,9269-2,12,{score},2026-09-05T07:27:00-05:00
480,Frecuencia cardiaca,8867-4,113,/min,2026-04-17T17:32:00-05:00
480,Presión arterial sistólica,8480-6,130,mm[Hg],2026-04-17T17:32:00-05:00
480,Presión arterial diastólica,8462-4,75,mm[Hg],2026-04-17T17:32:00-05:00
480,Frecuencia respiratoria,9279-1,24,/min,2026-04-17T17:32:00-05:00
480,Saturación de oxígeno,59408-5,90,%,2026-04-17T17:32:00-05:00
480,Temperatura corporal,8310-5,38.0,Cel,2026-04-17T17:32:00-05:00
480,Escala de Glasgow,9269-2,9,{score},2026-04-17T17:32:00-05:00
481,Frecuencia cardiaca,8867-4,87,/min,2026-05-05T10:47:00-05:00
481,Presión arterial sistólica,8480-6,99,mm[Hg],2026-05-05T10:47:00-05:00
481,Presión arterial diastólica,8462-4,66,mm[Hg],2026-05-05T10:47:00-05:00
481,Frecuencia respiratoria,9279-1,22,/min,2026-05-05T10:47:00-05:00
481,Saturación de oxígeno,59408-5,90,%,2026-05-05T10:47:00-05:00
481,Temperatura corporal,8310-5,38.5,Cel,2026-05-05T10:47:00-05:00
481,Escala de Glasgow,9269-2,14,{score},2026-05-05T10:47:00-05:00
482,Frecuencia cardiaca,8867-4,115,/min,2026-08-30T01:43:00-05:00
482,Presión arterial sistólica,8480-6,87,mm[Hg],2026-08-30T01:43:00-05:00
482,Presión arterial diastólica,8462-4,64,mm[Hg],2026-08-30T01:43:00-05:00
482,Frecuencia respiratoria,9279-1,21,/min,2026-08-30T01:43:00-05:00
482,Saturación de oxígeno,59408-5,91,%,2026-08-30T01:43:00-05:00
482,Temperatura corporal,8310-5,38.8,Cel,2026-08-30T01:43:00-05:00
482,Escala de Glasgow,9269-2,10,{score},2026-08-30T01:43:00-05:00
483,Frecuencia cardiaca,8867-4,77,/min,2026-05-27T17:09:00-05:00
483,Presión arterial sistólica,8480-6,168,mm[Hg],2026-05-27T17:09:00-05:00
483,Presión arterial diastólica,8462-4,89,mm[Hg],2026-05-27T17:09:00-05:00
483,Frecuencia respiratoria,9279-1,16,/min,2026-05-27T17:09:00-05:00
483,Saturación de oxígeno,59408-5,95,%,2026-05-27T17:09:00-05:00
483,Temperatura corporal,8310-5,37.0,Cel,2026-05-27T17:09:00-05:00
483,Escala de Glasgow,9269-2,15,{score},2026-05-27T17:09:00-05:00
484,Frecuencia cardiaca,8867-4,117,/min,2026-08-30T14:49:00-05:00
484,Presión arterial sistólica,8480-6,103,mm[Hg],2026-08-30T14:49:00-05:00
484,Presión arterial diastólica,8462-4,52,mm[Hg],2026-08-30T14:49:00-05:00
484,Frecuencia respiratoria,9279-1,18,/min,2026-08-30T14:49:00-05:00
484,Saturación de oxígeno,59408-5,89,%,2026-08-30T14:49:00-05:00
484,Temperatura corporal,8310-5,37.9,Cel,2026-08-30T14:49:00-05:00
484,Escala de Glasgow,9269-2,13,{score},2026-08-30T14:49:00-05:00
485,Frecuencia cardiaca,8867-4,112,/min,2026-09-05T10:05:00-05:00
485,Presión arterial sistólica,8480-6,107,mm[Hg],2026-09-05T10:05:00-05:00
485,Presión arterial diastólica,8462-4,55,mm[Hg],2026-09-05T10:05:00-05:00
485,Frecuencia respiratoria,9279-1,28,/min,2026-09-05T10:05:00-05:00
485,Saturación de oxígeno,59408-5,97,%,2026-09-05T10:05:00-05:00
485,Temperatura corporal,8310-5,37.8,Cel,2026-09-05T10:05:00-05:00
485,Escala de Glasgow,9269-2,6,{score},2026-09-05T10:05:00-05:00
486,Frecuencia cardiaca,8867-4,131,/min,2026-05-05T20:46:00-05:00
486,Presión arterial sistólica,8480-6,91,mm[Hg],2026-05-05T20:46:00-05:00
486,Presión arterial diastólica,8462-4,65,mm[Hg],2026-05-05T20:46:00-05:00
486,Frecuencia respiratoria,9279-1,29,/min,2026-05-05T20:46:00-05:00
486,Saturación de oxígeno,59408-5,91,%,2026-05-05T20:46:00-05:00
486,Temperatura corporal,8310-5,36.9,Cel,2026-05-05T20:46:00-05:00
486,Escala de Glasgow,9269-2,10,{score},2026-05-05T20:46:00-05:00
487,Frecuencia cardiaca,8867-4,105,/min,2026-06-21T16:07:00-05:00
487,Presión arterial sistólica,8480-6,60,mm[Hg],2026-06-21T16:07:00-05:00
487,Presión arterial diastólica,8462-4,45,mm[Hg],2026-06-21T16:07:00-05:00
487,Frecuencia respiratoria,9279-1,26,/min,2026-06-21T16:07:00-05:00
487,Saturación de oxígeno,59408-5,83,%,2026-06-21T16:07:00-05:00
487,Temperatura corporal,8310-5,37.8,Cel,2026-06-21T16:07:00-05:00
487,Escala de Glasgow,9269-2,9,{score},2026-06-21T16:07:00-05:00
488,Frecuencia cardiaca,8867-4,125,/min,2026-03-13T12:12:00-05:00
488,Presión arterial sistólica,8480-6,126,mm[Hg],2026-03-13T12:12:00-05:00
488,Presión arterial diastólica,8462-4,72,mm[Hg],2026-03-13T12:12:00-05:00
488,Frecuencia respiratoria,9279-1,25,/min,2026-03-13T12:12:00-05:00
488,Saturación de oxígeno,59408-5,84,%,2026-03-13T12:12:00-05:00
488,Temperatura corporal,8310-5,38.2,Cel,2026-03-13T12:12:00-05:00
488,Escala de Glasgow,9269-2,11,{score},2026-03-13T12:12:00-05:00
489,Frecuencia cardiaca,8867-4,111,/min,2026-05-24T05:07:00-05:00
489,Presión arterial sistólica,8480-6,93,mm[Hg],2026-05-24T05:07:00-05:00
489,Presión arterial diastólica,8462-4,62,mm[Hg],2026-05-24T05:07:00-05:00
489,Frecuencia respiratoria,9279-1,20,/min,2026-05-24T05:07:00-05:00
489,Saturación de oxígeno,59408-5,91,%,2026-05-24T05:07:00-05:00
489,Temperatura corporal,8310-5,38.5,Cel,2026-05-24T05:07:00-05:00
489,Escala de Glasgow,9269-2,11,{score},2026-05-24T05:07:00-05:00
490,Frecuencia cardiaca,8867-4,121,/min,2026-04-17T02:21:00-05:00
490,Presión arterial sistólica,8480-6,114,mm[Hg],2026-04-17T02:21:00-05:00
490,Presión arterial diastólica,8462-4,58,mm[Hg],2026-04-17T02:21:00-05:00
490,Frecuencia respiratoria,9279-1,23,/min,2026-04-17T02:21:00-05:00
490,Saturación de oxígeno,59408-5,94,%,2026-04-17T02:21:00-05:00
490,Temperatura corporal,8310-5,39.3,Cel,2026-04-17T02:21:00-05:00
490,Escala de Glasgow,9269-2,12,{score},2026-04-17T02:21:00-05:00
491,Frecuencia cardiaca,8867-4,108,/min,2026-04-08T10:59:00-05:00
491,Presión arterial sistólica,8480-6,66,mm[Hg],2026-04-08T10:59:00-05:00
491,Presión arterial diastólica,8462-4,51,mm[Hg],2026-04-08T10:59:00-05:00
491,Frecuencia respiratoria,9279-1,22,/min,2026-04-08T10:59:00-05:00
491,Saturación de oxígeno,59408-5,78,%,2026-04-08T10:59:00-05:00
491,Temperatura corporal,8310-5,40.0,Cel,2026-04-08T10:59:00-05:00
491,Escala de Glasgow,9269-2,10,{score},2026-04-08T10:59:00-05:00
492,Frecuencia cardiaca,8867-4,83,/min,2026-05-31T16:33:00-05:00
492,Presión arterial sistólica,8480-6,96,mm[Hg],2026-05-31T16:33:00-05:00
492,Presión arterial diastólica,8462-4,67,mm[Hg],2026-05-31T16:33:00-05:00
492,Frecuencia respiratoria,9279-1,20,/min,2026-05-31T16:33:00-05:00
492,Saturación de oxígeno,59408-5,96,%,2026-05-31T16:33:00-05:00
492,Temperatura corporal,8310-5,38.4,Cel,2026-05-31T16:33:00-05:00
492,Escala de Glasgow,9269-2,13,{score},2026-05-31T16:33:00-05:00
493,Frecuencia cardiaca,8867-4,116,/min,2026-04-02T03:35:00-05:00
493,Presión arterial sistólica,8480-6,142,mm[Hg],2026-04-02T03:35:00-05:00
493,Presión arterial diastólica,8462-4,57,mm[Hg],2026-04-02T03:35:00-05:00
493,Frecuencia respiratoria,9279-1,25,/min,2026-04-02T03:35:00-05:00
493,Saturación de oxígeno,59408-5,89,%,2026-04-02T03:35:00-05:00
493,Temperatura corporal,8310-5,37.3,Cel,2026-04-02T03:35:00-05:00
493,Escala de Glasgow,9269-2,11,{score},2026-04-02T03:35:00-05:00
494,Frecuencia cardiaca,8867-4,78,/min,2026-03-05T13:18:00-05:00
494,Presión arterial sistólica,8480-6,92,mm[Hg],2026-03-05T13:18:00-05:00
494,Presión arterial diastólica,8462-4,76,mm[Hg],2026-03-05T13:18:00-05:00
494,Frecuencia respiratoria,9279-1,21,/min,2026-03-05T13:18:00-05:00
494,Saturación de oxígeno,59408-5,91,%,2026-03-05T13:18:00-05:00
494,Temperatura corporal,8310-5,38.1,Cel,2026-03-05T13:18:00-05:00
494,Escala de Glasgow,9269-2,13,{score},2026-03-05T13:18:00-05:00
495,Frecuencia cardiaca,8867-4,89,/min,2026-04-05T15:19:00-05:00
495,Presión arterial sistólica,8480-6,107,mm[Hg],2026-04-05T15:19:00-05:00
495,Presión arterial diastólica,8462-4,63,mm[Hg],2026-04-05T15:19:00-05:00
495,Frecuencia respiratoria,9279-1,26,/min,2026-04-05T15:19:00-05:00
495,Saturación de oxígeno,59408-5,88,%,2026-04-05T15:19:00-05:00
495,Temperatura corporal,8310-5,37.5,Cel,2026-04-05T15:19:00-05:00
495,Escala de Glasgow,9269-2,12,{score},2026-04-05T15:19:00-05:00
496,Frecuencia cardiaca,8867-4,78,/min,2026-04-16T01:53:00-05:00
496,Presión arterial sistólica,8480-6,124,mm[Hg],2026-04-16T01:53:00-05:00
496,Presión arterial diastólica,8462-4,89,mm[Hg],2026-04-16T01:53:00-05:00
496,Frecuencia respiratoria,9279-1,19,/min,2026-04-16T01:53:00-05:00
496,Saturación de oxígeno,59408-5,96,%,2026-04-16T01:53:00-05:00
496,Temperatura corporal,8310-5,37.9,Cel,2026-04-16T01:53:00-05:00
496,Escala de Glasgow,9269-2,14,{score},2026-04-16T01:53:00-05:00
497,Frecuencia cardiaca,8867-4,81,/min,2026-09-01T16:38:00-05:00
497,Presión arterial sistólica,8480-6,130,mm[Hg],2026-09-01T16:38:00-05:00
497,Presión arterial diastólica,8462-4,88,mm[Hg],2026-09-01T16:38:00-05:00
497,Frecuencia respiratoria,9279-1,18,/min,2026-09-01T16:38:00-05:00
497,Saturación de oxígeno,59408-5,93,%,2026-09-01T16:38:00-05:00
497,Temperatura corporal,8310-5,37.3,Cel,2026-09-01T16:38:00-05:00
497,Escala de Glasgow,9269-2,15,{score},2026-09-01T16:38:00-05:00
498,Frecuencia cardiaca,8867-4,104,/min,2026-07-13T03:22:00-05:00
498,Presión arterial sistólica,8480-6,97,mm[Hg],2026-07-13T03:22:00-05:00
498,Presión arterial diastólica,8462-4,48,mm[Hg],2026-07-13T03:22:00-05:00
498,Frecuencia respiratoria,9279-1,27,/min,2026-07-13T03:22:00-05:00
498,Saturación de oxígeno,59408-5,94,%,2026-07-13T03:22:00-05:00
498,Temperatura corporal,8310-5,37.4,Cel,2026-07-13T03:22:00-05:00
498,Escala de Glasgow,9269-2,14,{score},2026-07-13T03:22:00-05:00
499,Frecuencia cardiaca,8867-4,89,/min,2026-07-11T13:44:00-05:00
499,Presión arterial sistólica,8480-6,142,mm[Hg],2026-07-11T13:44:00-05:00
499,Presión arterial diastólica,8462-4,88,mm[Hg],2026-07-11T13:44:00-05:00
499,Frecuencia respiratoria,9279-1,18,/min,2026-07-11T13:44:00-05:00
499,Saturación de oxígeno,59408-5,92,%,2026-07-11T13:44:00-05:00
499,Temperatura corporal,8310-5,36.7,Cel,2026-07-11T13:44:00-05:00
499,Escala de Glasgow,9269-2,15,{score},2026-07-11T13:44:00-05:00
500,Frecuencia cardiaca,8867-4,115,/min,2026-05-05T18:08:00-05:00
500,Presión arterial sistólica,8480-6,83,mm[Hg],2026-05-05T18:08:00-05:00
500,Presión arterial diastólica,8462-4,55,mm[Hg],2026-05-05T18:08:00-05:00
500,Frecuencia respiratoria,9279-1,25,/min,2026-05-05T18:08:00-05:00
500,Saturación de oxígeno,59408-5,95,%,2026-05-05T18:08:00-05:00
500,Temperatura corporal,8310-5,37.5,Cel,2026-05-05T18:08:00-05:00
500,Escala de Glasgow,9269-2,15,{score},2026-05-05T18:08:00-05:00
501,Frecuencia cardiaca,8867-4,141,/min,2026-03-06T08:26:00-05:00
501,Presión arterial sistólica,8480-6,103,mm[Hg],2026-03-06T08:26:00-05:00
501,Presión arterial diastólica,8462-4,66,mm[Hg],2026-03-06T08:26:00-05:00
501,Frecuencia respiratoria,9279-1,31,/min,2026-03-06T08:26:00-05:00
501,Saturación de oxígeno,59408-5,89,%,2026-03-06T08:26:00-05:00
501,Temperatura corporal,8310-5,36.8,Cel,2026-03-06T08:26:00-05:00
501,Escala de Glasgow,9269-2,9,{score},2026-03-06T08:26:00-05:00
502,Frecuencia cardiaca,8867-4,104,/min,2026-03-08T04:54:00-05:00
502,Presión arterial sistólica,8480-6,81,mm[Hg],2026-03-08T04:54:00-05:00
502,Presión arterial diastólica,8462-4,66,mm[Hg],2026-03-08T04:54:00-05:00
502,Frecuencia respiratoria,9279-1,22,/min,2026-03-08T04:54:00-05:00
502,Saturación de oxígeno,59408-5,92,%,2026-03-08T04:54:00-05:00
502,Temperatura corporal,8310-5,38.5,Cel,2026-03-08T04:54:00-05:00
502,Escala de Glasgow,9269-2,12,{score},2026-03-08T04:54:00-05:00
503,Frecuencia cardiaca,8867-4,128,/min,2026-05-17T20:17:00-05:00
503,Presión arterial sistólica,8480-6,89,mm[Hg],2026-05-17T20:17:00-05:00
503,Presión arterial diastólica,8462-4,67,mm[Hg],2026-05-17T20:17:00-05:00
503,Frecuencia respiratoria,9279-1,27,/min,2026-05-17T20:17:00-05:00
503,Saturación de oxígeno,59408-5,93,%,2026-05-17T20:17:00-05:00
503,Temperatura corporal,8310-5,39.0,Cel,2026-05-17T20:17:00-05:00
503,Escala de Glasgow,9269-2,11,{score},2026-05-17T20:17:00-05:00
504,Frecuencia cardiaca,8867-4,97,/min,2026-06-15T08:12:00-05:00
504,Presión arterial sistólica,8480-6,126,mm[Hg],2026-06-15T08:12:00-05:00
504,Presión arterial diastólica,8462-4,64,mm[Hg],2026-06-15T08:12:00-05:00
504,Frecuencia respiratoria,9279-1,23,/min,2026-06-15T08:12:00-05:00
504,Saturación de oxígeno,59408-5,91,%,2026-06-15T08:12:00-05:00
504,Temperatura corporal,8310-5,37.3,Cel,2026-06-15T08:12:00-05:00
504,Escala de Glasgow,9269-2,13,{score},2026-06-15T08:12:00-05:00
505,Frecuencia cardiaca,8867-4,108,/min,2026-06-09T11:41:00-05:00
505,Presión arterial sistólica,8480-6,114,mm[Hg],2026-06-09T11:41:00-05:00
505,Presión arterial diastólica,8462-4,73,mm[Hg],2026-06-09T11:41:00-05:00
505,Frecuencia respiratoria,9279-1,28,/min,2026-06-09T11:41:00-05:00
505,Saturación de oxígeno,59408-5,87,%,2026-06-09T11:41:00-05:00
505,Temperatura corporal,8310-5,39.3,Cel,2026-06-09T11:41:00-05:00
505,Escala de Glasgow,9269-2,8,{score},2026-06-09T11:41:00-05:00
506,Frecuencia cardiaca,8867-4,115,/min,2026-05-23T10:35:00-05:00
506,Presión arterial sistólica,8480-6,103,mm[Hg],2026-05-23T10:35:00-05:00
506,Presión arterial diastólica,8462-4,66,mm[Hg],2026-05-23T10:35:00-05:00
506,Frecuencia respiratoria,9279-1,19,/min,2026-05-23T10:35:00-05:00
506,Saturación de oxígeno,59408-5,93,%,2026-05-23T10:35:00-05:00
506,Temperatura corporal,8310-5,37.4,Cel,2026-05-23T10:35:00-05:00
506,Escala de Glasgow,9269-2,11,{score},2026-05-23T10:35:00-05:00
507,Frecuencia cardiaca,8867-4,131,/min,2026-08-27T18:25:00-05:00
507,Presión arterial sistólica,8480-6,106,mm[Hg],2026-08-27T18:25:00-05:00
507,Presión arterial diastólica,8462-4,60,mm[Hg],2026-08-27T18:25:00-05:00
507,Frecuencia respiratoria,9279-1,31,/min,2026-08-27T18:25:00-05:00
507,Saturación de oxígeno,59408-5,89,%,2026-08-27T18:25:00-05:00
507,Temperatura corporal,8310-5,39.1,Cel,2026-08-27T18:25:00-05:00
507,Escala de Glasgow,9269-2,8,{score},2026-08-27T18:25:00-05:00
508,Frecuencia cardiaca,8867-4,100,/min,2026-08-20T08:16:00-05:00
508,Presión arterial sistólica,8480-6,102,mm[Hg],2026-08-20T08:16:00-05:00
508,Presión arterial diastólica,8462-4,44,mm[Hg],2026-08-20T08:16:00-05:00
508,Frecuencia respiratoria,9279-1,27,/min,2026-08-20T08:16:00-05:00
508,Saturación de oxígeno,59408-5,87,%,2026-08-20T08:16:00-05:00
508,Temperatura corporal,8310-5,38.0,Cel,2026-08-20T08:16:00-05:00
508,Escala de Glasgow,9269-2,11,{score},2026-08-20T08:16:00-05:00
509,Frecuencia cardiaca,8867-4,115,/min,2026-07-15T20:55:00-05:00
509,Presión arterial sistólica,8480-6,99,mm[Hg],2026-07-15T20:55:00-05:00
509,Presión arterial diastólica,8462-4,77,mm[Hg],2026-07-15T20:55:00-05:00
509,Frecuencia respiratoria,9279-1,29,/min,2026-07-15T20:55:00-05:00
509,Saturación de oxígeno,59408-5,86,%,2026-07-15T20:55:00-05:00
509,Temperatura corporal,8310-5,37.6,Cel,2026-07-15T20:55:00-05:00
509,Escala de Glasgow,9269-2,6,{score},2026-07-15T20:55:00-05:00
510,Frecuencia cardiaca,8867-4,108,/min,2026-07-25T20:04:00-05:00
510,Presión arterial sistólica,8480-6,67,mm[Hg],2026-07-25T20:04:00-05:00
510,Presión arterial diastólica,8462-4,52,mm[Hg],2026-07-25T20:04:00-05:00
510,Frecuencia respiratoria,9279-1,28,/min,2026-07-25T20:04:00-05:00
510,Saturación de oxígeno,59408-5,98,%,2026-07-25T20:04:00-05:00
510,Temperatura corporal,8310-5,39.2,Cel,2026-07-25T20:04:00-05:00
510,Escala de Glasgow,9269-2,15,{score},2026-07-25T20:04:00-05:00
511,Frecuencia cardiaca,8867-4,92,/min,2026-05-13T10:58:00-05:00
511,Presión arterial sistólica,8480-6,111,mm[Hg],2026-05-13T10:58:00-05:00
511,Presión arterial diastólica,8462-4,53,mm[Hg],2026-05-13T10:58:00-05:00
511,Frecuencia respiratoria,9279-1,31,/min,2026-05-13T10:58:00-05:00
511,Saturación de oxígeno,59408-5,90,%,2026-05-13T10:58:00-05:00
511,Temperatura corporal,8310-5,39.0,Cel,2026-05-13T10:58:00-05:00
511,Escala de Glasgow,9269-2,10,{score},2026-05-13T10:58:00-05:00
512,Frecuencia cardiaca,8867-4,76,/min,2026-05-12T13:52:00-05:00
512,Presión arterial sistólica,8480-6,74,mm[Hg],2026-05-12T13:52:00-05:00
512,Presión arterial diastólica,8462-4,59,mm[Hg],2026-05-12T13:52:00-05:00
512,Frecuencia respiratoria,9279-1,29,/min,2026-05-12T13:52:00-05:00
512,Saturación de oxígeno,59408-5,92,%,2026-05-12T13:52:00-05:00
512,Temperatura corporal,8310-5,38.2,Cel,2026-05-12T13:52:00-05:00
512,Escala de Glasgow,9269-2,12,{score},2026-05-12T13:52:00-05:00
513,Frecuencia cardiaca,8867-4,123,/min,2026-06-14T09:35:00-05:00
513,Presión arterial sistólica,8480-6,68,mm[Hg],2026-06-14T09:35:00-05:00
513,Presión arterial diastólica,8462-4,53,mm[Hg],2026-06-14T09:35:00-05:00
513,Frecuencia respiratoria,9279-1,31,/min,2026-06-14T09:35:00-05:00
513,Saturación de oxígeno,59408-5,87,%,2026-06-14T09:35:00-05:00
513,Temperatura corporal,8310-5,38.4,Cel,2026-06-14T09:35:00-05:00
513,Escala de Glasgow,9269-2,12,{score},2026-06-14T09:35:00-05:00
514,Frecuencia cardiaca,8867-4,110,/min,2026-04-22T05:37:00-05:00
514,Presión arterial sistólica,8480-6,80,mm[Hg],2026-04-22T05:37:00-05:00
514,Presión arterial diastólica,8462-4,65,mm[Hg],2026-04-22T05:37:00-05:00
514,Frecuencia respiratoria,9279-1,26,/min,2026-04-22T05:37:00-05:00
514,Saturación de oxígeno,59408-5,87,%,2026-04-22T05:37:00-05:00
514,Temperatura corporal,8310-5,38.3,Cel,2026-04-22T05:37:00-05:00
514,Escala de Glasgow,9269-2,10,{score},2026-04-22T05:37:00-05:00
515,Frecuencia cardiaca,8867-4,109,/min,2026-08-10T19:50:00-05:00
515,Presión arterial sistólica,8480-6,148,mm[Hg],2026-08-10T19:50:00-05:00
515,Presión arterial diastólica,8462-4,74,mm[Hg],2026-08-10T19:50:00-05:00
515,Frecuencia respiratoria,9279-1,18,/min,2026-08-10T19:50:00-05:00
515,Saturación de oxígeno,59408-5,87,%,2026-08-10T19:50:00-05:00
515,Temperatura corporal,8310-5,37.5,Cel,2026-08-10T19:50:00-05:00
515,Escala de Glasgow,9269-2,14,{score},2026-08-10T19:50:00-05:00
516,Frecuencia cardiaca,8867-4,91,/min,2026-04-08T07:19:00-05:00
516,Presión arterial sistólica,8480-6,120,mm[Hg],2026-04-08T07:19:00-05:00
516,Presión arterial diastólica,8462-4,65,mm[Hg],2026-04-08T07:19:00-05:00
516,Frecuencia respiratoria,9279-1,26,/min,2026-04-08T07:19:00-05:00
516,Saturación de oxígeno,59408-5,89,%,2026-04-08T07:19:00-05:00
516,Temperatura corporal,8310-5,36.3,Cel,2026-04-08T07:19:00-05:00
516,Escala de Glasgow,9269-2,12,{score},2026-04-08T07:19:00-05:00
517,Frecuencia cardiaca,8867-4,95,/min,2026-08-19T11:43:00-05:00
517,Presión arterial sistólica,8480-6,155,mm[Hg],2026-08-19T11:43:00-05:00
517,Presión arterial diastólica,8462-4,84,mm[Hg],2026-08-19T11:43:00-05:00
517,Frecuencia respiratoria,9279-1,23,/min,2026-08-19T11:43:00-05:00
517,Saturación de oxígeno,59408-5,95,%,2026-08-19T11:43:00-05:00
517,Temperatura corporal,8310-5,36.4,Cel,2026-08-19T11:43:00-05:00
517,Escala de Glasgow,9269-2,14,{score},2026-08-19T11:43:00-05:00
518,Frecuencia cardiaca,8867-4,88,/min,2026-03-31T01:29:00-05:00
518,Presión arterial sistólica,8480-6,127,mm[Hg],2026-03-31T01:29:00-05:00
518,Presión arterial diastólica,8462-4,79,mm[Hg],2026-03-31T01:29:00-05:00
518,Frecuencia respiratoria,9279-1,17,/min,2026-03-31T01:29:00-05:00
518,Saturación de oxígeno,59408-5,97,%,2026-03-31T01:29:00-05:00
518,Temperatura corporal,8310-5,36.4,Cel,2026-03-31T01:29:00-05:00
518,Escala de Glasgow,9269-2,15,{score},2026-03-31T01:29:00-05:00
519,Frecuencia cardiaca,8867-4,86,/min,2026-03-06T02:39:00-05:00
519,Presión arterial sistólica,8480-6,125,mm[Hg],2026-03-06T02:39:00-05:00
519,Presión arterial diastólica,8462-4,68,mm[Hg],2026-03-06T02:39:00-05:00
519,Frecuencia respiratoria,9279-1,16,/min,2026-03-06T02:39:00-05:00
519,Saturación de oxígeno,59408-5,98,%,2026-03-06T02:39:00-05:00
519,Temperatura corporal,8310-5,37.6,Cel,2026-03-06T02:39:00-05:00
519,Escala de Glasgow,9269-2,14,{score},2026-03-06T02:39:00-05:00
520,Frecuencia cardiaca,8867-4,119,/min,2026-05-24T15:31:00-05:00
520,Presión arterial sistólica,8480-6,85,mm[Hg],2026-05-24T15:31:00-05:00
520,Presión arterial diastólica,8462-4,54,mm[Hg],2026-05-24T15:31:00-05:00
520,Frecuencia respiratoria,9279-1,28,/min,2026-05-24T15:31:00-05:00
520,Saturación de oxígeno,59408-5,87,%,2026-05-24T15:31:00-05:00
520,Temperatura corporal,8310-5,39.4,Cel,2026-05-24T15:31:00-05:00
520,Escala de Glasgow,9269-2,14,{score},2026-05-24T15:31:00-05:00
521,Frecuencia cardiaca,8867-4,138,/min,2026-05-17T07:31:00-05:00
521,Presión arterial sistólica,8480-6,80,mm[Hg],2026-05-17T07:31:00-05:00
521,Presión arterial diastólica,8462-4,62,mm[Hg],2026-05-17T07:31:00-05:00
521,Frecuencia respiratoria,9279-1,25,/min,2026-05-17T07:31:00-05:00
521,Saturación de oxígeno,59408-5,85,%,2026-05-17T07:31:00-05:00
521,Temperatura corporal,8310-5,37.6,Cel,2026-05-17T07:31:00-05:00
521,Escala de Glasgow,9269-2,13,{score},2026-05-17T07:31:00-05:00
522,Frecuencia cardiaca,8867-4,131,/min,2026-05-13T02:53:00-05:00
522,Presión arterial sistólica,8480-6,85,mm[Hg],2026-05-13T02:53:00-05:00
522,Presión arterial diastólica,8462-4,64,mm[Hg],2026-05-13T02:53:00-05:00
522,Frecuencia respiratoria,9279-1,18,/min,2026-05-13T02:53:00-05:00
522,Saturación de oxígeno,59408-5,92,%,2026-05-13T02:53:00-05:00
522,Temperatura corporal,8310-5,38.6,Cel,2026-05-13T02:53:00-05:00
522,Escala de Glasgow,9269-2,10,{score},2026-05-13T02:53:00-05:00
523,Frecuencia cardiaca,8867-4,112,/min,2026-03-19T06:26:00-05:00
523,Presión arterial sistólica,8480-6,135,mm[Hg],2026-03-19T06:26:00-05:00
523,Presión arterial diastólica,8462-4,45,mm[Hg],2026-03-19T06:26:00-05:00
523,Frecuencia respiratoria,9279-1,21,/min,2026-03-19T06:26:00-05:00
523,Saturación de oxígeno,59408-5,89,%,2026-03-19T06:26:00-05:00
523,Temperatura corporal,8310-5,38.4,Cel,2026-03-19T06:26:00-05:00
523,Escala de Glasgow,9269-2,12,{score},2026-03-19T06:26:00-05:00
524,Frecuencia cardiaca,8867-4,107,/min,2026-05-25T16:33:00-05:00
524,Presión arterial sistólica,8480-6,111,mm[Hg],2026-05-25T16:33:00-05:00
524,Presión arterial diastólica,8462-4,68,mm[Hg],2026-05-25T16:33:00-05:00
524,Frecuencia respiratoria,9279-1,22,/min,2026-05-25T16:33:00-05:00
524,Saturación de oxígeno,59408-5,90,%,2026-05-25T16:33:00-05:00
524,Temperatura corporal,8310-5,37.5,Cel,2026-05-25T16:33:00-05:00
524,Escala de Glasgow,9269-2,14,{score},2026-05-25T16:33:00-05:00
525,Frecuencia cardiaca,8867-4,124,/min,2026-03-05T12:46:00-05:00
525,Presión arterial sistólica,8480-6,120,mm[Hg],2026-03-05T12:46:00-05:00
525,Presión arterial diastólica,8462-4,71,mm[Hg],2026-03-05T12:46:00-05:00
525,Frecuencia respiratoria,9279-1,26,/min,2026-03-05T12:46:00-05:00
525,Saturación de oxígeno,59408-5,90,%,2026-03-05T12:46:00-05:00
525,Temperatura corporal,8310-5,37.0,Cel,2026-03-05T12:46:00-05:00
525,Escala de Glasgow,9269-2,15,{score},2026-03-05T12:46:00-05:00
526,Frecuencia cardiaca,8867-4,87,/min,2026-04-19T08:22:00-05:00
526,Presión arterial sistólica,8480-6,101,mm[Hg],2026-04-19T08:22:00-05:00
526,Presión arterial diastólica,8462-4,79,mm[Hg],2026-04-19T08:22:00-05:00
526,Frecuencia respiratoria,9279-1,20,/min,2026-04-19T08:22:00-05:00
526,Saturación de oxígeno,59408-5,92,%,2026-04-19T08:22:00-05:00
526,Temperatura corporal,8310-5,37.1,Cel,2026-04-19T08:22:00-05:00
526,Escala de Glasgow,9269-2,15,{score},2026-04-19T08:22:00-05:00
527,Frecuencia cardiaca,8867-4,105,/min,2026-08-23T16:32:00-05:00
527,Presión arterial sistólica,8480-6,97,mm[Hg],2026-08-23T16:32:00-05:00
527,Presión arterial diastólica,8462-4,38,mm[Hg],2026-08-23T16:32:00-05:00
527,Frecuencia respiratoria,9279-1,29,/min,2026-08-23T16:32:00-05:00
527,Saturación de oxígeno,59408-5,91,%,2026-08-23T16:32:00-05:00
527,Temperatura corporal,8310-5,38.4,Cel,2026-08-23T16:32:00-05:00
527,Escala de Glasgow,9269-2,10,{score},2026-08-23T16:32:00-05:00
528,Frecuencia cardiaca,8867-4,105,/min,2026-07-07T15:13:00-05:00
528,Presión arterial sistólica,8480-6,135,mm[Hg],2026-07-07T15:13:00-05:00
528,Presión arterial diastólica,8462-4,82,mm[Hg],2026-07-07T15:13:00-05:00
528,Frecuencia respiratoria,9279-1,26,/min,2026-07-07T15:13:00-05:00
528,Saturación de oxígeno,59408-5,87,%,2026-07-07T15:13:00-05:00
528,Temperatura corporal,8310-5,37.4,Cel,2026-07-07T15:13:00-05:00
528,Escala de Glasgow,9269-2,15,{score},2026-07-07T15:13:00-05:00
529,Frecuencia cardiaca,8867-4,97,/min,2026-07-25T01:11:00-05:00
529,Presión arterial sistólica,8480-6,114,mm[Hg],2026-07-25T01:11:00-05:00
529,Presión arterial diastólica,8462-4,68,mm[Hg],2026-07-25T01:11:00-05:00
529,Frecuencia respiratoria,9279-1,21,/min,2026-07-25T01:11:00-05:00
529,Saturación de oxígeno,59408-5,90,%,2026-07-25T01:11:00-05:00
529,Temperatura corporal,8310-5,37.2,Cel,2026-07-25T01:11:00-05:00
529,Escala de Glasgow,9269-2,14,{score},2026-07-25T01:11:00-05:00
530,Frecuencia cardiaca,8867-4,111,/min,2026-05-23T05:03:00-05:00
530,Presión arterial sistólica,8480-6,121,mm[Hg],2026-05-23T05:03:00-05:00
530,Presión arterial diastólica,8462-4,70,mm[Hg],2026-05-23T05:03:00-05:00
530,Frecuencia respiratoria,9279-1,23,/min,2026-05-23T05:03:00-05:00
530,Saturación de oxígeno,59408-5,91,%,2026-05-23T05:03:00-05:00
530,Temperatura corporal,8310-5,37.3,Cel,2026-05-23T05:03:00-05:00
530,Escala de Glasgow,9269-2,8,{score},2026-05-23T05:03:00-05:00
531,Frecuencia cardiaca,8867-4,113,/min,2026-07-15T11:20:00-05:00
531,Presión arterial sistólica,8480-6,114,mm[Hg],2026-07-15T11:20:00-05:00
531,Presión arterial diastólica,8462-4,84,mm[Hg],2026-07-15T11:20:00-05:00
531,Frecuencia respiratoria,9279-1,23,/min,2026-07-15T11:20:00-05:00
531,Saturación de oxígeno,59408-5,89,%,2026-07-15T11:20:00-05:00
531,Temperatura corporal,8310-5,37.5,Cel,2026-07-15T11:20:00-05:00
531,Escala de Glasgow,9269-2,15,{score},2026-07-15T11:20:00-05:00
532,Frecuencia cardiaca,8867-4,91,/min,2026-04-17T02:31:00-05:00
532,Presión arterial sistólica,8480-6,121,mm[Hg],2026-04-17T02:31:00-05:00
532,Presión arterial diastólica,8462-4,76,mm[Hg],2026-04-17T02:31:00-05:00
532,Frecuencia respiratoria,9279-1,18,/min,2026-04-17T02:31:00-05:00
532,Saturación de oxígeno,59408-5,97,%,2026-04-17T02:31:00-05:00
532,Temperatura corporal,8310-5,37.1,Cel,2026-04-17T02:31:00-05:00
532,Escala de Glasgow,9269-2,15,{score},2026-04-17T02:31:00-05:00
533,Frecuencia cardiaca,8867-4,129,/min,2026-04-20T05:42:00-05:00
533,Presión arterial sistólica,8480-6,87,mm[Hg],2026-04-20T05:42:00-05:00
533,Presión arterial diastólica,8462-4,72,mm[Hg],2026-04-20T05:42:00-05:00
533,Frecuencia respiratoria,9279-1,27,/min,2026-04-20T05:42:00-05:00
533,Saturación de oxígeno,59408-5,93,%,2026-04-20T05:42:00-05:00
533,Temperatura corporal,8310-5,38.1,Cel,2026-04-20T05:42:00-05:00
533,Escala de Glasgow,9269-2,11,{score},2026-04-20T05:42:00-05:00
534,Frecuencia cardiaca,8867-4,61,/min,2026-03-09T13:44:00-05:00
534,Presión arterial sistólica,8480-6,98,mm[Hg],2026-03-09T13:44:00-05:00
534,Presión arterial diastólica,8462-4,68,mm[Hg],2026-03-09T13:44:00-05:00
534,Frecuencia respiratoria,9279-1,22,/min,2026-03-09T13:44:00-05:00
534,Saturación de oxígeno,59408-5,93,%,2026-03-09T13:44:00-05:00
534,Temperatura corporal,8310-5,38.0,Cel,2026-03-09T13:44:00-05:00
534,Escala de Glasgow,9269-2,14,{score},2026-03-09T13:44:00-05:00
535,Frecuencia cardiaca,8867-4,117,/min,2026-05-12T10:52:00-05:00
535,Presión arterial sistólica,8480-6,114,mm[Hg],2026-05-12T10:52:00-05:00
535,Presión arterial diastólica,8462-4,77,mm[Hg],2026-05-12T10:52:00-05:00
535,Frecuencia respiratoria,9279-1,19,/min,2026-05-12T10:52:00-05:00
535,Saturación de oxígeno,59408-5,96,%,2026-05-12T10:52:00-05:00
535,Temperatura corporal,8310-5,37.3,Cel,2026-05-12T10:52:00-05:00
535,Escala de Glasgow,9269-2,14,{score},2026-05-12T10:52:00-05:00
536,Frecuencia cardiaca,8867-4,110,/min,2026-08-09T05:23:00-05:00
536,Presión arterial sistólica,8480-6,113,mm[Hg],2026-08-09T05:23:00-05:00
536,Presión arterial diastólica,8462-4,80,mm[Hg],2026-08-09T05:23:00-05:00
536,Frecuencia respiratoria,9279-1,21,/min,2026-08-09T05:23:00-05:00
536,Saturación de oxígeno,59408-5,92,%,2026-08-09T05:23:00-05:00
536,Temperatura corporal,8310-5,36.7,Cel,2026-08-09T05:23:00-05:00
536,Escala de Glasgow,9269-2,14,{score},2026-08-09T05:23:00-05:00
537,Frecuencia cardiaca,8867-4,99,/min,2026-03-04T03:13:00-05:00
537,Presión arterial sistólica,8480-6,121,mm[Hg],2026-03-04T03:13:00-05:00
537,Presión arterial diastólica,8462-4,60,mm[Hg],2026-03-04T03:13:00-05:00
537,Frecuencia respiratoria,9279-1,30,/min,2026-03-04T03:13:00-05:00
537,Saturación de oxígeno,59408-5,92,%,2026-03-04T03:13:00-05:00
537,Temperatura corporal,8310-5,37.6,Cel,2026-03-04T03:13:00-05:00
537,Escala de Glasgow,9269-2,10,{score},2026-03-04T03:13:00-05:00
538,Frecuencia cardiaca,8867-4,109,/min,2026-07-13T03:43:00-05:00
538,Presión arterial sistólica,8480-6,100,mm[Hg],2026-07-13T03:43:00-05:00
538,Presión arterial diastólica,8462-4,71,mm[Hg],2026-07-13T03:43:00-05:00
538,Frecuencia respiratoria,9279-1,21,/min,2026-07-13T03:43:00-05:00
538,Saturación de oxígeno,59408-5,85,%,2026-07-13T03:43:00-05:00
538,Temperatura corporal,8310-5,37.7,Cel,2026-07-13T03:43:00-05:00
538,Escala de Glasgow,9269-2,15,{score},2026-07-13T03:43:00-05:00
539,Frecuencia cardiaca,8867-4,109,/min,2026-07-04T13:56:00-05:00
539,Presión arterial sistólica,8480-6,89,mm[Hg],2026-07-04T13:56:00-05:00
539,Presión arterial diastólica,8462-4,74,mm[Hg],2026-07-04T13:56:00-05:00
539,Frecuencia respiratoria,9279-1,24,/min,2026-07-04T13:56:00-05:00
539,Saturación de oxígeno,59408-5,94,%,2026-07-04T13:56:00-05:00
539,Temperatura corporal,8310-5,37.5,Cel,2026-07-04T13:56:00-05:00
539,Escala de Glasgow,9269-2,14,{score},2026-07-04T13:56:00-05:00
540,Frecuencia cardiaca,8867-4,83,/min,2026-08-17T00:12:00-05:00
540,Presión arterial sistólica,8480-6,107,mm[Hg],2026-08-17T00:12:00-05:00
540,Presión arterial diastólica,8462-4,77,mm[Hg],2026-08-17T00:12:00-05:00
540,Frecuencia respiratoria,9279-1,19,/min,2026-08-17T00:12:00-05:00
540,Saturación de oxígeno,59408-5,95,%,2026-08-17T00:12:00-05:00
540,Temperatura corporal,8310-5,37.3,Cel,2026-08-17T00:12:00-05:00
540,Escala de Glasgow,9269-2,14,{score},2026-08-17T00:12:00-05:00
541,Frecuencia cardiaca,8867-4,75,/min,2026-03-01T12:57:00-05:00
541,Presión arterial sistólica,8480-6,132,mm[Hg],2026-03-01T12:57:00-05:00
541,Presión arterial diastólica,8462-4,88,mm[Hg],2026-03-01T12:57:00-05:00
541,Frecuencia respiratoria,9279-1,15,/min,2026-03-01T12:57:00-05:00
541,Saturación de oxígeno,59408-5,98,%,2026-03-01T12:57:00-05:00
541,Temperatura corporal,8310-5,37.0,Cel,2026-03-01T12:57:00-05:00
541,Escala de Glasgow,9269-2,14,{score},2026-03-01T12:57:00-05:00
542,Frecuencia cardiaca,8867-4,87,/min,2026-07-07T05:41:00-05:00
542,Presión arterial sistólica,8480-6,117,mm[Hg],2026-07-07T05:41:00-05:00
542,Presión arterial diastólica,8462-4,75,mm[Hg],2026-07-07T05:41:00-05:00
542,Frecuencia respiratoria,9279-1,28,/min,2026-07-07T05:41:00-05:00
542,Saturación de oxígeno,59408-5,91,%,2026-07-07T05:41:00-05:00
542,Temperatura corporal,8310-5,37.4,Cel,2026-07-07T05:41:00-05:00
542,Escala de Glasgow,9269-2,11,{score},2026-07-07T05:41:00-05:00
543,Frecuencia cardiaca,8867-4,92,/min,2026-07-27T04:42:00-05:00
543,Presión arterial sistólica,8480-6,104,mm[Hg],2026-07-27T04:42:00-05:00
543,Presión arterial diastólica,8462-4,65,mm[Hg],2026-07-27T04:42:00-05:00
543,Frecuencia respiratoria,9279-1,19,/min,2026-07-27T04:42:00-05:00
543,Saturación de oxígeno,59408-5,90,%,2026-07-27T04:42:00-05:00
543,Temperatura corporal,8310-5,37.0,Cel,2026-07-27T04:42:00-05:00
543,Escala de Glasgow,9269-2,13,{score},2026-07-27T04:42:00-05:00
544,Frecuencia cardiaca,8867-4,124,/min,2026-03-20T14:40:00-05:00
544,Presión arterial sistólica,8480-6,128,mm[Hg],2026-03-20T14:40:00-05:00
544,Presión arterial diastólica,8462-4,61,mm[Hg],2026-03-20T14:40:00-05:00
544,Frecuencia respiratoria,9279-1,18,/min,2026-03-20T14:40:00-05:00
544,Saturación de oxígeno,59408-5,88,%,2026-03-20T14:40:00-05:00
544,Temperatura corporal,8310-5,37.1,Cel,2026-03-20T14:40:00-05:00
544,Escala de Glasgow,9269-2,15,{score},2026-03-20T14:40:00-05:00
545,Frecuencia cardiaca,8867-4,104,/min,2026-03-07T07:47:00-05:00
545,Presión arterial sistólica,8480-6,94,mm[Hg],2026-03-07T07:47:00-05:00
545,Presión arterial diastólica,8462-4,78,mm[Hg],2026-03-07T07:47:00-05:00
545,Frecuencia respiratoria,9279-1,21,/min,2026-03-07T07:47:00-05:00
545,Saturación de oxígeno,59408-5,90,%,2026-03-07T07:47:00-05:00
545,Temperatura corporal,8310-5,38.0,Cel,2026-03-07T07:47:00-05:00
545,Escala de Glasgow,9269-2,11,{score},2026-03-07T07:47:00-05:00
546,Frecuencia cardiaca,8867-4,131,/min,2026-06-03T12:05:00-05:00
546,Presión arterial sistólica,8480-6,107,mm[Hg],2026-06-03T12:05:00-05:00
546,Presión arterial diastólica,8462-4,80,mm[Hg],2026-06-03T12:05:00-05:00
546,Frecuencia respiratoria,9279-1,23,/min,2026-06-03T12:05:00-05:00
546,Saturación de oxígeno,59408-5,88,%,2026-06-03T12:05:00-05:00
546,Temperatura corporal,8310-5,38.3,Cel,2026-06-03T12:05:00-05:00
546,Escala de Glasgow,9269-2,13,{score},2026-06-03T12:05:00-05:00
547,Frecuencia cardiaca,8867-4,111,/min,2026-06-11T01:16:00-05:00
547,Presión arterial sistólica,8480-6,121,mm[Hg],2026-06-11T01:16:00-05:00
547,Presión arterial diastólica,8462-4,81,mm[Hg],2026-06-11T01:16:00-05:00
547,Frecuencia respiratoria,9279-1,25,/min,2026-06-11T01:16:00-05:00
547,Saturación de oxígeno,59408-5,91,%,2026-06-11T01:16:00-05:00
547,Temperatura corporal,8310-5,37.6,Cel,2026-06-11T01:16:00-05:00
547,Escala de Glasgow,9269-2,13,{score},2026-06-11T01:16:00-05:00
548,Frecuencia cardiaca,8867-4,125,/min,2026-09-04T00:27:00-05:00
548,Presión arterial sistólica,8480-6,97,mm[Hg],2026-09-04T00:27:00-05:00
548,Presión arterial diastólica,8462-4,78,mm[Hg],2026-09-04T00:27:00-05:00
548,Frecuencia respiratoria,9279-1,22,/min,2026-09-04T00:27:00-05:00
548,Saturación de oxígeno,59408-5,88,%,2026-09-04T00:27:00-05:00
548,Temperatura corporal,8310-5,37.6,Cel,2026-09-04T00:27:00-05:00
548,Escala de Glasgow,9269-2,14,{score},2026-09-04T00:27:00-05:00
549,Frecuencia cardiaca,8867-4,113,/min,2026-08-14T13:09:00-05:00
549,Presión arterial sistólica,8480-6,136,mm[Hg],2026-08-14T13:09:00-05:00
549,Presión arterial diastólica,8462-4,81,mm[Hg],2026-08-14T13:09:00-05:00
549,Frecuencia respiratoria,9279-1,24,/min,2026-08-14T13:09:00-05:00
549,Saturación de oxígeno,59408-5,95,%,2026-08-14T13:09:00-05:00
549,Temperatura corporal,8310-5,37.8,Cel,2026-08-14T13:09:00-05:00
549,Escala de Glasgow,9269-2,14,{score},2026-08-14T13:09:00-05:00
550,Frecuencia cardiaca,8867-4,123,/min,2026-07-02T09:51:00-05:00
550,Presión arterial sistólica,8480-6,107,mm[Hg],2026-07-02T09:51:00-05:00
550,Presión arterial diastólica,8462-4,63,mm[Hg],2026-07-02T09:51:00-05:00
550,Frecuencia respiratoria,9279-1,17,/min,2026-07-02T09:51:00-05:00
550,Saturación de oxígeno,59408-5,92,%,2026-07-02T09:51:00-05:00
550,Temperatura corporal,8310-5,38.6,Cel,2026-07-02T09:51:00-05:00
550,Escala de Glasgow,9269-2,11,{score},2026-07-02T09:51:00-05:00
551,Frecuencia cardiaca,8867-4,117,/min,2026-06-08T07:26:00-05:00
551,Presión arterial sistólica,8480-6,131,mm[Hg],2026-06-08T07:26:00-05:00
551,Presión arterial diastólica,8462-4,77,mm[Hg],2026-06-08T07:26:00-05:00
551,Frecuencia respiratoria,9279-1,28,/min,2026-06-08T07:26:00-05:00
551,Saturación de oxígeno,59408-5,91,%,2026-06-08T07:26:00-05:00
551,Temperatura corporal,8310-5,36.3,Cel,2026-06-08T07:26:00-05:00
551,Escala de Glasgow,9269-2,14,{score},2026-06-08T07:26:00-05:00
552,Frecuencia cardiaca,8867-4,108,/min,2026-08-03T07:26:00-05:00
552,Presión arterial sistólica,8480-6,94,mm[Hg],2026-08-03T07:26:00-05:00
552,Presión arterial diastólica,8462-4,79,mm[Hg],2026-08-03T07:26:00-05:00
552,Frecuencia respiratoria,9279-1,20,/min,2026-08-03T07:26:00-05:00
552,Saturación de oxígeno,59408-5,92,%,2026-08-03T07:26:00-05:00
552,Temperatura corporal,8310-5,38.3,Cel,2026-08-03T07:26:00-05:00
552,Escala de Glasgow,9269-2,14,{score},2026-08-03T07:26:00-05:00
553,Frecuencia cardiaca,8867-4,112,/min,2026-05-18T02:04:00-05:00
553,Presión arterial sistólica,8480-6,105,mm[Hg],2026-05-18T02:04:00-05:00
553,Presión arterial diastólica,8462-4,74,mm[Hg],2026-05-18T02:04:00-05:00
553,Frecuencia respiratoria,9279-1,20,/min,2026-05-18T02:04:00-05:00
553,Saturación de oxígeno,59408-5,87,%,2026-05-18T02:04:00-05:00
553,Temperatura corporal,8310-5,37.4,Cel,2026-05-18T02:04:00-05:00
553,Escala de Glasgow,9269-2,15,{score},2026-05-18T02:04:00-05:00
554,Frecuencia cardiaca,8867-4,63,/min,2026-09-11T15:18:00-05:00
554,Presión arterial sistólica,8480-6,122,mm[Hg],2026-09-11T15:18:00-05:00
554,Presión arterial diastólica,8462-4,75,mm[Hg],2026-09-11T15:18:00-05:00
554,Frecuencia respiratoria,9279-1,15,/min,2026-09-11T15:18:00-05:00
554,Saturación de oxígeno,59408-5,97,%,2026-09-11T15:18:00-05:00
554,Temperatura corporal,8310-5,36.3,Cel,2026-09-11T15:18:00-05:00
554,Escala de Glasgow,9269-2,15,{score},2026-09-11T15:18:00-05:00
555,Frecuencia cardiaca,8867-4,93,/min,2026-08-17T20:33:00-05:00
555,Presión arterial sistólica,8480-6,115,mm[Hg],2026-08-17T20:33:00-05:00
555,Presión arterial diastólica,8462-4,83,mm[Hg],2026-08-17T20:33:00-05:00
555,Frecuencia respiratoria,9279-1,22,/min,2026-08-17T20:33:00-05:00
555,Saturación de oxígeno,59408-5,91,%,2026-08-17T20:33:00-05:00
555,Temperatura corporal,8310-5,39.3,Cel,2026-08-17T20:33:00-05:00
555,Escala de Glasgow,9269-2,14,{score},2026-08-17T20:33:00-05:00
556,Frecuencia cardiaca,8867-4,101,/min,2026-08-17T05:29:00-05:00
556,Presión arterial sistólica,8480-6,60,mm[Hg],2026-08-17T05:29:00-05:00
556,Presión arterial diastólica,8462-4,45,mm[Hg],2026-08-17T05:29:00-05:00
556,Frecuencia respiratoria,9279-1,26,/min,2026-08-17T05:29:00-05:00
556,Saturación de oxígeno,59408-5,88,%,2026-08-17T05:29:00-05:00
556,Temperatura corporal,8310-5,36.6,Cel,2026-08-17T05:29:00-05:00
556,Escala de Glasgow,9269-2,11,{score},2026-08-17T05:29:00-05:00
557,Frecuencia cardiaca,8867-4,73,/min,2026-05-03T15:34:00-05:00
557,Presión arterial sistólica,8480-6,91,mm[Hg],2026-05-03T15:34:00-05:00
557,Presión arterial diastólica,8462-4,76,mm[Hg],2026-05-03T15:34:00-05:00
557,Frecuencia respiratoria,9279-1,12,/min,2026-05-03T15:34:00-05:00
557,Saturación de oxígeno,59408-5,99,%,2026-05-03T15:34:00-05:00
557,Temperatura corporal,8310-5,36.7,Cel,2026-05-03T15:34:00-05:00
557,Escala de Glasgow,9269-2,15,{score},2026-05-03T15:34:00-05:00
558,Frecuencia cardiaca,8867-4,102,/min,2026-03-23T19:18:00-05:00
558,Presión arterial sistólica,8480-6,110,mm[Hg],2026-03-23T19:18:00-05:00
558,Presión arterial diastólica,8462-4,74,mm[Hg],2026-03-23T19:18:00-05:00
558,Frecuencia respiratoria,9279-1,25,/min,2026-03-23T19:18:00-05:00
558,Saturación de oxígeno,59408-5,89,%,2026-03-23T19:18:00-05:00
558,Temperatura corporal,8310-5,37.1,Cel,2026-03-23T19:18:00-05:00
558,Escala de Glasgow,9269-2,13,{score},2026-03-23T19:18:00-05:00
559,Frecuencia cardiaca,8867-4,93,/min,2026-05-09T03:59:00-05:00
559,Presión arterial sistólica,8480-6,98,mm[Hg],2026-05-09T03:59:00-05:00
559,Presión arterial diastólica,8462-4,77,mm[Hg],2026-05-09T03:59:00-05:00
559,Frecuencia respiratoria,9279-1,30,/min,2026-05-09T03:59:00-05:00
559,Saturación de oxígeno,59408-5,86,%,2026-05-09T03:59:00-05:00
559,Temperatura corporal,8310-5,38.3,Cel,2026-05-09T03:59:00-05:00
559,Escala de Glasgow,9269-2,15,{score},2026-05-09T03:59:00-05:00
560,Frecuencia cardiaca,8867-4,103,/min,2026-04-10T13:11:00-05:00
560,Presión arterial sistólica,8480-6,97,mm[Hg],2026-04-10T13:11:00-05:00
560,Presión arterial diastólica,8462-4,75,mm[Hg],2026-04-10T13:11:00-05:00
560,Frecuencia respiratoria,9279-1,23,/min,2026-04-10T13:11:00-05:00
560,Saturación de oxígeno,59408-5,86,%,2026-04-10T13:11:00-05:00
560,Temperatura corporal,8310-5,37.8,Cel,2026-04-10T13:11:00-05:00
560,Escala de Glasgow,9269-2,12,{score},2026-04-10T13:11:00-05:00
561,Frecuencia cardiaca,8867-4,104,/min,2026-07-17T10:23:00-05:00
561,Presión arterial sistólica,8480-6,111,mm[Hg],2026-07-17T10:23:00-05:00
561,Presión arterial diastólica,8462-4,66,mm[Hg],2026-07-17T10:23:00-05:00
561,Frecuencia respiratoria,9279-1,22,/min,2026-07-17T10:23:00-05:00
561,Saturación de oxígeno,59408-5,86,%,2026-07-17T10:23:00-05:00
561,Temperatura corporal,8310-5,38.1,Cel,2026-07-17T10:23:00-05:00
561,Escala de Glasgow,9269-2,15,{score},2026-07-17T10:23:00-05:00
562,Frecuencia cardiaca,8867-4,106,/min,2026-09-09T14:57:00-05:00
562,Presión arterial sistólica,8480-6,139,mm[Hg],2026-09-09T14:57:00-05:00
562,Presión arterial diastólica,8462-4,72,mm[Hg],2026-09-09T14:57:00-05:00
562,Frecuencia respiratoria,9279-1,18,/min,2026-09-09T14:57:00-05:00
562,Saturación de oxígeno,59408-5,97,%,2026-09-09T14:57:00-05:00
562,Temperatura corporal,8310-5,36.7,Cel,2026-09-09T14:57:00-05:00
562,Escala de Glasgow,9269-2,15,{score},2026-09-09T14:57:00-05:00
563,Frecuencia cardiaca,8867-4,112,/min,2026-05-27T00:02:00-05:00
563,Presión arterial sistólica,8480-6,114,mm[Hg],2026-05-27T00:02:00-05:00
563,Presión arterial diastólica,8462-4,73,mm[Hg],2026-05-27T00:02:00-05:00
563,Frecuencia respiratoria,9279-1,21,/min,2026-05-27T00:02:00-05:00
563,Saturación de oxígeno,59408-5,86,%,2026-05-27T00:02:00-05:00
563,Temperatura corporal,8310-5,38.0,Cel,2026-05-27T00:02:00-05:00
563,Escala de Glasgow,9269-2,10,{score},2026-05-27T00:02:00-05:00
564,Frecuencia cardiaca,8867-4,92,/min,2026-06-24T06:36:00-05:00
564,Presión arterial sistólica,8480-6,133,mm[Hg],2026-06-24T06:36:00-05:00
564,Presión arterial diastólica,8462-4,67,mm[Hg],2026-06-24T06:36:00-05:00
564,Frecuencia respiratoria,9279-1,21,/min,2026-06-24T06:36:00-05:00
564,Saturación de oxígeno,59408-5,93,%,2026-06-24T06:36:00-05:00
564,Temperatura corporal,8310-5,37.0,Cel,2026-06-24T06:36:00-05:00
564,Escala de Glasgow,9269-2,14,{score},2026-06-24T06:36:00-05:00
565,Frecuencia cardiaca,8867-4,92,/min,2026-03-11T00:59:00-05:00
565,Presión arterial sistólica,8480-6,132,mm[Hg],2026-03-11T00:59:00-05:00
565,Presión arterial diastólica,8462-4,74,mm[Hg],2026-03-11T00:59:00-05:00
565,Frecuencia respiratoria,9279-1,22,/min,2026-03-11T00:59:00-05:00
565,Saturación de oxígeno,59408-5,93,%,2026-03-11T00:59:00-05:00
565,Temperatura corporal,8310-5,38.5,Cel,2026-03-11T00:59:00-05:00
565,Escala de Glasgow,9269-2,15,{score},2026-03-11T00:59:00-05:00
566,Frecuencia cardiaca,8867-4,112,/min,2026-07-11T11:00:00-05:00
566,Presión arterial sistólica,8480-6,109,mm[Hg],2026-07-11T11:00:00-05:00
566,Presión arterial diastólica,8462-4,62,mm[Hg],2026-07-11T11:00:00-05:00
566,Frecuencia respiratoria,9279-1,20,/min,2026-07-11T11:00:00-05:00
566,Saturación de oxígeno,59408-5,90,%,2026-07-11T11:00:00-05:00
566,Temperatura corporal,8310-5,37.8,Cel,2026-07-11T11:00:00-05:00
566,Escala de Glasgow,9269-2,14,{score},2026-07-11T11:00:00-05:00
567,Frecuencia cardiaca,8867-4,154,/min,2026-07-15T14:54:00-05:00
567,Presión arterial sistólica,8480-6,110,mm[Hg],2026-07-15T14:54:00-05:00
567,Presión arterial diastólica,8462-4,43,mm[Hg],2026-07-15T14:54:00-05:00
567,Frecuencia respiratoria,9279-1,26,/min,2026-07-15T14:54:00-05:00
567,Saturación de oxígeno,59408-5,86,%,2026-07-15T14:54:00-05:00
567,Temperatura corporal,8310-5,39.1,Cel,2026-07-15T14:54:00-05:00
567,Escala de Glasgow,9269-2,8,{score},2026-07-15T14:54:00-05:00
568,Frecuencia cardiaca,8867-4,98,/min,2026-06-30T04:45:00-05:00
568,Presión arterial sistólica,8480-6,104,mm[Hg],2026-06-30T04:45:00-05:00
568,Presión arterial diastólica,8462-4,72,mm[Hg],2026-06-30T04:45:00-05:00
568,Frecuencia respiratoria,9279-1,28,/min,2026-06-30T04:45:00-05:00
568,Saturación de oxígeno,59408-5,91,%,2026-06-30T04:45:00-05:00
568,Temperatura corporal,8310-5,37.9,Cel,2026-06-30T04:45:00-05:00
568,Escala de Glasgow,9269-2,15,{score},2026-06-30T04:45:00-05:00
569,Frecuencia cardiaca,8867-4,80,/min,2026-05-04T10:57:00-05:00
569,Presión arterial sistólica,8480-6,123,mm[Hg],2026-05-04T10:57:00-05:00
569,Presión arterial diastólica,8462-4,70,mm[Hg],2026-05-04T10:57:00-05:00
569,Frecuencia respiratoria,9279-1,16,/min,2026-05-04T10:57:00-05:00
569,Saturación de oxígeno,59408-5,96,%,2026-05-04T10:57:00-05:00
569,Temperatura corporal,8310-5,37.2,Cel,2026-05-04T10:57:00-05:00
569,Escala de Glasgow,9269-2,15,{score},2026-05-04T10:57:00-05:00
570,Frecuencia cardiaca,8867-4,117,/min,2026-09-11T01:14:00-05:00
570,Presión arterial sistólica,8480-6,119,mm[Hg],2026-09-11T01:14:00-05:00
570,Presión arterial diastólica,8462-4,49,mm[Hg],2026-09-11T01:14:00-05:00
570,Frecuencia respiratoria,9279-1,23,/min,2026-09-11T01:14:00-05:00
570,Saturación de oxígeno,59408-5,96,%,2026-09-11T01:14:00-05:00
570,Temperatura corporal,8310-5,38.3,Cel,2026-09-11T01:14:00-05:00
570,Escala de Glasgow,9269-2,13,{score},2026-09-11T01:14:00-05:00
571,Frecuencia cardiaca,8867-4,103,/min,2026-06-09T01:01:00-05:00
571,Presión arterial sistólica,8480-6,119,mm[Hg],2026-06-09T01:01:00-05:00
571,Presión arterial diastólica,8462-4,69,mm[Hg],2026-06-09T01:01:00-05:00
571,Frecuencia respiratoria,9279-1,22,/min,2026-06-09T01:01:00-05:00
571,Saturación de oxígeno,59408-5,100,%,2026-06-09T01:01:00-05:00
571,Temperatura corporal,8310-5,36.8,Cel,2026-06-09T01:01:00-05:00
571,Escala de Glasgow,9269-2,15,{score},2026-06-09T01:01:00-05:00
572,Frecuencia cardiaca,8867-4,66,/min,2026-09-19T00:00:00-05:00
572,Presión arterial sistólica,8480-6,128,mm[Hg],2026-09-19T00:00:00-05:00
572,Presión arterial diastólica,8462-4,74,mm[Hg],2026-09-19T00:00:00-05:00
572,Frecuencia respiratoria,9279-1,23,/min,2026-09-19T00:00:00-05:00
572,Saturación de oxígeno,59408-5,88,%,2026-09-19T00:00:00-05:00
572,Temperatura corporal,8310-5,37.8,Cel,2026-09-19T00:00:00-05:00
572,Escala de Glasgow,9269-2,12,{score},2026-09-19T00:00:00-05:00
573,Frecuencia cardiaca,8867-4,112,/min,2026-03-31T02:46:00-05:00
573,Presión arterial sistólica,8480-6,106,mm[Hg],2026-03-31T02:46:00-05:00
573,Presión arterial diastólica,8462-4,47,mm[Hg],2026-03-31T02:46:00-05:00
573,Frecuencia respiratoria,9279-1,19,/min,2026-03-31T02:46:00-05:00
573,Saturación de oxígeno,59408-5,92,%,2026-03-31T02:46:00-05:00
573,Temperatura corporal,8310-5,36.7,Cel,2026-03-31T02:46:00-05:00
573,Escala de Glasgow,9269-2,13,{score},2026-03-31T02:46:00-05:00
574,Frecuencia cardiaca,8867-4,143,/min,2026-06-06T14:18:00-05:00
574,Presión arterial sistólica,8480-6,89,mm[Hg],2026-06-06T14:18:00-05:00
574,Presión arterial diastólica,8462-4,52,mm[Hg],2026-06-06T14:18:00-05:00
574,Frecuencia respiratoria,9279-1,23,/min,2026-06-06T14:18:00-05:00
574,Saturación de oxígeno,59408-5,86,%,2026-06-06T14:18:00-05:00
574,Temperatura corporal,8310-5,37.2,Cel,2026-06-06T14:18:00-05:00
574,Escala de Glasgow,9269-2,10,{score},2026-06-06T14:18:00-05:00
575,Frecuencia cardiaca,8867-4,97,/min,2026-08-04T11:34:00-05:00
575,Presión arterial sistólica,8480-6,89,mm[Hg],2026-08-04T11:34:00-05:00
575,Presión arterial diastólica,8462-4,48,mm[Hg],2026-08-04T11:34:00-05:00
575,Frecuencia respiratoria,9279-1,29,/min,2026-08-04T11:34:00-05:00
575,Saturación de oxígeno,59408-5,84,%,2026-08-04T11:34:00-05:00
575,Temperatura corporal,8310-5,39.6,Cel,2026-08-04T11:34:00-05:00
575,Escala de Glasgow,9269-2,10,{score},2026-08-04T11:34:00-05:00
576,Frecuencia cardiaca,8867-4,120,/min,2026-04-02T02:46:00-05:00
576,Presión arterial sistólica,8480-6,83,mm[Hg],2026-04-02T02:46:00-05:00
576,Presión arterial diastólica,8462-4,68,mm[Hg],2026-04-02T02:46:00-05:00
576,Frecuencia respiratoria,9279-1,30,/min,2026-04-02T02:46:00-05:00
576,Saturación de oxígeno,59408-5,91,%,2026-04-02T02:46:00-05:00
576,Temperatura corporal,8310-5,38.1,Cel,2026-04-02T02:46:00-05:00
576,Escala de Glasgow,9269-2,13,{score},2026-04-02T02:46:00-05:00
577,Frecuencia cardiaca,8867-4,106,/min,2026-07-31T02:16:00-05:00
577,Presión arterial sistólica,8480-6,102,mm[Hg],2026-07-31T02:16:00-05:00
577,Presión arterial diastólica,8462-4,74,mm[Hg],2026-07-31T02:16:00-05:00
577,Frecuencia respiratoria,9279-1,23,/min,2026-07-31T02:16:00-05:00
577,Saturación de oxígeno,59408-5,90,%,2026-07-31T02:16:00-05:00
577,Temperatura corporal,8310-5,36.9,Cel,2026-07-31T02:16:00-05:00
577,Escala de Glasgow,9269-2,13,{score},2026-07-31T02:16:00-05:00
578,Frecuencia cardiaca,8867-4,123,/min,2026-05-24T15:06:00-05:00
578,Presión arterial sistólica,8480-6,96,mm[Hg],2026-05-24T15:06:00-05:00
578,Presión arterial diastólica,8462-4,62,mm[Hg],2026-05-24T15:06:00-05:00
578,Frecuencia respiratoria,9279-1,25,/min,2026-05-24T15:06:00-05:00
578,Saturación de oxígeno,59408-5,82,%,2026-05-24T15:06:00-05:00
578,Temperatura corporal,8310-5,37.8,Cel,2026-05-24T15:06:00-05:00
578,Escala de Glasgow,9269-2,5,{score},2026-05-24T15:06:00-05:00
579,Frecuencia cardiaca,8867-4,96,/min,2026-07-03T16:57:00-05:00
579,Presión arterial sistólica,8480-6,91,mm[Hg],2026-07-03T16:57:00-05:00
579,Presión arterial diastólica,8462-4,64,mm[Hg],2026-07-03T16:57:00-05:00
579,Frecuencia respiratoria,9279-1,26,/min,2026-07-03T16:57:00-05:00
579,Saturación de oxígeno,59408-5,90,%,2026-07-03T16:57:00-05:00
579,Temperatura corporal,8310-5,37.8,Cel,2026-07-03T16:57:00-05:00
579,Escala de Glasgow,9269-2,14,{score},2026-07-03T16:57:00-05:00
580,Frecuencia cardiaca,8867-4,94,/min,2026-03-30T17:35:00-05:00
580,Presión arterial sistólica,8480-6,84,mm[Hg],2026-03-30T17:35:00-05:00
580,Presión arterial diastólica,8462-4,69,mm[Hg],2026-03-30T17:35:00-05:00
580,Frecuencia respiratoria,9279-1,25,/min,2026-03-30T17:35:00-05:00
580,Saturación de oxígeno,59408-5,94,%,2026-03-30T17:35:00-05:00
580,Temperatura corporal,8310-5,37.8,Cel,2026-03-30T17:35:00-05:00
580,Escala de Glasgow,9269-2,11,{score},2026-03-30T17:35:00-05:00
581,Frecuencia cardiaca,8867-4,99,/min,2026-03-06T04:16:00-05:00
581,Presión arterial sistólica,8480-6,141,mm[Hg],2026-03-06T04:16:00-05:00
581,Presión arterial diastólica,8462-4,80,mm[Hg],2026-03-06T04:16:00-05:00
581,Frecuencia respiratoria,9279-1,14,/min,2026-03-06T04:16:00-05:00
581,Saturación de oxígeno,59408-5,91,%,2026-03-06T04:16:00-05:00
581,Temperatura corporal,8310-5,38.0,Cel,2026-03-06T04:16:00-05:00
581,Escala de Glasgow,9269-2,15,{score},2026-03-06T04:16:00-05:00
582,Frecuencia cardiaca,8867-4,89,/min,2026-07-11T02:35:00-05:00
582,Presión arterial sistólica,8480-6,111,mm[Hg],2026-07-11T02:35:00-05:00
582,Presión arterial diastólica,8462-4,63,mm[Hg],2026-07-11T02:35:00-05:00
582,Frecuencia respiratoria,9279-1,22,/min,2026-07-11T02:35:00-05:00
582,Saturación de oxígeno,59408-5,96,%,2026-07-11T02:35:00-05:00
582,Temperatura corporal,8310-5,38.1,Cel,2026-07-11T02:35:00-05:00
582,Escala de Glasgow,9269-2,14,{score},2026-07-11T02:35:00-05:00
583,Frecuencia cardiaca,8867-4,103,/min,2026-03-19T09:51:00-05:00
583,Presión arterial sistólica,8480-6,127,mm[Hg],2026-03-19T09:51:00-05:00
583,Presión arterial diastólica,8462-4,84,mm[Hg],2026-03-19T09:51:00-05:00
583,Frecuencia respiratoria,9279-1,14,/min,2026-03-19T09:51:00-05:00
583,Saturación de oxígeno,59408-5,94,%,2026-03-19T09:51:00-05:00
583,Temperatura corporal,8310-5,37.6,Cel,2026-03-19T09:51:00-05:00
583,Escala de Glasgow,9269-2,15,{score},2026-03-19T09:51:00-05:00
584,Frecuencia cardiaca,8867-4,113,/min,2026-07-24T17:36:00-05:00
584,Presión arterial sistólica,8480-6,94,mm[Hg],2026-07-24T17:36:00-05:00
584,Presión arterial diastólica,8462-4,62,mm[Hg],2026-07-24T17:36:00-05:00
584,Frecuencia respiratoria,9279-1,27,/min,2026-07-24T17:36:00-05:00
584,Saturación de oxígeno,59408-5,96,%,2026-07-24T17:36:00-05:00
584,Temperatura corporal,8310-5,38.1,Cel,2026-07-24T17:36:00-05:00
584,Escala de Glasgow,9269-2,9,{score},2026-07-24T17:36:00-05:00
585,Frecuencia cardiaca,8867-4,126,/min,2026-07-14T14:18:00-05:00
585,Presión arterial sistólica,8480-6,119,mm[Hg],2026-07-14T14:18:00-05:00
585,Presión arterial diastólica,8462-4,86,mm[Hg],2026-07-14T14:18:00-05:00
585,Frecuencia respiratoria,9279-1,19,/min,2026-07-14T14:18:00-05:00
585,Saturación de oxígeno,59408-5,97,%,2026-07-14T14:18:00-05:00
585,Temperatura corporal,8310-5,36.7,Cel,2026-07-14T14:18:00-05:00
585,Escala de Glasgow,9269-2,15,{score},2026-07-14T14:18:00-05:00
586,Frecuencia cardiaca,8867-4,91,/min,2026-05-16T13:10:00-05:00
586,Presión arterial sistólica,8480-6,120,mm[Hg],2026-05-16T13:10:00-05:00
586,Presión arterial diastólica,8462-4,82,mm[Hg],2026-05-16T13:10:00-05:00
586,Frecuencia respiratoria,9279-1,18,/min,2026-05-16T13:10:00-05:00
586,Saturación de oxígeno,59408-5,92,%,2026-05-16T13:10:00-05:00
586,Temperatura corporal,8310-5,36.5,Cel,2026-05-16T13:10:00-05:00
586,Escala de Glasgow,9269-2,14,{score},2026-05-16T13:10:00-05:00
587,Frecuencia cardiaca,8867-4,87,/min,2026-04-05T07:50:00-05:00
587,Presión arterial sistólica,8480-6,126,mm[Hg],2026-04-05T07:50:00-05:00
587,Presión arterial diastólica,8462-4,69,mm[Hg],2026-04-05T07:50:00-05:00
587,Frecuencia respiratoria,9279-1,18,/min,2026-04-05T07:50:00-05:00
587,Saturación de oxígeno,59408-5,98,%,2026-04-05T07:50:00-05:00
587,Temperatura corporal,8310-5,37.1,Cel,2026-04-05T07:50:00-05:00
587,Escala de Glasgow,9269-2,14,{score},2026-04-05T07:50:00-05:00
588,Frecuencia cardiaca,8867-4,123,/min,2026-09-03T01:51:00-05:00
588,Presión arterial sistólica,8480-6,98,mm[Hg],2026-09-03T01:51:00-05:00
588,Presión arterial diastólica,8462-4,78,mm[Hg],2026-09-03T01:51:00-05:00
588,Frecuencia respiratoria,9279-1,23,/min,2026-09-03T01:51:00-05:00
588,Saturación de oxígeno,59408-5,90,%,2026-09-03T01:51:00-05:00
588,Temperatura corporal,8310-5,37.2,Cel,2026-09-03T01:51:00-05:00
588,Escala de Glasgow,9269-2,11,{score},2026-09-03T01:51:00-05:00
589,Frecuencia cardiaca,8867-4,86,/min,2026-03-26T11:56:00-05:00
589,Presión arterial sistólica,8480-6,104,mm[Hg],2026-03-26T11:56:00-05:00
589,Presión arterial diastólica,8462-4,52,mm[Hg],2026-03-26T11:56:00-05:00
589,Frecuencia respiratoria,9279-1,26,/min,2026-03-26T11:56:00-05:00
589,Saturación de oxígeno,59408-5,91,%,2026-03-26T11:56:00-05:00
589,Temperatura corporal,8310-5,37.8,Cel,2026-03-26T11:56:00-05:00
589,Escala de Glasgow,9269-2,15,{score},2026-03-26T11:56:00-05:00
590,Frecuencia cardiaca,8867-4,92,/min,2026-09-04T03:25:00-05:00
590,Presión arterial sistólica,8480-6,100,mm[Hg],2026-09-04T03:25:00-05:00
590,Presión arterial diastólica,8462-4,52,mm[Hg],2026-09-04T03:25:00-05:00
590,Frecuencia respiratoria,9279-1,22,/min,2026-09-04T03:25:00-05:00
590,Saturación de oxígeno,59408-5,91,%,2026-09-04T03:25:00-05:00
590,Temperatura corporal,8310-5,37.5,Cel,2026-09-04T03:25:00-05:00
590,Escala de Glasgow,9269-2,12,{score},2026-09-04T03:25:00-05:00
591,Frecuencia cardiaca,8867-4,115,/min,2026-08-23T05:46:00-05:00
591,Presión arterial sistólica,8480-6,125,mm[Hg],2026-08-23T05:46:00-05:00
591,Presión arterial diastólica,8462-4,63,mm[Hg],2026-08-23T05:46:00-05:00
591,Frecuencia respiratoria,9279-1,27,/min,2026-08-23T05:46:00-05:00
591,Saturación de oxígeno,59408-5,91,%,2026-08-23T05:46:00-05:00
591,Temperatura corporal,8310-5,38.6,Cel,2026-08-23T05:46:00-05:00
591,Escala de Glasgow,9269-2,11,{score},2026-08-23T05:46:00-05:00
592,Frecuencia cardiaca,8867-4,127,/min,2026-06-15T05:31:00-05:00
592,Presión arterial sistólica,8480-6,140,mm[Hg],2026-06-15T05:31:00-05:00
592,Presión arterial diastólica,8462-4,77,mm[Hg],2026-06-15T05:31:00-05:00
592,Frecuencia respiratoria,9279-1,25,/min,2026-06-15T05:31:00-05:00
592,Saturación de oxígeno,59408-5,94,%,2026-06-15T05:31:00-05:00
592,Temperatura corporal,8310-5,37.3,Cel,2026-06-15T05:31:00-05:00
592,Escala de Glasgow,9269-2,13,{score},2026-06-15T05:31:00-05:00
593,Frecuencia cardiaca,8867-4,116,/min,2026-03-28T09:51:00-05:00
593,Presión arterial sistólica,8480-6,128,mm[Hg],2026-03-28T09:51:00-05:00
593,Presión arterial diastólica,8462-4,70,mm[Hg],2026-03-28T09:51:00-05:00
593,Frecuencia respiratoria,9279-1,22,/min,2026-03-28T09:51:00-05:00
593,Saturación de oxígeno,59408-5,91,%,2026-03-28T09:51:00-05:00
593,Temperatura corporal,8310-5,37.5,Cel,2026-03-28T09:51:00-05:00
593,Escala de Glasgow,9269-2,13,{score},2026-03-28T09:51:00-05:00
594,Frecuencia cardiaca,8867-4,112,/min,2026-06-14T14:37:00-05:00
594,Presión arterial sistólica,8480-6,111,mm[Hg],2026-06-14T14:37:00-05:00
594,Presión arterial diastólica,8462-4,71,mm[Hg],2026-06-14T14:37:00-05:00
594,Frecuencia respiratoria,9279-1,22,/min,2026-06-14T14:37:00-05:00
594,Saturación de oxígeno,59408-5,88,%,2026-06-14T14:37:00-05:00
594,Temperatura corporal,8310-5,37.3,Cel,2026-06-14T14:37:00-05:00
594,Escala de Glasgow,9269-2,11,{score},2026-06-14T14:37:00-05:00
595,Frecuencia cardiaca,8867-4,106,/min,2026-06-08T13:06:00-05:00
595,Presión arterial sistólica,8480-6,95,mm[Hg],2026-06-08T13:06:00-05:00
595,Presión arterial diastólica,8462-4,67,mm[Hg],2026-06-08T13:06:00-05:00
595,Frecuencia respiratoria,9279-1,24,/min,2026-06-08T13:06:00-05:00
595,Saturación de oxígeno,59408-5,82,%,2026-06-08T13:06:00-05:00
595,Temperatura corporal,8310-5,38.5,Cel,2026-06-08T13:06:00-05:00
595,Escala de Glasgow,9269-2,14,{score},2026-06-08T13:06:00-05:00
596,Frecuencia cardiaca,8867-4,85,/min,2026-06-28T04:48:00-05:00
596,Presión arterial sistólica,8480-6,140,mm[Hg],2026-06-28T04:48:00-05:00
596,Presión arterial diastólica,8462-4,69,mm[Hg],2026-06-28T04:48:00-05:00
596,Frecuencia respiratoria,9279-1,20,/min,2026-06-28T04:48:00-05:00
596,Saturación de oxígeno,59408-5,96,%,2026-06-28T04:48:00-05:00
596,Temperatura corporal,8310-5,36.4,Cel,2026-06-28T04:48:00-05:00
596,Escala de Glasgow,9269-2,15,{score},2026-06-28T04:48:00-05:00
597,Frecuencia cardiaca,8867-4,107,/min,2026-05-14T04:27:00-05:00
597,Presión arterial sistólica,8480-6,95,mm[Hg],2026-05-14T04:27:00-05:00
597,Presión arterial diastólica,8462-4,68,mm[Hg],2026-05-14T04:27:00-05:00
597,Frecuencia respiratoria,9279-1,22,/min,2026-05-14T04:27:00-05:00
597,Saturación de oxígeno,59408-5,90,%,2026-05-14T04:27:00-05:00
597,Temperatura corporal,8310-5,36.7,Cel,2026-05-14T04:27:00-05:00
597,Escala de Glasgow,9269-2,13,{score},2026-05-14T04:27:00-05:00
598,Frecuencia cardiaca,8867-4,98,/min,2026-08-13T11:26:00-05:00
598,Presión arterial sistólica,8480-6,109,mm[Hg],2026-08-13T11:26:00-05:00
598,Presión arterial diastólica,8462-4,65,mm[Hg],2026-08-13T11:26:00-05:00
598,Frecuencia respiratoria,9279-1,19,/min,2026-08-13T11:26:00-05:00
598,Saturación de oxígeno,59408-5,92,%,2026-08-13T11:26:00-05:00
598,Temperatura corporal,8310-5,38.1,Cel,2026-08-13T11:26:00-05:00
598,Escala de Glasgow,9269-2,15,{score},2026-08-13T11:26:00-05:00
599,Frecuencia cardiaca,8867-4,117,/min,2026-09-13T05:36:00-05:00
599,Presión arterial sistólica,8480-6,83,mm[Hg],2026-09-13T05:36:00-05:00
599,Presión arterial diastólica,8462-4,67,mm[Hg],2026-09-13T05:36:00-05:00
599,Frecuencia respiratoria,9279-1,26,/min,2026-09-13T05:36:00-05:00
599,Saturación de oxígeno,59408-5,96,%,2026-09-13T05:36:00-05:00
599,Temperatura corporal,8310-5,37.2,Cel,2026-09-13T05:36:00-05:00
599,Escala de Glasgow,9269-2,15,{score},2026-09-13T05:36:00-05:00
600,Frecuencia cardiaca,8867-4,85,/min,2026-09-01T08:03:00-05:00
600,Presión arterial sistólica,8480-6,146,mm[Hg],2026-09-01T08:03:00-05:00
600,Presión arterial diastólica,8462-4,76,mm[Hg],2026-09-01T08:03:00-05:00
600,Frecuencia respiratoria,9279-1,16,/min,2026-09-01T08:03:00-05:00
600,Saturación de oxígeno,59408-5,96,%,2026-09-01T08:03:00-05:00
600,Temperatura corporal,8310-5,37.4,Cel,2026-09-01T08:03:00-05:00
600,Escala de Glasgow,9269-2,14,{score},2026-09-01T08:03:00-05:00
